COMP,REGIAO,UF,CO_IBGE,MUNICIPIO,CNES,NOME_ESTABELECIMENTO,RAZAO_SOCIAL,TP_GESTAO,CO_TIPO_UNIDADE,DS_TIPO_UNIDADE,NATUREZA_JURIDICA,DESC_NATUREZA_JURIDICA,NO_LOGRADOURO,NU_ENDERECO,NO_COMPLEMENTO,NO_BAIRRO,CO_CEP,NU_TELEFONE,NO_EMAIL,LEITOS_EXISTENTES,LEITOS_SUS,UTI_TOTAL_EXIST,UTI_TOTAL_SUS,UTI_ADULTO_EXIST,UTI_ADULTO_SUS,UTI_PEDIATRICO_EXIST,UTI_PEDIATRICO_SUS,UTI_NEONATAL_EXIST,UTI_NEONATAL_SUS,UTI_QUEIMADO_EXIST,UTI_QUEIMADO_SUS,UTI_CORONARIANA_EXIST,UTI_CORONARIANA_SUS
202601,SUDESTE,RJ,330330,NITEROI,12505,HOSPITAL UNIVERSITARIO ANTONIO PEDRO,EMPRESA BRASILEIRA DE SERVICOS HOSPITALARES,M,5,HOSPITAL GERAL,2011,HOSPITAL_PRIVADO,RUA MARQUES DO PARANA,303,,CENTRO,24033900,(21) 26299114,uac.huap@ebserh.gov.br,240,211,34,34,16,16,0,0,8,8,0,0,10,10
202601,SUDESTE,RJ,330330,NITEROI,12513,HOSPITAL MUNICIPAL CARLOS TORTELLY,FUNDACAO MUNICIPAL DE SAUDE,M,5,HOSPITAL GERAL,1155,HOSPITAL_PÚBLICO,ATHAYDE PARREIRAS,266,,NITEROI,24070090,(21) 2729-9342,,126,126,0,0,0,0,0,0,0,0,0,0,0,0
202601,SUDESTE,RJ,330330,NITEROI,12521,SES RJ HOSPITAL ESTADUAL AZEVEDO LIMA,SECRETARIA DE ESTADO DE SAUDE SES,E,5,HOSPITAL GERAL,1023,HOSPITAL_PÚBLICO,DR TEIXEIRA DE FREITAS,30,,FONSECA,24355090,2126271448,faturamento@fs.rj.gov.br,248,228,45,30,35,30,0,0,10,0,0,0,0,0
202601,SUDESTE,RJ,330330,NITEROI,12548,HOSPITAL DA POLICIA MILITAR DE NITEROI,HOSPITAL DA POLICIA MILITAR DE NITEROI,M,5,HOSPITAL GERAL,1023,HOSPITAL_PÚBLICO,RUA MARTINS TORRES,245,,SANTA ROSA,24240705,(21)2715-4765,subdirtec?_hpmnit@pmerj.rj.gov.br,27,0,0,0,0,0,0,0,0,0,0,0,0,0
202601,SUDESTE,RJ,330330,NITEROI,12556,HOSPITAL ORENCIO DE FREITAS,FUNDACAO MUNICIPAL DE SAUDE DE NITEROI,M,5,HOSPITAL GERAL,1155,HOSPITAL_PÚBLICO,MACHADO,S/N,,BARRETO,24111000,021 26203434,direcaohof@gmail.com,73,67,6,0,6,0,0,0,0,0,0,0,0,0
202601,SUDESTE,RJ,330330,NITEROI,12599,HOSPITAL GETULIO VARGAS FILHO,FUNDACAO MUNICIPAL DE SAUDE,M,7,HOSPITAL ESPECIALIZADO,1155,HOSPITAL_PÚBLICO,TEIXEIRA DE FREITAS,S/N,,FONSECA,24130616,,,81,79,17,17,0,0,10,10,7,7,0,0,0,0
202601,SUDESTE,RJ,330330,NITEROI,12610,HOSPITAL DE OLHOS SANTA BEATRIZ,HOSPITAL OFTALMOLOGICO SANTA BEATRIZ LTDA,M,7,HOSPITAL ESPECIALIZADO,2062,HOSPITAL_PRIVADO,ALAMEDA SAO BOAVENTURA,586,,FONSECA,24120191,(21)26268000,diretoria@hosb.com.br,44,20,0,0,0,0,0,0,0,0,0,0,0,0
202601,SUDESTE,RJ,330330,NITEROI,12718,HOSPITAL PSIQUIATRICO DE JURUJUBA,FUNDACAO MUNICIPAL DE SAUDE DE NITEROI,M,7,HOSPITAL ESPECIALIZADO,1155,HOSPITAL_PÚBLICO,AV SILVIO PICANCO,S/N,,CHARITAS,24370005,(21)26107678,hospitalpsiquiatricodejurujuba@saude.niteroi.rj.gov.br,45,45,0,0,0,0,0,0,0,0,0,0,0,0
202601,SUDESTE,RJ,330330,NITEROI,12769,SES RJ INSTITUTO ESTADUAL DE DOENCAS DO TORAX ARY PARREIRAS,SECRETARIA DE ESTADO DE SAUDE DO RIO DE JANEIRO,E,7,HOSPITAL ESPECIALIZADO,1023,HOSPITAL_PÚBLICO,RUA DR LUIZ PALMIER,762,,BARRETO,24110310,(21)27290008,dg@ietap.fs.rj.gov.br,81,32,10,0,10,0,0,0,0,0,0,0,0,0
202601,SUDESTE,RJ,330330,NITEROI,12823,SEAP RJ HOSPITAL DE CUST E TRAT PSIQUIATRICO HENRIQUE ROXO,SECRETARIA DE ESTADO DE ADMINISTRACAO PENITENCIARIA,E,7,HOSPITAL ESPECIALIZADO,1023,HOSPITAL_PÚBLICO,RUA PROFESSOR HEITOR CARRILHO,S/N,,CENTRO,24030230,,seaphr@gmail.com,155,155,0,0,0,0,0,0,0,0,0,0,0,0
202601,SUDESTE,RJ,330630,VOLTA REDONDA,25135,HOSPITAL MUNICIPAL SAO JOAO BATISTA,SERVICO AUTONOMO HOSPITALAR,M,5,HOSPITAL GERAL,1120,HOSPITAL_PÚBLICO,RUA NOSSA SENHORA DAS GRACAS,235,,SAO GERALDO,27253610,2433424144,sah@hsjb.org.br,171,155,19,9,9,9,0,0,10,0,0,0,0,0
202601,SUDESTE,RJ,330630,VOLTA REDONDA,25143,HOSPITAL MUNICIPAL DR MUNIR RAFFUL,HOSPITAL MUNICIPAL DR MUNIR RAFFUL,M,5,HOSPITAL GERAL,1031,HOSPITAL_PÚBLICO,AV JARAGUA,1020,,RETIRO,27277130,2433399393,hmr@epdvr.com.br,183,179,10,6,10,6,0,0,0,0,0,0,0,0
202601,SUDESTE,RJ,330630,VOLTA REDONDA,25186,H FOA ECOSSISTEMA EM SAUDE E EDUCACAO ESCOLA MEDICA,FUNDACAO OSWALDO ARANHA,M,5,HOSPITAL GERAL,3069,HOSPITAL_FILANTRÓPICO,DR MIGUEL COUTO,70,,JARDIM AMALIA,27251260,24 33408371,direcao.executiva@hfoa.org.br,74,34,38,5,8,5,14,0,16,0,0,0,0,0
202601,SUDESTE,RJ,330630,VOLTA REDONDA,26050,HOSPITAL SANTA CECILIA,INSTITUTO DO CANCER DO CEARA,M,5,HOSPITAL GERAL,3999,HOSPITAL_FILANTRÓPICO,41 C,160,,VILA SANTA CECILIA,27255430,24 33443262,contabilidade@icc.org.br,125,18,30,6,20,6,5,0,5,0,0,0,0,0
202601,SUDESTE,RJ,330455,RIO DE JANEIRO,32247,HOSP CASA EVANGELICO HOSP GERAL ADM E GESTAO HOSP,HOSP CASA EVANGELICO HOSP GERAL ADM E GESTAO HOSP,M,5,HOSPITAL GERAL,2062,HOSPITAL_PRIVADO,RUA BOM PASTOR,295,CASA 1 PARTE CASA 1,TIJUCA,20521060,,,134,0,63,0,48,0,5,0,10,0,0,0,0,0
202601,SUDESTE,RJ,330045,BELFORD ROXO,52825,SOPHIA MEDIC SERVICOS MEDICOS E CIRURGICOS LTDA,SOPHIA MEDIC SERVICOS MEDICOS E CIRURGICOS LTDA,M,7,HOSPITAL ESPECIALIZADO,2062,HOSPITAL_PRIVADO,BENJAMIM PINTO DIAS,1677,SALA PARTE HOSPITAL,CENTRO,26130001,21 41231376,MEDIC.SOPHIA@GMAIL.COM,50,50,0,0,0,0,0,0,0,0,0,0,0,0
202601,SUDESTE,RJ,330330,NITEROI,55859,PROCEM CENTRO DE ESPECIALIDADES MEDICAS,C R P T ASSISTENCIA MEDICA E HOSPITALAR LTDA,M,7,HOSPITAL ESPECIALIZADO,2062,HOSPITAL_PRIVADO,TIRADENTES,12,E 18 PARTE,INGA,24210510,21 26210826,financeiro@clinicaprocem.com.br,60,0,24,0,0,0,4,0,20,0,0,0,0,0
202601,SUDESTE,RJ,330455,RIO DE JANEIRO,89338,HOSPITAL DOUTOR MARCOS MORAES,HOSPITAL DE ONCOLOGIA DO MEIER S A,M,5,HOSPITAL GERAL,2054,HOSPITAL_PRIVADO,ARISTIDES CAIRE,00027,,MEIER,20775090,21 30316762,TRIBUTARIO.GESTAO@ONCOCLINICAS.COM,86,0,10,0,10,0,0,0,0,0,0,0,0,0
202601,SUDESTE,RJ,330250,MAGE,103616,UNIDADE 24 HORAS DE SANTO ALEIXO,MUNICIPIO DE MAGE,M,20,PRONTO SOCORRO GERAL,1244,HOSPITAL_PÚBLICO,AVENIDA OTHON LINCH BEZERRA DE MELLO,329,ANT PRED CENTRO ADM,SANTO ALEIXO,25912206,,,14,14,0,0,0,0,0,0,0,0,0,0,0,0
202601,SUDESTE,RJ,330330,NITEROI,105317,HOSPITAL MUNICIPAL OCEANICO DR GILSON CANTARINO HMOGC,FUNDACAO MUNICIPAL DE SAUDE DE NITEROI,M,5,HOSPITAL GERAL,1155,HOSPITAL_PÚBLICO,DOUTOR RAUL DE OLIVEIRA RODRIGUES,382,,PIRATININGA,24350630,21 31803948,CONTABILIDADESAUDEDENITEROI@GMAIL.COM,78,78,10,10,10,10,0,0,0,0,0,0,0,0
202601,SUDESTE,RJ,330490,SAO GONCALO,113115,HOSPITAL MUNICIPAL RETAGUARDA GONCALENSE,SECRETARIA MUNICIPAL DE SAUDE DE SAO GONCALO,M,5,HOSPITAL GERAL,1244,HOSPITAL_PÚBLICO,RUA JOAO DE SOUZA,410,,CENTRO,24445370,,,86,59,27,0,27,0,0,0,0,0,0,0,0,0
202601,SUDESTE,RJ,330490,SAO GONCALO,113891,HOSPITAL DO CANCER E DO CORACAO HCCOR,SECRETARIA MUNICIPAL DE SAUDE DE SAO GONCALO,M,7,HOSPITAL ESPECIALIZADO,1244,HOSPITAL_PÚBLICO,ESTRADA DE PACHECO,216,A,LAGOINHA,24440400,,,47,47,10,10,10,10,0,0,0,0,0,0,0,0
202601,SUDESTE,RJ,330190,ITABORAI,131237,HOSPITAL MUNICIPAL SAO JUDAS TADEU,PREFEITURA MUNICIPAL DE ITABORAI,M,5,HOSPITAL GERAL,1244,HOSPITAL_PÚBLICO,AV 22 DE MAIO,S/N,,OUTEIRO DAS PEDRAS,24812222,21 2645-4508,gabinete.saude@itaborai.rj.gov.br,30,30,0,0,0,0,0,0,0,0,0,0,0,0
202601,SUDESTE,RJ,330170,DUQUE DE CAXIAS,155055,MATERNIDADE SANTA CRUZ DA SERRA,MUNICIPIO DE DUQUE DE CAXIAS,M,7,HOSPITAL ESPECIALIZADO,1244,HOSPITAL_PÚBLICO,AV AUTOMOVEL CLUBE,275,,SANTA CRUZ DA SERRA,25272405,,rh.maternidade.stserra@gmail.com,105,105,0,0,0,0,0,0,0,0,0,0,0,0
202601,SUDESTE,RJ,330414,QUEIMADOS,182974,HOSPITAL E MATERNIDADE MUNICIPAL DE QUEIMADOS,MUNICIPIO DE QUEIMADOS,M,7,HOSPITAL ESPECIALIZADO,1244,HOSPITAL_PÚBLICO,RUA DEUSINHO DE FREITAS,13,,CENTRO,26325290,26657800,,32,32,0,0,0,0,0,0,0,0,0,0,0,0
202601,SUDESTE,RJ,330360,PARACAMBI,219436,MATERNIDADE LAURINDO JOSE FERREIRA,MUNICIPIO DE PARACAMBI,M,7,HOSPITAL ESPECIALIZADO,1244,HOSPITAL_PÚBLICO,AVENIDA JONAS LEAL,17,,LAGES,26600000,,,15,15,0,0,0,0,0,0,0,0,0,0,0,0
202601,SUDESTE,RJ,330020,ARARUAMA,221015,HOSPITAL MUNICIPAL DR JAQUELINE PRATES CNPJ 31 135 0460001 4,HOSPITAL MUNICIPAL DRA JAQUELINE PRATES,M,5,HOSPITAL GERAL,1031,HOSPITAL_PÚBLICO,MAJOR FELIX MOREIRA,267,,CENTRO,28979102,22 97402349,sesau01@gmail.com,70,70,0,0,0,0,0,0,0,0,0,0,0,0
202601,SUDESTE,RJ,330350,NOVA IGUACU,679550,SES RJ HOSPITAL ESTADUAL DR RICARDO CRUZ,SECRETARIA DE ESTADO DE SAUDE SES,E,5,HOSPITAL GERAL,1023,HOSPITAL_PÚBLICO,AVENIDA GOVERNADOR ROBERTO SILVEIRA,1385,,CENTRO,26285060,26586670,hospitalestadualdrricardocruz@gmail.com,300,160,140,0,100,0,40,0,0,0,0,0,0,0
202601,SUDESTE,RJ,330455,RIO DE JANEIRO,697524,HOSPITAL DE AERONAUTICA DOS AFONSOS,HOSPITAL DE AERONAUTICA DOS AFONSOS,M,5,HOSPITAL GERAL,1015,HOSPITAL_PÚBLICO,AVENIDA MARECHAL FONTENELLE,1628,CAMPO DOS AFONSOS,CAMPO DOS AFONSOS,21740002,32896800,secdir.haaf@fab.mil.br,81,0,7,0,7,0,0,0,0,0,0,0,0,0
202601,SUDESTE,RJ,330510,SAO JOAO DE MERITI,726095,HOSPITAL MATERNIDADE SAO JOAO DE MERITI,MUNICIPIO DE SAO JOAO DE MERITI,M,7,HOSPITAL ESPECIALIZADO,1244,HOSPITAL_PÚBLICO,RUA VIRGILIO DE AZAMBUJA MONTEIRO,13,,CENTRO,25520410,,hospitalmaternidade.sjm@gmail.com,68,48,12,0,0,0,0,0,12,0,0,0,0,0
202601,SUDESTE,RJ,330455,RIO DE JANEIRO,759384,QUALITY CARE,QUALITY CARE SOLUCOES MEDICAS INTEGRADAS LTDA,M,5,HOSPITAL GERAL,2062,HOSPITAL_PRIVADO,RUA MENA BARRETO,165,,BOTAFOGO,22271100,2130903400,contratos@qualitylifehc.com.br,32,0,0,0,0,0,0,0,0,0,0,0,0,0
202601,SUDESTE,RJ,330200,ITAGUAI,767190,HOSPITAL COSTA VERDE,UNIMED COSTA VERDE RJ,M,5,HOSPITAL GERAL,2143,HOSPITAL_PRIVADO,HAROLDO RODRIGUES JESUS,160,QUADRA3 LOTE 36,MONTE SERRAT,23810840,21 26881739,CONTABILIDADE@COSTAVERDE.UNIMED.COM.BR,34,0,4,0,4,0,0,0,0,0,0,0,0,0
202601,SUDESTE,RJ,330350,NOVA IGUACU,807842,MATERNIDADE NEOMATER,HOSPITAL E MATERNIDADE NEOMATER LTDA,M,7,HOSPITAL ESPECIALIZADO,2062,HOSPITAL_PRIVADO,OTAVIO ASCOLI,328,,CENTRO,26215160,02128823050,diretoria@maternidadeneomater.com.br,124,0,67,0,9,0,0,0,58,0,0,0,0,0
202601,SUDESTE,RJ,330030,BARRA DO PIRAI,850160,UPA 24 HORAS BARRA DO PIRAI,FUNDO MUNICIPAL DE SAUDE DE BARRA DO PIRAI,M,20,PRONTO SOCORRO GERAL,1244,HOSPITAL_PÚBLICO,RUA FRANKLIN DE MORAES,67,,CENTRO,27140000,,contasmedicas.sms@barradopirai.rj.gov.br,5,5,0,0,0,0,0,0,0,0,0,0,0,0
202601,SUDESTE,RJ,330070,CABO FRIO,919373,HOSPITAL UNIVERSITARIO REITOR HESIO CORDEIRO HURHC,UNIVERSIDADE DO ESTADO DO RIO DE JANEIRO,E,5,HOSPITAL GERAL,1147,HOSPITAL_PÚBLICO,RUA ARIZIO GOMES DA COSTA,186,,JARDIM FLAMBOYANT,28905320,22 26401250,FRANCISCO.BARBOSA.NETO@UERJ.BR,28,20,8,0,8,0,0,0,0,0,0,0,0,0
202601,SUDESTE,RJ,330070,CABO FRIO,928143,CLINICA VISION,CLINICA VISION LTDA,M,7,HOSPITAL ESPECIALIZADO,2062,HOSPITAL_PRIVADO,RAUL VEIGA,153,LOJA 01,CENTRO,28907090,32 32154727,GERENCIA@RICARDOMARTIN.COM.BR,2,2,0,0,0,0,0,0,0,0,0,0,0,0
202601,SUDESTE,RJ,330170,DUQUE DE CAXIAS,978213,HOSPITAL MUNICIPAL INFANTIL PADRE GUILHERME,MUNICIPIO DE DUQUE DE CAXIAS,M,5,HOSPITAL GERAL,1244,HOSPITAL_PÚBLICO,RUA EVARISTO DE MORAIS,S/N,,VILA BERNADETE,25272560,,cnes.hmpg@gmail.com,31,31,0,0,0,0,0,0,0,0,0,0,0,0
202601,SUDESTE,RJ,330270,MARICA,2266733,HOSPITAL MUNICIPAL CONDE MODESTO LEAL,MUNICIPIO DE MARICA,M,5,HOSPITAL GERAL,1120,HOSPITAL_PÚBLICO,RUA DOMICIO DA GAMA,433,,CENTRO,24900815,(21)26371713,superintendenciadesaudemarica@gmail.com,105,101,0,0,0,0,0,0,0,0,0,0,0,0
202601,SUDESTE,RJ,330400,PIRAI,2267187,HOSPITAL FLAVIO LEAL,CASA DE CARIDADE DE PIRAI,M,5,HOSPITAL GERAL,3999,HOSPITAL_FILANTRÓPICO,RUA ROBERTO SILVEIRA,50,,CENTRO,27175000,(24) 35115600,hospitalpirai@bol.com.br,64,50,10,7,10,7,0,0,0,0,0,0,0,0
202601,SUDESTE,RJ,330415,QUISSAMA,2267209,HOSPITAL MUNICIPAL MARIANA MARIA DE JESUS,SECRETARIA MUNICIPAL DE SAUDE DE QUISSAMA,M,5,HOSPITAL GERAL,1031,HOSPITAL_PÚBLICO,AV AMILCAR PEREIRA DA SILVA,138,,MATO DE PIPA,28737000,2227689100,hospital@quissama.rj.gov.br,73,73,6,6,6,6,0,0,0,0,0,0,0,0
202601,SUDESTE,RJ,330015,APERIBE,2267454,HOSPITAL MUNICIPAL AUGUSTINHO GESUALD BLANC,MUNICIPIO DE APERIBE,M,5,HOSPITAL GERAL,1244,HOSPITAL_PÚBLICO,RUA ANTONIO JOSE MOREIRA,359,,SAO VICENTE DE PAULA,28495000,2238641710,saude.aperibe@bol.com.br,35,35,0,0,0,0,0,0,0,0,0,0,0,0
202601,SUDESTE,RJ,330110,CANTAGALO,2267713,HOSPITAL DE CANTAGALO,SANTA CASA DE CARIDADE DE CANTAGALO,M,5,HOSPITAL GERAL,3999,HOSPITAL_FILANTRÓPICO,MIGUEL SANTOS,S/N,,PRIMEIRO,28500000,,,98,81,15,10,15,10,0,0,0,0,0,0,0,0
202601,SUDESTE,RJ,330025,ARRAIAL DO CABO,2267802,HOSPITAL GERAL DE ARRAIAL DO CABO,SECRETARIA MUNICIPAL DE SAUDE DE ARRAIAL DO CABO,M,5,HOSPITAL GERAL,1031,HOSPITAL_PÚBLICO,AV GETULIO VARGAS,S/N,,CANAA,28930000,(22)26222107,fatura_saude@yahoo.com.br,84,75,9,0,9,0,0,0,0,0,0,0,0,0
202601,SUDESTE,RJ,330160,DUAS BARRAS,2267810,HOSPITAL MUNICIPAL DR ANTONIO CARLOS DA SILVA MONNERAT,SECRETARIA MUNICIPAL DE SAUDE DE DUAS BARRAS,M,5,HOSPITAL GERAL,1244,HOSPITAL_PÚBLICO,AV GETULIO VARGAS,199,,CENTRO,28650000,2225341177,,30,30,0,0,0,0,0,0,0,0,0,0,0,0
202601,SUDESTE,RJ,330570,SUMIDOURO,2268051,HOSPITAL MUNICIPAL DR JOAO PEREIRA MARTINS,SMS SUMIDOURO,M,5,HOSPITAL GERAL,1244,HOSPITAL_PÚBLICO,RUA CARLOS ALBERTO P MOURA JUNIOR,02,,N SRA DE FATIMA,28637000,(24)25311164,,25,25,0,0,0,0,0,0,0,0,0,0,0,0
202601,SUDESTE,RJ,330450,RIO DAS FLORES,2268329,HOSPITAL GERAL DR LUIZ PINTO,MUNICIPIO DE RIO DAS FLORES,M,5,HOSPITAL GERAL,1244,HOSPITAL_PÚBLICO,RUA MARCELINO DO VALLE,13,,INGLESES,27660322,(24)24581300,faturamentorf@gmail.com,27,26,0,0,0,0,0,0,0,0,0,0,0,0
202601,SUDESTE,RJ,330190,ITABORAI,2268922,HOSPITAL MUNICIPAL DESEMBARGADOR LEAL JUNIOR HMDLJ,PREFEITURA MUNICIPAL DE ITABORAI,M,5,HOSPITAL GERAL,1244,HOSPITAL_PÚBLICO,ESTRADA PREFEITO ALVARO DE CARVALHO JUNIOR,S/N,,NANCILANDIA,24801064,(21)26458070,hmdlj@itaborai.rj.gov.br,139,139,0,0,0,0,0,0,0,0,0,0,0,0
202601,SUDESTE,RJ,330455,RIO DE JANEIRO,2269341,SMS HOSPITAL MUNICIPAL JESUS AP 22,SMS RIO HOSPITAL MUNICIPAL JESUS AP 22,M,7,HOSPITAL ESPECIALIZADO,1031,HOSPITAL_PÚBLICO,OITO DE DEZEMBRO,717,,VILA ISABEL,20550200,,hmjesus.smsrio@gmail.com,95,95,8,8,0,0,8,8,0,0,0,0,0,0
202601,SUDESTE,RJ,330455,RIO DE JANEIRO,2269384,HOSPITAL FEDERAL DO ANDARAI,MS HOSPITAL DO ANDARAI,M,5,HOSPITAL GERAL,1015,HOSPITAL_PÚBLICO,RUA GASTAO PENALVA,119,,ANDARAI,20540220,(21) 25757000,,282,240,44,4,38,0,2,0,0,0,4,4,0,0
202601,SUDESTE,RJ,330455,RIO DE JANEIRO,2269392,POLICLINICA PIQUET CARNEIRO,UERJ POLICLINICA PIQUET CARNEIRO,E,5,HOSPITAL GERAL,1147,HOSPITAL_PÚBLICO,AV MARECHAL RONDOM,381,,SAO FRANCISCO XAVIER,20950003,2125667000,servccp@ppc.uerj.br,8,8,0,0,0,0,0,0,0,0,0,0,0,0
202601,SUDESTE,RJ,330455,RIO DE JANEIRO,2269406,CLINICA DA GAVEA,CLINICA DA GAVEA S A,M,7,HOSPITAL ESPECIALIZADO,2054,HOSPITAL_PRIVADO,ESTRADA DA GAVEA,151,,GAVEA,22451262,21 2274-7022,clinicadagavea@clinicadagavea.com.br,300,0,0,0,0,0,0,0,0,0,0,0,0,0
202601,SUDESTE,RJ,330455,RIO DE JANEIRO,2269430,INSTITUTO DE PSIQUIATRIA DA UFRJ IPUB,INSTITUTO DE PSIQUIATRIA DA UFRJ IPUB,M,7,HOSPITAL ESPECIALIZADO,1104,HOSPITAL_PÚBLICO,AVENIDA VENCESLAU BRAS,71,FUNDOS,BOTAFOGO,22290140,(21)39380500,gabdiretor@ipub.ufrj.br,167,167,0,0,0,0,0,0,0,0,0,0,0,0
202601,SUDESTE,RJ,330455,RIO DE JANEIRO,2269481,SMS HOSPITAL MUNICIPAL DA PIEDADE AP 32,SMS RIO HOSPITAL MUNICIPAL DA PIEDADE AP 32,M,5,HOSPITAL GERAL,1031,HOSPITAL_PÚBLICO,RUA DA CAPELA,96,,PIEDADE,20740310,(21)31116540,hmpiedade@rio.rj.gov.br,132,122,10,0,10,0,0,0,0,0,0,0,0,0
202601,SUDESTE,RJ,330455,RIO DE JANEIRO,2269678,SES RJ IECAC INST EST DE CARDIOLOGIA ALOYSIO DE CASTRO,FUNDACAO SAUDE DO ESTADO DO RIO DE JANEIRO,E,7,HOSPITAL ESPECIALIZADO,1260,HOSPITAL_PÚBLICO,RUA DAVID CAMPISTA,326,,HUMAITA,22261010,23321570,faturamento@iecac.fundacaosaude.rj.gov.br,112,97,33,18,26,18,7,0,0,0,0,0,0,0
202601,SUDESTE,RJ,330455,RIO DE JANEIRO,2269724,SMS HOSPITAL MUNICIPAL NOSSA SENHORA DO LORETO AP 31,SMS RIO HOSPITAL MUNICIPAL NOSSA SENHORA DO LORETO AP 31,M,7,HOSPITAL ESPECIALIZADO,1031,HOSPITAL_PÚBLICO,RUA TAIFEIRO OSMAR DE MORAES,26,,GALEAO,21941455,(21)33931983/0610,hmnsloreto@gmail.com,36,36,0,0,0,0,0,0,0,0,0,0,0,0
202601,SUDESTE,RJ,330455,RIO DE JANEIRO,2269775,MS HOSPITAL DE IPANEMA,MS HOSPITAL DE IPANEMA,M,5,HOSPITAL GERAL,1015,HOSPITAL_PÚBLICO,RUA ANTONIO PARREIRAS,67,,IPANEMA,22411020,(21)31112318,hospitaldeipanema@hgi.rj.saude.gov.br,133,123,10,0,10,0,0,0,0,0,0,0,0,0
202601,SUDESTE,RJ,330455,RIO DE JANEIRO,2269783,UERJ HOSPITAL UNIV PEDRO ERNESTO,UERJ HUPE HOSPITAL UNIVERSITARIO PEDRO ERNESTO,E,5,HOSPITAL GERAL,1147,HOSPITAL_PÚBLICO,BOULEVARD 28 DE SETEMBRO,77,,VILA ISABEL,20551900,(21)2868-8000,faturamento.hupe@uerj.br,521,518,102,102,71,71,6,6,25,25,0,0,0,0
202601,SUDESTE,RJ,330455,RIO DE JANEIRO,2269821,MS INCA II HOSPITAL DO CANCER II,MS INCA II HOSPITAL DO CANCER II,M,7,HOSPITAL ESPECIALIZADO,1015,HOSPITAL_PÚBLICO,RUA DO EQUADOR,831,,SANTO CRISTO,20220410,(21)3207-2804,faturamento.hc2@inca.gov.br,83,77,6,0,6,0,0,0,0,0,0,0,0,0
202601,SUDESTE,RJ,330455,RIO DE JANEIRO,2269880,HOSPITAL GERAL DE BONSUCESSO RJ,GRUPO HOSPITALAR CONCEICAO SA,M,5,HOSPITAL GERAL,2011,HOSPITAL_PRIVADO,LONDRES,616,,BONSUCESSO,21041000,(21) 3977-9500,planejamento_hgb@hfb.saude.gov.br,373,334,54,37,17,17,11,8,12,12,0,0,14,0
202601,SUDESTE,RJ,330455,RIO DE JANEIRO,2269899,HOSPITAL MARIO KROEFF,FUNDACAO EDUCACIONAL SEVERINO SOMBRA,E,7,HOSPITAL ESPECIALIZADO,3069,HOSPITAL_FILANTRÓPICO,RUA MAGE,326,,PENHA CIRCULAR,21020130,(21) 21369657,faturamento@mariokroeff.org.br,83,73,10,0,10,0,0,0,0,0,0,0,0,0
202601,SUDESTE,RJ,330455,RIO DE JANEIRO,2269945,SMS MATERNIDADE ALEXANDER FLEMING AP 33,SMS RIO MATERNIDADE ALEXANDER FLEMING AP 33,M,7,HOSPITAL ESPECIALIZADO,1031,HOSPITAL_PÚBLICO,RUA JORGE SCHMIDT,331,,MARECHAL HERMES,21610645,24583343,direcaohmaf2021@gmail.com,90,90,10,10,0,0,0,0,10,10,0,0,0,0
202601,SUDESTE,RJ,330455,RIO DE JANEIRO,2269988,MS HSE HOSPITAL DOS SERVIDORES DO ESTADO,MINISTERIO DA SAUDE,M,5,HOSPITAL GERAL,1015,HOSPITAL_PÚBLICO,SACADURA CABRAL,178,2 ANDAR,CENTRO,20221160,,,394,377,43,26,27,10,8,8,8,8,0,0,0,0
202601,SUDESTE,RJ,330455,RIO DE JANEIRO,2269996,SMS IMAS JULIANO MOREIRA AP 40,SMS RIO IMAS JULIANO MOREIRA AP 40,M,7,HOSPITAL ESPECIALIZADO,1031,HOSPITAL_PÚBLICO,ESTRADA RODRIGUES CALDAS,3400,,JACAREPAGUA,22713375,(21)3432-2358,imasjulianomoreira.nig@gmail.com,1,1,0,0,0,0,0,0,0,0,0,0,0,0
202601,SUDESTE,RJ,330455,RIO DE JANEIRO,2270021,MATERNIDADE ESCOLA DA UFRJ,UFRJ MATERNIDADE ESCOLA,M,7,HOSPITAL ESPECIALIZADO,1104,HOSPITAL_PÚBLICO,RUA DAS LARANJEIRAS,180,,LARANJEIRAS,22240003,(21)22059064,matesc@me.ufrj.br,57,57,16,16,0,0,0,0,16,16,0,0,0,0
202601,SUDESTE,RJ,330455,RIO DE JANEIRO,2270056,SMS MATERNIDADE PAULINO WERNECK AP 31,SMS RIO HOSPITAL MATERNIDADE PAULINO WERNECK AP 31,M,7,HOSPITAL ESPECIALIZADO,1031,HOSPITAL_PÚBLICO,ESTRADA DA CACUIA,745,,ILHA DO GOVERNADOR,21921001,(21)3512-9805,diretoria.hmpw@cejam.org.br,32,24,2,0,0,0,0,0,2,0,0,0,0,0
202601,SUDESTE,RJ,330455,RIO DE JANEIRO,2270161,SEAP CGSP RJ HOSPITAL DR HAMILTON AGOSTINHO VIEIRA CASTRO,SECRETARIA DE ESTADO DE ADMINISTRACAO PENITENCIARIA,E,20,PRONTO SOCORRO GERAL,1023,HOSPITAL_PÚBLICO,GEN EMILIO MOUREL FILHO,1100,,BANGU,21854010,,,64,64,0,0,0,0,0,0,0,0,0,0,0,0
202601,SUDESTE,RJ,330455,RIO DE JANEIRO,2270188,SEAP RJ CENTRO TRAT EM DEPENDENCIA QUIMICA ROBERTO MEDEIROS,SECRETARIA DE ESTADO DE ADMINISTRACAO PENITENCIARIA,E,7,HOSPITAL ESPECIALIZADO,1023,HOSPITAL_PÚBLICO,GEN EMILIO MOUREL FILHO,1100,,BANGU,21854010,,seaprm@seap.rj.gov.br,145,145,0,0,0,0,0,0,0,0,0,0,0,0
202601,SUDESTE,RJ,330455,RIO DE JANEIRO,2270196,SEAP CGSP RJ SANATORIO PENAL,SECRETARIA DE ESTADO DE ADMINISTRACAO PENITENCIARIA,E,5,HOSPITAL GERAL,1023,HOSPITAL_PÚBLICO,GUANDU DO SENA,1902,,BANGU,21810011,23324826,sanatoriopenal@gmail.com,112,109,0,0,0,0,0,0,0,0,0,0,0,0
202601,SUDESTE,RJ,330455,RIO DE JANEIRO,2270234,SES RJ HOSPITAL ESTADUAL GETULIO VARGAS,SECRETARIA DE ESTADO DE SAUDE SES,E,5,HOSPITAL GERAL,1023,HOSPITAL_PÚBLICO,LOBO JUNIOR,2293,,PENHA,21020124,,,282,255,64,37,56,37,8,0,0,0,0,0,0,0
202601,SUDESTE,RJ,330455,RIO DE JANEIRO,2270242,SMS HOSPITAL MUNICIPAL BARATA RIBEIRO AP 10,SMS RIO HOSPITAL MUNICIPAL BARATA RIBEIRO AP 10,M,7,HOSPITAL ESPECIALIZADO,1031,HOSPITAL_PÚBLICO,RUA VISCONDE DE NITEROI,1450,,MANGUEIRA,20943001,2122841812,hmbribeiro@rio.rj.gov.br,132,132,0,0,0,0,0,0,0,0,0,0,0,0
202601,SUDESTE,RJ,330455,RIO DE JANEIRO,2270269,SMS HOSPITAL MUNICIPAL MIGUEL COUTO AP 21,SMS RIO HOSPITAL MUNICIPAL MIGUEL COUTO AP 21,M,5,HOSPITAL GERAL,1031,HOSPITAL_PÚBLICO,MARIO RIBEIRO,117,,GAVEA,22430160,21 3111-3711,hmmcdrh@gmail.com,342,342,44,44,35,35,5,5,4,4,0,0,0,0
202601,SUDESTE,RJ,330455,RIO DE JANEIRO,2270390,SMS MATERNIDADE HERCULANO PINHEIRO AP 33,SMS RIO MATERNIDADE HERCULANO PINHEIRO AP 33,M,7,HOSPITAL ESPECIALIZADO,1031,HOSPITAL_PÚBLICO,AV MIN EDGARD ROMERO,276,,MADUREIRA,21360200,(21)2088-6124,maternidadeherculanopinheiro@gmail.com,62,53,4,4,0,0,0,0,4,4,0,0,0,0
202601,SUDESTE,RJ,330455,RIO DE JANEIRO,2270609,SMS HOSPITAL MUNICIPAL LOURENCO JORGE AP 40,SMS RIO HOSPITAL MUNICIPAL LOURENCO JORGE AP 40,M,5,HOSPITAL GERAL,1031,HOSPITAL_PÚBLICO,AV AYRTON SENNA,2000,,BARRA DA TIJUCA,22793000,21 3111-4612,hmljorge@rio.rj.gov.br,255,255,23,23,13,13,0,0,10,10,0,0,0,0
202601,SUDESTE,RJ,330455,RIO DE JANEIRO,2270617,INSTITUTO ESTADUAL DE DERMATOLOGIA SANITARIA,SECRETARIA DE ESTADO DE SAUDE SES,E,5,HOSPITAL GERAL,1023,HOSPITAL_PÚBLICO,RUA GODOFREDO VIANA,64,,TANQUE JACAREPAGUA,22730020,021 2333-6676,IEDS@SAUDE.RJ.GOV.BR,63,63,0,0,0,0,0,0,0,0,0,0,0,0
202601,SUDESTE,RJ,330455,RIO DE JANEIRO,2270668,UFRJ HOSP ESCOLA SAO FRANCISCO DE ASSIS,UNIVERSIDADE FEDERAL DO RIO DE JANEIRO,M,5,HOSPITAL GERAL,1104,HOSPITAL_PÚBLICO,PRESIDENTE VARGAS,2863,,CIDADE NOVA,20210030,,eduardoalexander12@hesfa.ufrj.br,1,0,0,0,0,0,0,0,0,0,0,0,0,0
202601,SUDESTE,RJ,330455,RIO DE JANEIRO,2270692,CBMERJ HOSP ARISTARCHO PESSOA HOSP DO CORPO DE BOMBEIROS,HOSPITAL DO CORPO DE BOMBEIROS DO ESTADO DO RJ,M,5,HOSPITAL GERAL,1023,HOSPITAL_PÚBLICO,PAULO DE FRONTIN,876,,RIO COMPRIDO,20261243,21994510951,hcapdivisaomedica@gmail.com,89,0,4,0,0,0,0,0,4,0,0,0,0,0
202601,SUDESTE,RJ,330455,RIO DE JANEIRO,2270714,SMS MATERNIDADE FERNANDO MAGALHAES AP 10,SMS MATERNIDADE FERNANDO MAGALHAES AP 10,M,7,HOSPITAL ESPECIALIZADO,1031,HOSPITAL_PÚBLICO,GENERAL JOSE CRISTINO,87,,SAO CRISTOVAO,20921400,21 - 38781498,hmatfernandomagalhaes@gmail.com,158,150,26,18,8,0,0,0,18,18,0,0,0,0
202601,SUDESTE,RJ,330455,RIO DE JANEIRO,2270803,SES RJ I INST EST DIABET ENDOCRINOLOGIA IEDE,SECRETARIA DE ESTADO DE SAUDE SES,E,7,HOSPITAL ESPECIALIZADO,1023,HOSPITAL_PÚBLICO,RUA MONCORVO FILHO,90,,CENTRO,20211340,(21) 233271.54,diretor.iede@saude.rj.gov.br,23,23,0,0,0,0,0,0,0,0,0,0,0,0
202601,SUDESTE,RJ,330395,PINHEIRAL,2271141,HOSPITAL MUNICIPAL DE PINHEIRAL AURELINO GONCALVES BARBOSA,MUNICIPIO DE PINHEIRAL,M,5,HOSPITAL GERAL,1244,HOSPITAL_PÚBLICO,RUA FRANCISCO RIBEIRO DE ABREU,60,,CENTRO,27198360,(24) 3356 3490/3188,smspinheiral2017@outlook.com.br,43,43,0,0,0,0,0,0,0,0,0,0,0,0
202601,SUDESTE,RJ,330455,RIO DE JANEIRO,2271443,CASA DE SAUDE SAO JOSE,ASSOCIACAO CONGREGACAO DE SANTA CATARINA,M,5,HOSPITAL GERAL,3999,HOSPITAL_FILANTRÓPICO,RUA MACEDO SOBRINHO,21,,HUMAITA,22271080,21-25387600,monica.valente@redesc.org.br,217,0,50,0,30,0,0,0,10,0,0,0,10,0
202601,SUDESTE,RJ,330455,RIO DE JANEIRO,2271451,HOSPITAL BALBINO,HOSPITAL DR BALBINO LTDA,M,5,HOSPITAL GERAL,2062,HOSPITAL_PRIVADO,RUA ANGELICA MOTA,58,66 76 90 114,OLARIA,21021490,(21) 39772000,mcarneiro@hospitalbalbino.com.br,140,0,30,0,30,0,0,0,0,0,0,0,0,0
202601,SUDESTE,RJ,330340,NOVA FRIBURGO,2271826,HOSPITAL MATERNIDADE DOUTOR MARIO DUTRA DE CASTRO,MUNICIPIO DE NOVA FRIBURGO,M,7,HOSPITAL ESPECIALIZADO,1244,HOSPITAL_PÚBLICO,TRAVESSA ANTONIO FERNANDES MOREIRA,12,,CENTRO,28610410,22 2522-9245,hospitalmaternidadenf@hotmail.com,51,45,0,0,0,0,0,0,0,0,0,0,0,0
202601,SUDESTE,RJ,330410,PORCIUNCULA,2272210,UNIDADE DE ATENDIMENTO DR ANTONIO MONTEIRO,PREFEITURA MUNICIPAL DE PORCIUNCULA,M,5,HOSPITAL GERAL,1244,HOSPITAL_PÚBLICO,RUA SCHUWARTZ VIEIRA,154,,CENTRO,28390000,2238421172,saude@porciuncula.rj.gov.br,28,27,0,0,0,0,0,0,0,0,0,0,0,0
202601,SUDESTE,RJ,330120,CARMO,2272601,HOSPITAL NOSSA SENHORA DO CARMO,HOSPITAL NOSSA SENHORA DO CARMO,M,5,HOSPITAL GERAL,3999,HOSPITAL_FILANTRÓPICO,ALEXANDRE DE MELO,89,,CENTRO,28640000,2225371395,administracao@hospitalcarmo.com.br,41,39,0,0,0,0,0,0,0,0,0,0,0,0
202601,SUDESTE,RJ,330340,NOVA FRIBURGO,2272695,HOSPITAL SAO LUCAS,CASA DE SAUDE SAO LUCAS SA,M,5,HOSPITAL GERAL,2054,HOSPITAL_PRIVADO,AVENIDA ANTONIO MARIO DE AZEVEDO,715,,DUAS PEDRAS,28630310,22 25239955,admin@saolucasfriburgo.com.br,77,24,16,6,16,6,0,0,0,0,0,0,0,0
202601,SUDESTE,RJ,330340,NOVA FRIBURGO,2272784,HOSPITAL MUNICIPAL RAUL SERTA,MUNICIPIO DE NOVA FRIBURGO,M,5,HOSPITAL GERAL,1244,HOSPITAL_PÚBLICO,RUA GENERAL OSORIO,324,,CENTRO,28625630,22 2524-2300,hmrs@gigalink.com.br,287,280,29,22,29,22,0,0,0,0,0,0,0,0
202601,SUDESTE,RJ,330412,QUATIS,2273101,HOSPITAL SAO LUCAS,ASSOC DE PROT E ASSIST E MATERN E A INFANCIA DE QUATIS,M,5,HOSPITAL GERAL,3999,HOSPITAL_FILANTRÓPICO,AVENIDA AVELINO BASTISTA SOARES,297,,CENTRO,27410180,2433532823,,34,34,0,0,0,0,0,0,0,0,0,0,0,0
202601,SUDESTE,RJ,330455,RIO DE JANEIRO,2273187,SMS HOSPITAL MUNICIPAL ALVARO RAMOS AP 40,SMS RIO HOSPITAL MUNICIPAL ALVARO RAMOS AP 40,M,7,HOSPITAL ESPECIALIZADO,1031,HOSPITAL_PÚBLICO,RUA ADAUTO BOTELHO,0,,JACAREPAGUA,22713550,(21)33920008,hmaramos@rio.rj.gov.br,50,50,0,0,0,0,0,0,0,0,0,0,0,0
202601,SUDESTE,RJ,330455,RIO DE JANEIRO,2273209,SES RJ HOSPITAL ESTADUAL SANTA MARIA,SECRETARIA DE ESTADO DE SAUDE DO RIO DE JANEIRO,E,7,HOSPITAL ESPECIALIZADO,1023,HOSPITAL_PÚBLICO,ESTRADA DO RIO PEQUENO,656,TAQUARA,JACAREPAGUA,22723195,(21) 23336548,direcaogeral.hesm@gmail.com,73,73,0,0,0,0,0,0,0,0,0,0,0,0
202601,SUDESTE,RJ,330455,RIO DE JANEIRO,2273276,MS INST NACIONAL DE TRAUMATO ORTOPEDIA,MS INST NACIONAL DE TRAUMATO ORTOPEDIA,M,7,HOSPITAL ESPECIALIZADO,1015,HOSPITAL_PÚBLICO,AVENIDA BRASIL,500,,SAO CRISTOVAO,20940070,(21)21345482,into@into.saude.gov.br,321,320,10,9,10,9,0,0,0,0,0,0,0,0
202601,SUDESTE,RJ,330455,RIO DE JANEIRO,2273349,SMS HOSPITAL MUNICIPAL RAPHAEL DE PAULA SOUZA AP 40,SMS RIO HOSPITAL MUNICIPAL RAPHAEL DE PAUL A SOUZA AP 40,M,5,HOSPITAL GERAL,1031,HOSPITAL_PÚBLICO,ESTRADA DE CURICICA,2000,CURICICA,JACAREPAGUA,22740000,2134136433,smsdirecaogeralhmrps@gmail.com,84,69,0,0,0,0,0,0,0,0,0,0,0,0
202601,SUDESTE,RJ,330455,RIO DE JANEIRO,2273357,HOSPITAL ADVENTISTA SILVESTRE,INSTITUICAO ADVENTISTA ESTE BRAS DE PREV E ASS A SAUDE,E,5,HOSPITAL GERAL,3999,HOSPITAL_FILANTRÓPICO,DOS GUARARAPES,263,,COSME VELHO,22241220,2130343000,crc.has@hasilvestre.org.br,45,11,20,5,20,5,0,0,0,0,0,0,0,0
202601,SUDESTE,RJ,330455,RIO DE JANEIRO,2273365,SES RJ INSTITUTO ESTADUAL DE INFECTOLOGIA SAO SEBASTIAO,SECRETARIA DE ESTADO DE SAUDE DO RIO DE JANEIRO,E,5,HOSPITAL GERAL,1023,HOSPITAL_PÚBLICO,RUA SACADURA CABRAL,178,ANEXO IV 4 ANDAR,SAUDE,20221161,2332-7165,diretoriaieiss@gmail.com,25,9,16,0,16,0,0,0,0,0,0,0,0,0
202601,SUDESTE,RJ,330455,RIO DE JANEIRO,2273381,SMS HOSPITAL MUNICIPAL JURANDYR MANFREDINI AP 40,SMS RIO HOSPITAL MUNICIPAL JURANDYR MANFREDINI AP 40,M,7,HOSPITAL ESPECIALIZADO,1031,HOSPITAL_PÚBLICO,RUA SAMPAIO CORREIA,S/N,,JACAREPAGUA,22713560,(21) 3432-2246,hmjmanfredini@pcrj.rj.gov.br,1,1,0,0,0,0,0,0,0,0,0,0,0,0
202601,SUDESTE,RJ,330455,RIO DE JANEIRO,2273411,SES RJ HOSPITAL ESTADUAL CARLOS CHAGAS,SECRETARIA DE ESTADO DE SAUDE DO RIO DE JANEIRO,E,5,HOSPITAL GERAL,1023,HOSPITAL_PÚBLICO,AVENIDA GENERAL OSVALDO CORDEIRO DE FARIAS,466,,MARECHAL HERMES,21610480,(21)23321127,hecc.adm@gmail.com,196,190,36,30,36,30,0,0,0,0,0,0,0,0
202601,SUDESTE,RJ,330455,RIO DE JANEIRO,2273438,HOSPITAL CENTRAL DA POLICIA MILITAR DO ESTADO DO RIO DE JANE,HOSPITAL CENTRAL DA POLICIA MILITAR DO ESTADO DO RIO DE JANE,M,5,HOSPITAL GERAL,1023,HOSPITAL_PÚBLICO,ESTACIO DE SA,20,,ESTACIO,20211270,,,175,0,5,0,0,0,0,0,5,0,0,0,0,0
202601,SUDESTE,RJ,330455,RIO DE JANEIRO,2273454,MS INCA HOSPITAL DO CANCER I,MS INCA HC I HOSPITAL DO CANCER I,M,7,HOSPITAL ESPECIALIZADO,1015,HOSPITAL_PÚBLICO,PRACA CRUZ VERMELHA,23,,CENTRO,20230130,(21)32071000,cnes.hc1@inca.gov.br,210,210,16,16,10,10,6,6,0,0,0,0,0,0
202601,SUDESTE,RJ,330455,RIO DE JANEIRO,2273462,MS INCA HOSPITAL DO CANCER III,MS INCA HCIII HOSPITAL DE CANCER III,M,7,HOSPITAL ESPECIALIZADO,1015,HOSPITAL_PÚBLICO,RUA VISCONDE DE SANTA ISABEL,274,,VILA ISABEL,20560120,(21)32073912,direcao.hc3@inca.gov.br,52,52,0,0,0,0,0,0,0,0,0,0,0,0
202601,SUDESTE,RJ,330455,RIO DE JANEIRO,2273489,SMS HOSPITAL MUNICIPAL ROCHA MAIA AP 21,SMS RIO HOSPITAL MUNICIPAL ROCHA MAIA AP 21,M,5,HOSPITAL GERAL,1031,HOSPITAL_PÚBLICO,GENERAL SEVERIANO,91,,BOTAFOGO,22290040,21-22952295,hospitalmunicipalrochamaia@gmail.com,27,27,0,0,0,0,0,0,0,0,0,0,0,0
202601,SUDESTE,RJ,330455,RIO DE JANEIRO,2273497,FUNDACAO BELA LOPES DE OLIVEIRA,FUNDACAO BELA LOPES DE OLIVEIRA,M,5,HOSPITAL GERAL,3069,HOSPITAL_FILANTRÓPICO,RUA BARAO DE LUCENA,95,,BOTAFOGO,22260020,3216-8000,assuntos.regulatorios@hospitalcasa.com.br,70,0,28,0,28,0,0,0,0,0,0,0,0,0
202601,SUDESTE,RJ,330455,RIO DE JANEIRO,2273519,HOSPITAL EVANGELICO,ASSOCIACAO DO HOSPITAL EVANGELICO DO RIO,M,5,HOSPITAL GERAL,3999,HOSPITAL_FILANTRÓPICO,RUA BOM PASTOR,295,,TIJUCA,20521060,2121592300,assuntos.regulatorios@hospitalcasa.com.br,130,0,58,0,48,0,0,0,10,0,0,0,0,0
202601,SUDESTE,RJ,330455,RIO DE JANEIRO,2273659,MS HOSPITAL FEDERAL DA LAGOA,MS HOSPITAL FEDERAL DA LAGOA,M,5,HOSPITAL GERAL,1015,HOSPITAL_PÚBLICO,RUA JARDIM BOTANICO,501,,JARDIM BOTANICO,22470050,31115108,dirhgl@nerj.rj.saude.gov.br,248,245,28,25,18,18,10,7,0,0,0,0,0,0
202601,SUDESTE,RJ,330620,VASSOURAS,2273748,HUV HOSPITAL UNIVERSITARIO DE VASSOURAS,FUNDACAO EDUCACIONAL SEVERINO SOMBRA,M,5,HOSPITAL GERAL,3069,HOSPITAL_FILANTRÓPICO,VICENTE CELESTINO,201,,MADRUGA,27700000,24 24718200,ger.contabilidade@uss.br,319,305,54,40,44,30,0,0,10,10,0,0,0,0
202601,SUDESTE,RJ,330620,VASSOURAS,2273756,HOSPITAL EUFRASIA TEIXEIRA LEITE,IRMANDADE DE SANTA CASA DE MISERICORDIA DA C VASSOURAS,M,5,HOSPITAL GERAL,3999,HOSPITAL_FILANTRÓPICO,PRC PROVEDOR FELIX MACHADO,110,,MADRUGA,27700000,2424718922,santacasa.vass@uol.com.br,127,87,10,5,10,5,0,0,0,0,0,0,0,0
202601,SUDESTE,RJ,330560,SILVA JARDIM,2274108,POLICLINICA MUNICIPAL AGUINALDO MORAES,MUNICIPIO DE SILVA JARDIM,M,5,HOSPITAL GERAL,1244,HOSPITAL_PÚBLICO,OITO DE MAIO,534,,CENTRO,28820000,,,40,40,0,0,0,0,0,0,0,0,0,0,0,0
202601,SUDESTE,RJ,330550,SAQUAREMA,2274299,HOSPITAL MUNICIPAL PORPHIRIO NUNES DE AZEREDO,SECRETARIA MUNICIPAL DE SAUDE DE SAQUAREMA,M,5,HOSPITAL GERAL,1244,HOSPITAL_PÚBLICO,RUA ADOLFO BRAVO,S/N,,BACAXA,28994699,(22)26533123,,77,71,6,0,6,0,0,0,0,0,0,0,0,0
202601,SUDESTE,RJ,330540,SAPUCAIA,2274310,HOSPITAL MUNICIPAL DE SAPUCAIA,MUNICIPIO DE SAPUCAIA,M,5,HOSPITAL GERAL,1244,HOSPITAL_PÚBLICO,RUA CORONEL MARCONDES,S/N,,CENTRO,25880000,24 2040-7501,,18,18,0,0,0,0,0,0,0,0,0,0,0,0
202601,SUDESTE,RJ,330510,SAO JOAO DE MERITI,2274558,CASA DE SAUDE E MATERNIDADE MENINO JESUS,CASA DE SAUDE E MATERNIDADE SAO FRANCISCO DE PAULA LTDA,M,5,HOSPITAL GERAL,2062,HOSPITAL_PRIVADO,RUA DOS EXPEDICIONARIOS,148,,CENTRO,25520591,(21)2756-1552,CNESBR@GMAIL.COM,79,0,0,0,0,0,0,0,0,0,0,0,0,0
202601,SUDESTE,RJ,330470,SANTO ANTONIO DE PADUA,2275228,CASA DE SAUDE SANTA MONICA,CASA DE SAUDE E MATERNIDADE SANTA MONICA LTDA,M,5,HOSPITAL GERAL,2062,HOSPITAL_PRIVADO,RUA PREF ALBERTO VAZ,72,,CENTRO,28470000,2238549150,financeirosantamonica.padua@gmail.com,55,1,4,0,4,0,0,0,0,0,0,0,0,0
202601,SUDESTE,RJ,330470,SANTO ANTONIO DE PADUA,2275244,CASA DE SAUDE PIO XII,CASA DE SAUDE PIO XII LTDA,M,5,HOSPITAL GERAL,2062,HOSPITAL_PRIVADO,AV DR THEMISTOCLES DE ALMEIDA,411,,CENTRO,28470000,2238510155,pioxii@paduaonline.com.br,46,1,4,0,4,0,0,0,0,0,0,0,0,0
202601,SUDESTE,RJ,330390,PETROPOLIS,2275562,HOSPITAL ALCIDES CARNEIRO,MUNICIPIO DE PETROPOLIS,M,5,HOSPITAL GERAL,1244,HOSPITAL_PÚBLICO,RUA VIGARIO CORREA,1345,,CORREAS,25720320,2236-6600,direcaotecnica@alcidescarneiro.com,280,264,33,20,20,10,3,0,10,10,0,0,0,0
202601,SUDESTE,RJ,330390,PETROPOLIS,2275589,HOSPITAL MUNICIPAL DR NELSON DE SA EARP,MUNICIPIO DE PETROPOLIS,M,5,HOSPITAL GERAL,1244,HOSPITAL_PÚBLICO,RUA PAULINO AFONSO,455,,CENTRO,25680000,(24)22374062,ssahmnse03@petropolis.rj.gov.br,80,72,0,0,0,0,0,0,0,0,0,0,0,0
202601,SUDESTE,RJ,330390,PETROPOLIS,2275619,HOSPITAL CLINICO DE CORREAS H C C,HOSPITAL CLINICO DE CORREAS LTDA,M,5,HOSPITAL GERAL,2062,HOSPITAL_PRIVADO,ESTRADA UNIAO E INDUSTRIA,2501,,CORREAS,25720062,(24)22212011,sanacorr@compuland.com.br,195,195,10,10,10,10,0,0,0,0,0,0,0,0
202601,SUDESTE,RJ,330390,PETROPOLIS,2275627,CLINICA VISTA ALEGRE,SANATORIO OSWALDO CRUZ LTDA,M,5,HOSPITAL GERAL,2062,HOSPITAL_PRIVADO,RUA RODOLPHO FIGUEIRA DE MELLO,06,,CORREAS,25720340,(24)2221-9404,admsochospital@gmail.com,420,143,0,0,0,0,0,0,0,0,0,0,0,0
202601,SUDESTE,RJ,330390,PETROPOLIS,2275635,HOSPITAL SANTA TERESA,ASSOCIACAO CONGREGACAO DE SANTA CATARINA,M,5,HOSPITAL GERAL,3999,HOSPITAL_FILANTRÓPICO,RUA PAULINO AFONSO,477,,CENTRO,25680003,2422334600,cnes@redesc.org.br,162,64,47,23,37,23,3,0,7,0,0,0,0,0
202601,SUDESTE,RJ,330370,PARAIBA DO SUL,2276186,HOSPITAL NOSSA SENHORA DA PIEDADE,IRMANDADE NOSSA SENHORA DA PIEDADE,M,5,HOSPITAL GERAL,3999,HOSPITAL_FILANTRÓPICO,AV PROVEDOR RANDOLFO PENNA JUNIOR,320,,CENTRO,25850000,(24)22631166,,59,55,0,0,0,0,0,0,0,0,0,0,0,0
202601,SUDESTE,RJ,330310,NATIVIDADE,2276267,HOSPITAL NATIVIDADE,CAIXA DOS POBRES DE NATIVIDADE,M,5,HOSPITAL GERAL,3999,HOSPITAL_FILANTRÓPICO,AV MAURO ALVES RIBEIRO JUNIOR,1044,,BALNEARIO,28380000,2238419900,HNADM@HOTMAIL.COM,40,31,0,0,0,0,0,0,0,0,0,0,0,0
202601,SUDESTE,RJ,330180,ENGENHEIRO PAULO DE FRONTIN,2277174,HOSPITAL NELSON SALLES,IRMANDADE DOS POBRES DE ENGENHEIRO PAULO DE FRONTIN,M,5,HOSPITAL GERAL,3999,HOSPITAL_FILANTRÓPICO,ARLINDO NUNES,28,,CENTRO,26650000,0244 631359,,45,45,0,0,0,0,0,0,0,0,0,0,0,0
202601,SUDESTE,RJ,330455,RIO DE JANEIRO,2277301,SMS CMS MANOEL ARTHUR VILLABOIM AP 10,SMS RIO CMS MANOEL ARTHUR VILLABOIM AP 10,M,15,UNIDADE MISTA,1031,HOSPITAL_PÚBLICO,PRACA BOM JESUS,40,,PAQUETA,20397140,02133970123,uismavillaboim.cap10@gmail.com,8,8,0,0,0,0,0,0,0,0,0,0,0,0
202601,SUDESTE,RJ,330170,DUQUE DE CAXIAS,2277581,POSTO MEDICO SANITARIO DE XEREM,MUNICIPIO DE DUQUE DE CAXIAS,M,20,PRONTO SOCORRO GERAL,1244,HOSPITAL_PÚBLICO,AV NOBREGA RIBEIRO,S/N,,VILA NOSSA SENHORA D,25250050,2136538372,,24,24,0,0,0,0,0,0,0,0,0,0,0,0
202601,SUDESTE,RJ,330170,DUQUE DE CAXIAS,2277611,POSTO MEDICO SANITARIO DE IMBARIE,MUNICIPIO DE DUQUE DE CAXIAS,M,20,PRONTO SOCORRO GERAL,1244,HOSPITAL_PÚBLICO,RUA SANTA CATARINA,S/N,,IMBARIE,25271010,2126780014,imbarie.uph@gmail.com,9,9,0,0,0,0,0,0,0,0,0,0,0,0
202601,SUDESTE,RJ,330170,DUQUE DE CAXIAS,2277662,POSTO MEDICO SANITARIO DE CAMPOS ELISEOS,MUNICIPIO DE DUQUE DE CAXIAS,M,20,PRONTO SOCORRO GERAL,1244,HOSPITAL_PÚBLICO,RUA AQUITURA,333,,CAMPOS ELISEOS,25225210,2127763633,uphce.camposelisios.rh@gmail.com,10,10,0,0,0,0,0,0,0,0,0,0,0,0
202601,SUDESTE,RJ,330170,DUQUE DE CAXIAS,2277700,CRAIS SARACURUNA,MUNICIPIO DE DUQUE DE CAXIAS,M,20,PRONTO SOCORRO GERAL,1244,HOSPITAL_PÚBLICO,AV PRESIDENTE ROOSEVELT,S/N,,SARACURUNA,25215450,2126505250,,20,20,0,0,0,0,0,0,0,0,0,0,0,0
202601,SUDESTE,RJ,330170,DUQUE DE CAXIAS,2277719,POSTO MEDICO SANITARIO PARQUE EQUITATIVA,MUNICIPIO DE DUQUE DE CAXIAS,M,20,PRONTO SOCORRO GERAL,1244,HOSPITAL_PÚBLICO,AV AUTOMOVEL CLUBE,S/N,,PQ EQUITATIVA,25260000,2126791607,,15,15,0,0,0,0,0,0,0,0,0,0,0,0
202601,SUDESTE,RJ,330170,DUQUE DE CAXIAS,2277743,POSTO MEDICO SANITARIO DO PILAR,MUNICIPIO DE DUQUE DE CAXIAS,M,20,PRONTO SOCORRO GERAL,1244,HOSPITAL_PÚBLICO,RUA CARLOS ALVEAR,S/N,,PILAR,25235000,2127763180,,22,22,0,0,0,0,0,0,0,0,0,0,0,0
202601,SUDESTE,RJ,330170,DUQUE DE CAXIAS,2277751,HOSPITAL INFANTIL ISMELIA SILVEIRA,MUNICIPIO DE DUQUE DE CAXIAS,M,7,HOSPITAL ESPECIALIZADO,1244,HOSPITAL_PÚBLICO,RUA DA REPUBLICA,S/N,,CENTRO,25011090,(31)27712808,,62,55,7,0,0,0,7,0,0,0,0,0,0,0
202601,SUDESTE,RJ,330070,CABO FRIO,2278138,HOSPITAL MUNICIPAL OTIME CARDOSO DOS SANTOS,SECRETARIA MUNICIPAL DE SAUDE DE CABO FRIO,M,5,HOSPITAL GERAL,1031,HOSPITAL_PÚBLICO,EST VELHA DE BUZIOS,S/N,,JD ESPERANCA,28922270,(24)26299257,,60,60,0,0,0,0,0,0,0,0,0,0,0,0
202601,SUDESTE,RJ,330070,CABO FRIO,2278170,HOSPITAL SANTA HELENA,HOSPITAL SANTA HELENA,M,5,HOSPITAL GERAL,3999,HOSPITAL_FILANTRÓPICO,PRACA TIRADENTES,143,,CENTRO,28906290,(22)3199-1010,,71,0,9,0,9,0,0,0,0,0,0,0,0,0
202601,SUDESTE,RJ,330070,CABO FRIO,2278286,HOSPITAL SANTA IZABEL,IRMANDADE DE SANTA IZABEL DE CABO FRIO,M,5,HOSPITAL GERAL,3999,HOSPITAL_FILANTRÓPICO,BARAO DO RIO BRANCO,72,,PRIMEIRO,28906170,,,70,45,5,5,5,5,0,0,0,0,0,0,0,0
202601,SUDESTE,RJ,330250,MAGE,2278324,HOSPITAL MATERNO INFANTIL DE PIABETA VEREADOR HUGO BRAGA,MUNICIPIO DE MAGE,M,7,HOSPITAL ESPECIALIZADO,1244,HOSPITAL_PÚBLICO,AVENIDA SANTOS DUMONT,285,,PIABETA INHOMIRIM,25931758,(21)2739-1289,,57,57,0,0,0,0,0,0,0,0,0,0,0,0
202601,SUDESTE,RJ,330250,MAGE,2278332,HOSPITAL MUNICIPAL DE MAGE,MUNICIPIO DE MAGE,M,5,HOSPITAL GERAL,1244,HOSPITAL_PÚBLICO,RUA PIO XII,81,,FIGUEIRA,25903587,(21)26332358,,76,62,9,0,9,0,0,0,0,0,0,0,0,0
202601,SUDESTE,RJ,330250,MAGE,2278677,HOSPITAL MUNICIPAL DE FRAGOSO GENARINO COZZOLINO,MUNICIPIO DE MAGE,M,20,PRONTO SOCORRO GERAL,1244,HOSPITAL_PÚBLICO,AV AUTOMOVEL CLUB,S/N,KM 60,FRAGOSO,25935510,(21)26593236,,10,10,0,0,0,0,0,0,0,0,0,0,0,0
202601,SUDESTE,RJ,330250,MAGE,2278731,HOSPITAL DE MAUA DR MARIO PINHEIRO,MUNICIPIO DE MAGE,M,20,PRONTO SOCORRO GERAL,1244,HOSPITAL_PÚBLICO,ESTRADA REAL DE MAUA,S/N,,PRAIA DA ESPERANCA,25926586,(21)6150025,,10,10,0,0,0,0,0,0,0,0,0,0,0,0
202601,SUDESTE,RJ,330220,ITAPERUNA,2278855,HOSPITAL SAO JOSE DO AVAI,CONFERENCIA SAO JOSE DO AVAI,M,5,HOSPITAL GERAL,3999,HOSPITAL_FILANTRÓPICO,RUA CORONEL LUIZ FERRAZ,397,,CENTRO,28300000,(22)38249200,hsja@hsja.com.br,310,202,102,69,78,57,8,4,16,8,0,0,0,0
202601,SUDESTE,RJ,330220,ITAPERUNA,2278901,CLINICA SAO CAMILO DE LELIS LTDA,CLINICA SAO CAMILO DE LELIS LTDA,M,5,HOSPITAL GERAL,2062,HOSPITAL_PRIVADO,AVENIDA CARDOSO MOREIRA,897,,CENTRO,28300000,(22)38267020,csaocamilo@uol.com.br,8,0,8,0,8,0,0,0,0,0,0,0,0,0
202601,SUDESTE,RJ,330360,PARACAMBI,2279355,HOSPITAL MUNICIPAL DR ADALBERTO DA GRACA,MUNICIPIO DE PARACAMBI,M,5,HOSPITAL GERAL,1244,HOSPITAL_PÚBLICO,AV JONAS LEAL,17,,LAGES,26600000,(21)26832128,,42,42,0,0,0,0,0,0,0,0,0,0,0,0
202601,SUDESTE,RJ,330360,PARACAMBI,2279525,CASA DE SAUDE PARACAMBI,CASA DE SAUDE NOSSA SENHORA APARECIDA DE PARACAMBI LTDA,M,5,HOSPITAL GERAL,2062,HOSPITAL_PRIVADO,RUA DOUTOR NILO PECANHA,540,PREDIO,CENTRO,26600000,(21)26839200,csparacambi@ig.com.br,20,2,0,0,0,0,0,0,0,0,0,0,0,0
202601,SUDESTE,RJ,330040,BARRA MANSA,2280051,SANTA CASA DE MISERICORDIA DE BARRA MANSA,SANTA CASA DE MISERICORDIA DE BARRA MANSA,M,5,HOSPITAL GERAL,3999,HOSPITAL_FILANTRÓPICO,RUA PINTO RIBEIRO,205,,CENTRO,27310420,(24)33235282,,240,163,35,18,18,18,7,0,10,0,0,0,0,0
202601,SUDESTE,RJ,330455,RIO DE JANEIRO,2280132,MS INC INSTITUTO NACIONAL DE CARDIOLOGIA,MS INC INSTITUTO NACIONAL DE CARDIOLOGIA,M,7,HOSPITAL ESPECIALIZADO,1015,HOSPITAL_PÚBLICO,RUA DAS LARANJEIRAS,374,2 ANDAR,LARANJEIRAS,22240006,(21)30372152,,162,121,61,20,35,10,10,0,5,3,0,0,11,7
202601,SUDESTE,RJ,330455,RIO DE JANEIRO,2280167,HOSPITAL UNIVERSITARIO CLEMENTINO FRAGA FILHO,HOSPITAL UNIVERSITARIO CLEMENTINO FRAGA FILHO,M,5,HOSPITAL GERAL,1104,HOSPITAL_PÚBLICO,RUA PROFESSOR RODOLPHO PAULO ROCCO,255,CIDADE UNIVERSITARIA,ILHA DO FUNDAO,21941590,(21)39382789,diretor@hucff.ufrj.br,315,310,40,35,40,35,0,0,0,0,0,0,0,0
202601,SUDESTE,RJ,330455,RIO DE JANEIRO,2280183,SMS HOSPITAL MUNICIPAL SOUZA AGUIAR AP 10,SMS RIO HOSPITAL MUNICIPAL SOUZA AGUIAR AP 10,M,5,HOSPITAL GERAL,1031,HOSPITAL_PÚBLICO,PRACA DA REPUBLICA,111,,CENTRO,20211350,,,324,312,39,27,33,21,0,0,0,0,6,6,0,0
202601,SUDESTE,RJ,330455,RIO DE JANEIRO,2280248,SMS MATERNIDADE CARMELA DUTRA AP 32,SMS RIO MATERNIDADE CARMELA DUTRA AP 32,M,7,HOSPITAL ESPECIALIZADO,1031,HOSPITAL_PÚBLICO,RUA AQUIDABA,1037,,LINS DE VASCONCELOS,20720292,(21) 31116766,hmatcdutra@rio.rj.gov.br,120,120,14,14,0,0,0,0,14,14,0,0,0,0
202601,SUDESTE,RJ,330130,CASIMIRO DE ABREU,2280396,HOSPITAL MUNICIPAL ANGELA MARIA SIMOES MENEZES,HOSPITAL MUNICIPAL ANGELA MARIA SIMOES MENEZES,M,5,HOSPITAL GERAL,1244,HOSPITAL_PÚBLICO,RUA PASTOR LUIZ LAURENTINO,1292,,SANTA ELY,28860000,2227784440,faturamento.hmca@gmail.com,60,55,5,0,5,0,0,0,0,0,0,0,0,0
202601,SUDESTE,RJ,330520,SAO PEDRO DA ALDEIA,2280477,HOSPITAL E MATERNIDADE DA ALDEIA,MISSAO DE SAO PEDRO,M,5,HOSPITAL GERAL,3999,HOSPITAL_FILANTRÓPICO,AVENIDA GETULIO VARGAS,290,CASA,CENTRO,28941122,22 2621 1063,missaodesaopedro@ig.com.br,49,33,0,0,0,0,0,0,0,0,0,0,0,0
202601,SUDESTE,RJ,330520,SAO PEDRO DA ALDEIA,2280582,HOSPITAL MUNICIPAL DR JOSE SEVE NETO,SECRETARIA MUNICIPAL DE SAUDE DE SAO PEDRO DA ALDEIA,M,5,HOSPITAL GERAL,1031,HOSPITAL_PÚBLICO,RUA EPAMINONDAS PEREIRA NUNES,01,,NOVA SAO PEDRO,28941140,22 2621 2623,faturamento.psmjsn@iagp.org.br,29,29,0,0,0,0,0,0,0,0,0,0,0,0
202601,SUDESTE,RJ,330455,RIO DE JANEIRO,2280728,SMS INSTITUTO NISE DA SILVEIRA AP 32,SMS RIO INSTITUTO MUNICIPAL NISE DA SILVEIRA AP 32,M,7,HOSPITAL ESPECIALIZADO,1031,HOSPITAL_PÚBLICO,RAMIRO MAGALHAES,521,,ENGENHO DE DENTRO,20730460,21 31117426,imnisedasilveira@gmail.com,4,4,0,0,0,0,0,0,0,0,0,0,0,0
202601,SUDESTE,RJ,330010,ANGRA DOS REIS,2280868,HOSPITAL MATERNIDADE DE ANGRA DOS REIS HMAR,HOSPITAL MATERNIDADE DE ANGRA DOS REIS HMAR,M,5,HOSPITAL GERAL,1031,HOSPITAL_PÚBLICO,RUA DR COUTINHO,84,,CENTRO,23900620,2433654687,DIRECAOMEDICA.HMAR@IDEAISRJ.ORG.BR,77,69,17,9,5,5,0,0,12,4,0,0,0,0
202601,SUDESTE,RJ,330010,ANGRA DOS REIS,2281287,HOSPITAL UNIMED VOLTA REDONDA UNIDADE LITORAL SUL,HOSPITAL LITORAL SUL LTDA,M,5,HOSPITAL GERAL,2062,HOSPITAL_PRIVADO,RUA MILTON BASILIO PEREIRA,367,,PARQUE DAS PALMEIRAS,23906455,24 3364-2614,,24,0,0,0,0,0,0,0,0,0,0,0,0,0
202601,SUDESTE,RJ,330010,ANGRA DOS REIS,2281384,HOSPITAL DE PRAIA BRAVA,FUNDACAO ELETRONUCLEAR DE ASSISTENCIA MEDICA,M,5,HOSPITAL GERAL,3069,HOSPITAL_FILANTRÓPICO,RUA OITO,S/N,,PRAIA BRAVA,23950080,2433621272,feam@feam-etn.org.br,44,27,8,3,8,3,0,0,0,0,0,0,0,0
202601,SUDESTE,RJ,330227,JAPERI,2281554,HMJ HOSPITAL MUNICIPAL DE JAPERI,MUNICIPIO DE JAPERI,M,5,HOSPITAL GERAL,1244,HOSPITAL_PÚBLICO,ESTRADA ARY SCHIAVO,S/N,,SANTA INES,26440115,2126645878,policlinica@gmail.com,34,30,0,0,0,0,0,0,0,0,0,0,0,0
202601,SUDESTE,RJ,330050,BOM JARDIM,2282801,HOSPITAL DR CELSO ERTHAL,SANTA CASA DE BOM JARDIM,M,5,HOSPITAL GERAL,3999,HOSPITAL_FILANTRÓPICO,RUA JOAO FIGUEIRA RODRIGUES,36,,CENTRO,28660000,(22)25662140,,67,62,0,0,0,0,0,0,0,0,0,0,0,0
202601,SUDESTE,RJ,330290,MIGUEL PEREIRA,2283239,HOSPITAL MUNICIPAL LUIZ GONZAGA,SECRETARIA MUNICIPAL DE SAUDE DE MIGUEL PEREIRA,M,5,HOSPITAL GERAL,1244,HOSPITAL_PÚBLICO,RUA ADELAIDE BADENES,400,,CENTRO,26900000,(24)24845049,administracao@miguelpereira.com.br,81,71,10,0,10,0,0,0,0,0,0,0,0,0
202601,SUDESTE,RJ,330480,SAO FIDELIS,2283328,HOSPITAL ARMANDO VIDAL,ASSOCIACAO HOSPITALAR ARMANDO VIDAL,M,5,HOSPITAL GERAL,3999,HOSPITAL_FILANTRÓPICO,PRACA SAO FIDELIS,79,,CENTRO,28400000,(22)27581060,administracao@ahav.com.br,139,128,19,17,19,17,0,0,0,0,0,0,0,0
202601,SUDESTE,RJ,330070,CABO FRIO,2283395,HOSPITAL SAO JOSE OPERARIO,SECRETARIA MUNICIPAL DE SAUDE DE CABO FRIO,M,5,HOSPITAL GERAL,1031,HOSPITAL_PÚBLICO,RUA GOVERNADOR VALADARES,22,,SAO CRISTOVAO,28909010,(22)26452626,,73,73,0,0,0,0,0,0,0,0,0,0,0,0
202601,SUDESTE,RJ,330575,TANGUA,2283735,HOSPITAL MUNICIPAL DERMEVAL GARCIA DE FREITAS,SECRETARIA MUNICIPAL DE SAUDE DE TANGUA,M,5,HOSPITAL GERAL,1244,HOSPITAL_PÚBLICO,RUA PRIMEIRO DE MAIO,35,,CENTRO,24890000,21 27472301,admpoliclinicatangua@gmail.com,14,14,0,0,0,0,0,0,0,0,0,0,0,0
202601,SUDESTE,RJ,330090,CAMBUCI,2283794,HOSPITAL MUNICIPAL MOACYR GOMES DE AZEVEDO,SECRETARIA MUNICIPAL DE SAUDE DE CAMBUCI,M,5,HOSPITAL GERAL,1244,HOSPITAL_PÚBLICO,RUA SETE DE SETEMBRO,06,,CENTRO,28430000,2227675001,,48,39,4,4,4,4,0,0,0,0,0,0,0,0
202601,SUDESTE,RJ,330285,MESQUITA,2283832,HOSPITAL DAS CLINICAS DE JUCELINO,HOSPITAL DAS CLINICAS DE JUSCELINO LTDA,M,5,HOSPITAL GERAL,2062,HOSPITAL_PRIVADO,GERVASIO,6,,CENTRO,26550020,21 37731453,,76,0,0,0,0,0,0,0,0,0,0,0,0,0
202601,SUDESTE,RJ,330200,ITAGUAI,2284634,HOSPITAL MUNICIPAL SAO FRANCISCO XAVIER,MUNICIPIO DE ITAGUAI,M,5,HOSPITAL GERAL,1244,HOSPITAL_PÚBLICO,RUA GENERAL BOCAIUVA,16,,CENTRO,23815310,(21)26887844,sms.saude@itaguai.rj.gov.br,109,109,10,10,10,10,0,0,0,0,0,0,0,0
202601,SUDESTE,RJ,330020,ARARUAMA,2285150,HOSPITAL MUNICIPAL PREFEITO ARMANDO DA SILVA CARVALHO,SECRETARIA MUNICIPAL DE SAUDE DE ARARUAMA,M,5,HOSPITAL GERAL,1031,HOSPITAL_PÚBLICO,RUA DR JOAO FLORENCIO SOBRINHO,S/N,,SAO VICENTE DE PAULO,28988892,(22)26661238,,18,18,0,0,0,0,0,0,0,0,0,0,0,0
202601,SUDESTE,RJ,330300,MIRACEMA,2285932,HOSPITAL DE MIRACEMA,HOSPITAL DE MIRACEMA,M,5,HOSPITAL GERAL,3999,HOSPITAL_FILANTRÓPICO,RUA JOSE MONTEIRO DE BARROS,500,,HOSPITAL,28460000,08003662000,hospitaldemiracema@gmail.com,58,35,10,6,10,6,0,0,0,0,0,0,0,0
202601,SUDESTE,RJ,330022,AREAL,2285975,HOSPITAL MUNICIPAL NOSSA SENHORA DAS DORES,HOSPITAL MUNICIPAL NOSSA SENHORA DAS DORES,M,5,HOSPITAL GERAL,1244,HOSPITAL_PÚBLICO,AV PRES VARGAS,250,,CENTRO,25845000,(24)22579702,hmnsdareal@gmail.com,20,20,0,0,0,0,0,0,0,0,0,0,0,0
202601,SUDESTE,RJ,330500,SAO JOAO DA BARRA,2286289,SANTA CASA DE MISERICORDIA DE SAO JOAO DA BARRA,SANTA CASA DE MISERICORDIA DE SAO JOAO DA BARRA,M,5,HOSPITAL GERAL,3999,HOSPITAL_FILANTRÓPICO,JOAO FRANCISCO DE ALMEIDA,260,,CENTRO,28200000,22 27414600,,59,59,0,0,0,0,0,0,0,0,0,0,0,0
202601,SUDESTE,RJ,330100,CAMPOS DOS GOYTACAZES,2287099,CLINICA DA CRIANCA,FUNDACAO MUNICIPAL DE SAUDE,M,7,HOSPITAL ESPECIALIZADO,1155,HOSPITAL_PÚBLICO,RUA ANDRE LUIS,111,,JD CARIOCA,28080460,,uphguarus@fms.org.br,17,17,0,0,0,0,0,0,0,0,0,0,0,0
202601,SUDESTE,RJ,330100,CAMPOS DOS GOYTACAZES,2287250,SOCIEDADE PORTUGUESA DE BENEFICENCIA DE CAMPOS,SOCIEDADE PORTUGUESA DE BENEFICENCIA DE CAMPOS,M,5,HOSPITAL GERAL,3999,HOSPITAL_FILANTRÓPICO,RUA BARAO DE MIRACEMA,140,,CENTRO,28035302,22 27376250,,253,190,72,58,54,40,0,0,18,18,0,0,0,0
202601,SUDESTE,RJ,330100,CAMPOS DOS GOYTACAZES,2287285,HOSPITAL DR BEDA,INSTITUTO DE MED NUCLEAR E ENDOCRINOLOGIA LTDA,M,5,HOSPITAL GERAL,2062,HOSPITAL_PRIVADO,RUA CONSELHEIRO OTAVIANO,129,,CENTRO,28010140,2227371500,susimne@hotmail.com,134,60,20,9,20,9,0,0,0,0,0,0,0,0
202601,SUDESTE,RJ,330100,CAMPOS DOS GOYTACAZES,2287374,HOSPITAL SAO JOSE,FUNDACAO MUNICIPAL DE SAUDE,M,5,HOSPITAL GERAL,1155,HOSPITAL_PÚBLICO,ESTRADA DO ACUCAR,S/N,,DONANA,28010010,,,45,31,0,0,0,0,0,0,0,0,0,0,0,0
202601,SUDESTE,RJ,330100,CAMPOS DOS GOYTACAZES,2287382,SANTA CASA DE MISERICORDIA DE CAMPOS,SANTA CASA DE MISERICORDIA DE CAMPOS,M,5,HOSPITAL GERAL,3999,HOSPITAL_FILANTRÓPICO,AV PELINCA,115,,PQ TAMANDARE,28035053,27231894,santacasa@viacabo.com.br,330,159,40,35,40,35,0,0,0,0,0,0,0,0
202601,SUDESTE,RJ,330100,CAMPOS DOS GOYTACAZES,2287447,HOSPITAL ESCOLA ALVARO ALVIM,FUNDACAO BENEDITO PEREIRA NUNES,M,5,HOSPITAL GERAL,3069,HOSPITAL_FILANTRÓPICO,BARAO DA LAGOA DOURADA,409,,CENTRO,28035211,22 21012974,FBPN@FBPN-CAMPOS.COM.BR,147,116,30,20,30,20,0,0,0,0,0,0,0,0
202601,SUDESTE,RJ,330100,CAMPOS DOS GOYTACAZES,2287579,HOSPITAL FERREIRA MACHADO,FUNDACAO MUNICIPAL DE SAUDE,M,5,HOSPITAL GERAL,1155,HOSPITAL_PÚBLICO,RUA ROCHA LEAO,02,,CAJU,28051170,(22)27323788,,293,243,47,24,30,16,17,8,0,0,0,0,0,0
202601,SUDESTE,RJ,330030,BARRA DO PIRAI,2287919,CASA DE CARIDADE SANTA RITA,CASA DE CARIDADE SANTA RITA,M,5,HOSPITAL GERAL,3999,HOSPITAL_FILANTRÓPICO,RUA FRANKLIN DE MORAES,67,,CENTRO,27135000,(24)24472750,santa.casa@uol.com.br,107,84,14,7,14,7,0,0,0,0,0,0,0,0
202601,SUDESTE,RJ,330030,BARRA DO PIRAI,2287927,HOSPITAL E MATERNIDADE MARIA DE NAZARE,CENTRO ESPIRITA PAI JOSE CAMBINDA,M,5,HOSPITAL GERAL,3999,HOSPITAL_FILANTRÓPICO,RUA FRUTUOSO GIL GONCALVES,115,,MATADOURO,27115050,(24)2447-2000,cepjc@ig.com.br,79,58,0,0,0,0,0,0,0,0,0,0,0,0
202601,SUDESTE,RJ,330260,MANGARATIBA,2288109,HOSPITAL MUNICIPAL VICTOR DE SOUZA BREVES,SECRETARIA MUNICIPAL DE SAUDE,M,5,HOSPITAL GERAL,1244,HOSPITAL_PÚBLICO,RUA NILO PECANHA,85,,CENTRO,23860000,(21)2789-9035,saude@mangaratiba.rj.gov.br,74,64,0,0,0,0,0,0,0,0,0,0,0,0
202601,SUDESTE,RJ,330225,ITATIAIA,2288230,HOSP MUNICIPAL MATERNIDADE DR MANOEL MARTINS DE BARROS,SECRETARIA MUNICIPAL DE SAUDE DE ITATIAIA,M,5,HOSPITAL GERAL,1244,HOSPITAL_PÚBLICO,AV DOIS,800,,JD ITATIAIA,27580000,(24) 3352-6850/1250,admhospitalmunicipalitatiaia@gmail.com,42,42,0,0,0,0,0,0,0,0,0,0,0,0
202601,SUDESTE,RJ,330455,RIO DE JANEIRO,2288338,INI FIOCRUZ,FUNDACAO OSWALDO CRUZ,M,5,HOSPITAL GERAL,1139,HOSPITAL_PÚBLICO,BRASIL,4365,PAV GASPAR VIANNA,MANGUINHOS,21040360,21 38659595,inpecsus@ini.fiocruz.br,126,126,0,0,0,0,0,0,0,0,0,0,0,0
202601,SUDESTE,RJ,330455,RIO DE JANEIRO,2288362,SMS INSTITUTO MUNICIPAL PHILIPPE PINEL AP 21,SMS RIO INSTITUTO MUNICIPAL PHILIPPE PINEL AP 21,M,7,HOSPITAL ESPECIALIZADO,1031,HOSPITAL_PÚBLICO,AV VENCESLAU BRAS,65,,BOTAFOGO,22290140,(21)22755694,imppinel@smsdc.rio.rj.gov.br,50,50,0,0,0,0,0,0,0,0,0,0,0,0
202601,SUDESTE,RJ,330420,RESENDE,2288885,SANTA CASA DE MISERICORDIA DE RESENDE,SANTA CASA DE MISERICORDIA DE RESENDE,M,5,HOSPITAL GERAL,3999,HOSPITAL_FILANTRÓPICO,PRACA CLEMENTE FERREIRA,39,,LAVAPES,27511020,(24) 3355-1159,diretoriageral@santacasaresende.org.br,79,70,5,5,5,5,0,0,0,0,0,0,0,0
202601,SUDESTE,RJ,330420,RESENDE,2288893,HOSPITAL MUNICIPAL HENRIQUE SERGIO GREGORI,SECRETARIA MUNICIPAL DE SAUDE DE RESENDE,M,5,HOSPITAL GERAL,1244,HOSPITAL_PÚBLICO,AVENIDA MARCILIO DIAS,800,,JARDIM JALISCO,27510080,(24) 3381-2080,direcaohme.resende@gmail.com,76,76,16,16,16,16,0,0,0,0,0,0,0,0
202601,SUDESTE,RJ,330420,RESENDE,2288907,APMIR,ASSOCIACAO DE PROTECAO A MATERNIDADE E A INFANCIA DE RESENDE,M,7,HOSPITAL ESPECIALIZADO,3999,HOSPITAL_FILANTRÓPICO,AVENIDA GUSTAVO JARDIM,314,,CENTRO,27511360,(24) 3355-4821/4013,apmir31@yahoo.com.br,67,46,10,10,0,0,0,0,10,10,0,0,0,0
202601,SUDESTE,RJ,330040,BARRA MANSA,2289377,INTENSIBARRA,CENTRO DE TRATAMENTO INTENSIVO DE BARRA MANSA,M,7,HOSPITAL ESPECIALIZADO,2062,HOSPITAL_PRIVADO,RUA TENENTE JOSE EDUARDO,585,,ANO BOM,27323240,02433239395,,20,0,0,0,0,0,0,0,0,0,0,0,0,0
202601,SUDESTE,RJ,330045,BELFORD ROXO,2289571,HOSPITAL MUNICIPAL DE BELFORD ROXO,SMS BELFORD ROXO,M,5,HOSPITAL GERAL,1244,HOSPITAL_PÚBLICO,AVENIDA RETIRO DA IMPRENSA,1013,,VILA MEDEIROS,26112180,(21)26621660,,65,65,0,0,0,0,0,0,0,0,0,0,0,0
202601,SUDESTE,RJ,330045,BELFORD ROXO,2289709,HOSPITAL DE CLINICAS BELFORD ROXO,CASA DE SAUDE E MATERNIDADE BELFORD ROXO LTDA,M,5,HOSPITAL GERAL,2062,HOSPITAL_PRIVADO,AV BENJAMIM PINTO DIAS,1000,,CENTRO,26130000,26622391,csmbr@ig.com.br,91,0,0,0,0,0,0,0,0,0,0,0,0,0
202601,SUDESTE,RJ,330140,CONCEICAO DE MACABU,2290073,HOSPITAL MUNICIPAL ANA MOREIRA,SECRETARIA MUNICIPAL DE SAUDE DE CONCEICAO DE MACABU,M,5,HOSPITAL GERAL,1244,HOSPITAL_PÚBLICO,RUA ROSENDO FONTES TAVARES,199,PREDIO,BOCAINA,28740000,2227792486,semsa@conceicaodemacabu.rj.gov.br,21,21,0,0,0,0,0,0,0,0,0,0,0,0
202601,SUDESTE,RJ,330170,DUQUE DE CAXIAS,2290227,HOSPITAL MUNICIPAL ADAO PEREIRA NUNES,MUNICIPIO DE DUQUE DE CAXIAS,M,5,HOSPITAL GERAL,1244,HOSPITAL_PÚBLICO,ROD WASHINGTON LUIZ,S/N,BR 040 KM 109,JD PRIMAVERA,25225015,2127775258,direcao.hmapn@duquedecaxias.rj.gov.br,485,403,104,29,63,0,18,17,23,12,0,0,0,0
202601,SUDESTE,RJ,330230,LAJE DO MURIAE,2290499,HOSPITAL MUNICIPAL DE LAJE DO MURIAE,HOSPITAL MUNICIPAL DE LAJE DO MURIAE,M,5,HOSPITAL GERAL,1244,HOSPITAL_PÚBLICO,RUA GERONCIO FERREIRA,270,,CENTRO,28350200,2238292434,,32,30,0,0,0,0,0,0,0,0,0,0,0,0
202601,SUDESTE,RJ,330455,RIO DE JANEIRO,2291266,SMS HOSPITAL MUNICIPAL FRANCISCO DA SILVA TELLES AP33,POSTO DE ASSISTENCIA MEDICA FRANCISCO DA SILVA TELLES,M,5,HOSPITAL GERAL,1031,HOSPITAL_PÚBLICO,UBIRAJARA,25,,IRAJA,21230300,021 3715070,,84,84,0,0,0,0,0,0,0,0,0,0,0,0
202601,SUDESTE,RJ,330455,RIO DE JANEIRO,2291304,SES RJ CENTRO PSIQUIATRICO RIO DE JANEIRO,SECRETARIA DE ESTADO DE SAUDE SES,E,7,HOSPITAL ESPECIALIZADO,1023,HOSPITAL_PÚBLICO,CORONEL ASSUNCAO,S/N,,GAMBOA,20220480,21 22992577,,108,108,0,0,0,0,0,0,0,0,0,0,0,0
202601,SUDESTE,RJ,330475,SAO FRANCISCO DE ITABAPOANA,2291320,HOSPITAL MUNICIPAL MANOEL CAROLA,MUNICIPIO DE SAO FRANCISCO DE ITABAPOANA,M,5,HOSPITAL GERAL,1244,HOSPITAL_PÚBLICO,AV NILTON MAYERHOFFER PESSANHA,48,,PONTO DE CACIMBAS,28230000,22999659443,saudesfi@hotmail.com,31,31,0,0,0,0,0,0,0,0,0,0,0,0
202601,SUDESTE,RJ,330490,SAO GONCALO,2291525,H OLHOS SAO GONCALO,OFTALMOCLINICA SAO GONCALO LTDA,M,7,HOSPITAL ESPECIALIZADO,2062,HOSPITAL_PRIVADO,SALVATORI,99,ENT SUPL RUA JOSE,CENTRO,24421005,21 27129494,OFTALMOCLINICASG@GMAIL.COM,17,13,0,0,0,0,0,0,0,0,0,0,0,0
202601,SUDESTE,RJ,330490,SAO GONCALO,2292084,HOSPITAL DR LUIZ PALMIER,SECRETARIA MUNICIPAL DE SAUDE DE SAO GONCALO,M,5,HOSPITAL GERAL,1244,HOSPITAL_PÚBLICO,PRACA ESTEPHANIA DE CARVALHO,26,PARTE 1,ZE GAROTO,24440195,(21) 2603-6590,,138,130,15,7,15,7,0,0,0,0,0,0,0,0
202601,SUDESTE,RJ,330515,SAO JOSE DO VALE DO RIO PRETO,2292270,HOSPITAL MATERNIDADE SANTA THERESINHA,SECRETARIA MUNICIPAL DE SAUDE DE SAO JOSE DO VALE DO RIO PRE,M,5,HOSPITAL GERAL,1031,HOSPITAL_PÚBLICO,RUA PROFA MARIA EMILIA ESTEVES,617,,CENTRO,25780000,2422241150,saude@sjvriopreto.rj.gov.br,49,49,0,0,0,0,0,0,0,0,0,0,0,0
202601,SUDESTE,RJ,330580,TERESOPOLIS,2292386,HOSPITAL SAO JOSE,ASSOCIACAO CONGREGACAO DE SANTA CATARINA,E,5,HOSPITAL GERAL,3999,HOSPITAL_FILANTRÓPICO,RUA JUDITH MAURICIO DE PAULA,40,,IUCAS,25964220,(21)2741-4300,administracao.hsj@redesc.org.br,107,43,23,13,23,13,0,0,0,0,0,0,0,0
202601,SUDESTE,RJ,330580,TERESOPOLIS,2292513,BENEFICENCIA PORTUGUESA DE TERESOPOLIS,HOSPITAL NOSSA SENHORA DA SAUDE,M,5,HOSPITAL GERAL,3999,HOSPITAL_FILANTRÓPICO,R JOSE MARIA DE ARAUJO REGADAS,300,,ERMITAGE,25953345,(21)27420765,,69,55,0,0,0,0,0,0,0,0,0,0,0,0
202601,SUDESTE,RJ,330610,VALENCA,2292912,HOSPITAL ESCOLA LUIZ GIOSEFFI JANNUZZI,FUNDACAO EDUCACIONAL D ANDRE ARCOVERDE,M,5,HOSPITAL GERAL,3069,HOSPITAL_FILANTRÓPICO,RUA DOM JOSE COSTA CAMPOS,20,,CENTRO,27600046,(24)2453-1333,direcaohe@faa.edu.br,195,195,40,40,30,30,0,0,10,10,0,0,0,0
202601,SUDESTE,RJ,330320,NILOPOLIS,2293862,HOSPITAL MUNICIPAL JUSCELINO KUBITSCHEK,SECRETARIA MUNICIPAL DE SAUDE DE NILOPOLIS,M,5,HOSPITAL GERAL,1244,HOSPITAL_PÚBLICO,RUA ZEZINHO,111,,CENTRO,26520000,(21)37613223,,92,70,16,0,10,0,0,0,6,0,0,0,0,0
202601,SUDESTE,RJ,330600,TRES RIOS,2294923,HOSPITAL DE CLINICAS NOSSA SENHORA DA CONCEICAO,ASSOCIACAO CONGREGACAO DE SANTA CATARINA,M,5,HOSPITAL GERAL,3999,HOSPITAL_FILANTRÓPICO,RUA MAESTRO COSTA BARROS,642,,CENTRO,25805090,2422550601,dir.executivo@hcnsc.com.br,113,90,26,19,26,19,0,0,0,0,0,0,0,0
202601,SUDESTE,RJ,330093,CARAPEBUS,2294990,PRONTO ATENDIMENTO CARLITO GONCALVES DA FONSECA,MUNICIPIO DE CARAPEBUS,M,20,PRONTO SOCORRO GERAL,1244,HOSPITAL_PÚBLICO,RUA JOAO PEDRO SOBRINHO,72,,SAPECADO,27998000,2227689527,atencaobasica@carapebus.rj.gov.br,8,8,0,0,0,0,0,0,0,0,0,0,0,0
202601,SUDESTE,RJ,330210,ITAOCARA,2295016,CASA DE SAUDE JOAO XXIII LTDA,CASA DE SAUDE JOAO XXIII LTDA,M,5,HOSPITAL GERAL,2062,HOSPITAL_PRIVADO,RUA NILO PECANHA,564,,CENTRO,28570000,(22)38612552,csjxxiii@uol.com.br casadesaudeitaocara@okintrnet.com.br,41,0,12,0,12,0,0,0,0,0,0,0,0,0
202601,SUDESTE,RJ,330455,RIO DE JANEIRO,2295059,CLINICA DE REPOUSO SANTA ALICE,SANATORIO RIO DE JANEIRO LTDA,M,7,HOSPITAL ESPECIALIZADO,2062,HOSPITAL_PRIVADO,RUA BOA VISTA,99,,ALTO DA BOA VISTA,20751340,,sanatoriojane@gmail.com,50,0,0,0,0,0,0,0,0,0,0,0,0,0
202601,SUDESTE,RJ,330455,RIO DE JANEIRO,2295067,INSTITUTO ESTADUAL DE HEMATOLOGIA ARTHUR SIQUEIRA CAVALCANTI,SECRETARIA DE ESTADO DE SAUDE SES,E,7,HOSPITAL ESPECIALIZADO,1023,HOSPITAL_PÚBLICO,RUA FREI CANECA,8,,CENTRO,20211030,(21)23328611,diretoria@hemorio.rj.gov.br,83,83,0,0,0,0,0,0,0,0,0,0,0,0
202601,SUDESTE,RJ,330610,VALENCA,2295075,HOSPITAL GUSTAVO MONTEIRO JUNIOR,ASSOCIACAO DA CASA DE CARIDADE DE CONSERVATORIA,M,5,HOSPITAL GERAL,3999,HOSPITAL_FILANTRÓPICO,RUA OSWALDO FONSECA,02,,CONSERVATORIA,27610470,(24) 2438-1202,hospcon@yahoo.com.br,46,39,0,0,0,0,0,0,0,0,0,0,0,0
202601,SUDESTE,RJ,330610,VALENCA,2295105,HOSPITAL SANTA ISABEL,ASSOCIACAO HOSPITAL SANTA ISABEL,M,5,HOSPITAL GERAL,3999,HOSPITAL_FILANTRÓPICO,RUA OLIMPIA JUNQUEIRA,279,,SANTA ISABEL,27611755,(24)24571117,ahsi.adm25@gmail.com,40,40,0,0,0,0,0,0,0,0,0,0,0,0
202601,SUDESTE,RJ,330610,VALENCA,2295113,IRMANDADE DA SANTA CASA DA MISERICORDIA DE VALENCA,IRMANDADE DA SANTA CASA DA MISERICORDIA DE VALENCA,M,5,HOSPITAL GERAL,3999,HOSPITAL_FILANTRÓPICO,RUA CEL LEITE PINTO,105,,CENTRO,27600126,(24) 99290-5485,santacasavalenca@uol.com.br,12,12,0,0,0,0,0,0,0,0,0,0,0,0
202601,SUDESTE,RJ,330455,RIO DE JANEIRO,2295369,ACAO CRISTA VICENTE MORETTI,ACAO CRISTA VICENTE MORETTI,M,7,HOSPITAL ESPECIALIZADO,3999,HOSPITAL_FILANTRÓPICO,MARAVILHA,308,,BANGU,21810100,,,40,40,0,0,0,0,0,0,0,0,0,0,0,0
202601,SUDESTE,RJ,330455,RIO DE JANEIRO,2295393,HOSPITAL NOSSA SENHORA DA SAUDE,SANTA CASA DA MISERICORDIA DO RIO DE JANEIRO,M,5,HOSPITAL GERAL,3999,HOSPITAL_FILANTRÓPICO,RUA DA GAMBOA,303,,SAUDE,20220322,,,34,0,0,0,0,0,0,0,0,0,0,0,0,0
202601,SUDESTE,RJ,330455,RIO DE JANEIRO,2295407,SMS HOSPITAL MUNICIPAL ROCHA FARIA AP 52,SMS RIO HOSPITAL MUNICIPAL ROCHA FARIA AP 52,M,5,HOSPITAL GERAL,1031,HOSPITAL_PÚBLICO,AV CESARIO DE MELO,3215,,CAMPO GRANDE,23050101,(21)2333-6797,direcao.hmrf@igedes.org.br,198,168,36,16,16,16,0,0,20,0,0,0,0,0
202601,SUDESTE,RJ,330455,RIO DE JANEIRO,2295415,HOSPITAL UNIVERSITARIO GAFFREE E GUINLE,UNIVERSIDADE DO ESTADO DO RIO DE JANEIRO,M,5,HOSPITAL GERAL,1139,HOSPITAL_PÚBLICO,MARIZ E BARROS,775,,TIJUCA,20270004,,,164,156,15,11,7,5,0,0,8,6,0,0,0,0
202601,SUDESTE,RJ,330455,RIO DE JANEIRO,2295423,HOSPITAL FEDERAL CARDOSO FONTES,MS HOSPITAL FEDERAL CARDOSO FONTES,M,5,HOSPITAL GERAL,1015,HOSPITAL_PÚBLICO,AVENIDA MENEZES CORTES,3245,,FREGUESIA JPA,22745130,(21)24252255,dirhgj@nerj.rj.saude.gov.br,182,179,28,25,18,18,10,7,0,0,0,0,0,0
202601,SUDESTE,RJ,330430,RIO BONITO,2296241,HOSPITAL REGIONAL DARCY VARGAS,HOSPITAL REGIONAL DARCY VARGAS,M,5,HOSPITAL GERAL,3999,HOSPITAL_FILANTRÓPICO,JOAO CARMO,110,,CENTRO,28800000,,,139,114,15,15,15,15,0,0,0,0,0,0,0,0
202601,SUDESTE,RJ,330455,RIO DE JANEIRO,2296306,SMS HOSPITAL MUNICIPAL SALGADO FILHO AP 32,SMS RIO HOSPITAL MUNICIPAL SALGADO FILHO AP 32,M,5,HOSPITAL GERAL,1031,HOSPITAL_PÚBLICO,ARQUIAS CORDEIRO,370,,MEIER,20770000,,,317,317,16,16,16,16,0,0,0,0,0,0,0,0
202601,SUDESTE,RJ,330455,RIO DE JANEIRO,2296594,UFRJ INSTITUTO DE GINECOLOGIA,UNIVERSIDADE FEDERAL DO RIO DE JANEIRO,M,7,HOSPITAL ESPECIALIZADO,1104,HOSPITAL_PÚBLICO,MONCORVO FILHO,90,,CENTRO,20211340,,diretor@ig.ufrj.br,12,12,0,0,0,0,0,0,0,0,0,0,0,0
202601,SUDESTE,RJ,330455,RIO DE JANEIRO,2296608,HCJ HOSPITAL DE CLINICAS DE JACAREPAGUA,HOSPITAL DE CLINICAS DE JACAREPAGUA LTDA,M,5,HOSPITAL GERAL,2062,HOSPITAL_PRIVADO,RUA BACAIRIS,499,,TAQUARA,22730120,(21) 3987-7000,almeida.camila@amil.com.br,45,0,20,0,20,0,0,0,0,0,0,0,0,0
202601,SUDESTE,RJ,330455,RIO DE JANEIRO,2296616,UFRJ IPPMG INST DE PUER PED MARTAGAO GESTEIRA,UNIVERSIDADE FEDERAL DO RIO DE JANEIRO,M,7,HOSPITAL ESPECIALIZADO,1104,HOSPITAL_PÚBLICO,BRUNO LOBO,50,,CIDADE UNIVERSITARIA,21941912,21 39384816,,78,74,14,10,0,0,10,6,4,4,0,0,0,0
202601,SUDESTE,RJ,330045,BELFORD ROXO,2296764,CASA DE SAUDE E MATERNIDADE NOSSA SENHORA DA GLORIA,CASA DE SAUDE E MATERNIDADE XV DE AGOSTO LTDA,M,7,HOSPITAL ESPECIALIZADO,2062,HOSPITAL_PRIVADO,AV BENJAMIM PINTO DIAS,1677,CENTRO,BELFORD ROXO,26130000,(21)26620660,,40,0,0,0,0,0,0,0,0,0,0,0,0,0
202601,SUDESTE,RJ,330040,BARRA MANSA,2296977,CASA DE SAUDE SANTA MARIA SA,CASA DE SAUDE SANTA MARIA SA,M,5,HOSPITAL GERAL,2054,HOSPITAL_PRIVADO,RUA TENENTE JOSE EDUARDO,585,,ANO BOM,27323240,02433249100,,124,0,10,0,0,0,0,0,10,0,0,0,0,0
202601,SUDESTE,RJ,330414,QUEIMADOS,2297132,HOSPITAL INFANTIL 21 DE JULHO LTDA,HOSPITAL INFANTIL 21 DE JULHO LTDA,M,7,HOSPITAL ESPECIALIZADO,2062,HOSPITAL_PRIVADO,RUA JOAQUIM DOS SANTOS,265,,CENTRO,26383330,2126651266,hiq100@globo.com,79,79,0,0,0,0,0,0,0,0,0,0,0,0
202601,SUDESTE,RJ,330490,SAO GONCALO,2297590,MATERNIDADE MUNICIPAL DR MARIO NIAJAR,MUNICIPIO DE SAO GONCALO,M,7,HOSPITAL ESPECIALIZADO,1244,HOSPITAL_PÚBLICO,ALFREDO BACKER,324,,ALCANTARA,24430380,2725-7390,,77,77,0,0,0,0,0,0,0,0,0,0,0,0
202601,SUDESTE,RJ,330580,TERESOPOLIS,2297795,HOSPITAL DAS CLINICAS DE TERESOPOLIS,FESO FUNDACAO EDUCACIONAL SERRA DOS ORGAOS,M,5,HOSPITAL GERAL,3069,HOSPITAL_FILANTRÓPICO,DELFIM MOREIRA,2211,,VALE PARAISO,25953230,,,217,103,56,15,36,15,0,0,20,0,0,0,0,0
202601,SUDESTE,RJ,330455,RIO DE JANEIRO,2297833,CLINICA SAO VICENTE,HOSPITAIS INTEGRADOS DA GAVEA S A,M,5,HOSPITAL GERAL,2054,HOSPITAL_PRIVADO,JOAO BORGES,204,PARTE,GAVEA,22451100,21 32394700,,87,0,30,0,30,0,0,0,0,0,0,0,0,0
202601,SUDESTE,RJ,330490,SAO GONCALO,2298031,SES RJ HOSPITAL ESTADUAL ALBERTO TORRES GERAL SAO GONCALO,SECRETARIA DO ESTADO DE SAUDE DO RIO DE JANEIRO,E,5,HOSPITAL GERAL,1023,HOSPITAL_PÚBLICO,RUA OSORIO COSTA,S/N,NAO HA,COLUBANDE,24744680,38122646,direcaoheat@gmail.com,243,243,75,75,64,64,11,11,0,0,0,0,0,0
202601,SUDESTE,RJ,330340,NOVA FRIBURGO,2298090,HOSPITAL UNIMED DE NOVA FRIBURGO,UNIMED DE NOVA FRIBURGO SOCIEDADE COOPERATIVA DE SERVICOS ME,M,5,HOSPITAL GERAL,2143,HOSPITAL_PRIVADO,IZELINO MADURO,900,,CHACARA DO PARAISO,28605300,,,144,0,21,0,9,0,2,0,5,0,0,0,5,0
202601,SUDESTE,RJ,330340,NOVA FRIBURGO,2298104,HOSPITAL SERRANO,HOSPITAL SERRANO LTDA,M,5,HOSPITAL GERAL,2062,HOSPITAL_PRIVADO,GENERAL OSORIO,276,,CENTRO,28625630,,,41,0,10,0,10,0,0,0,0,0,0,0,0,0
202601,SUDESTE,RJ,330455,RIO DE JANEIRO,2298120,SMS HOSPITAL MUNICIPAL ALBERT SCHWEITZER AP 51,SMS RIO HOSPITAL MUNICIPAL ALBERT SCHWEITZER AP 51,M,5,HOSPITAL GERAL,1031,HOSPITAL_PÚBLICO,RUA NILOPOLIS,329,,REALENGO,21725090,(21) 2042-2096,faturamento.hmas@vivario.org.br,396,396,71,71,40,40,20,20,11,11,0,0,0,0
202601,SUDESTE,RJ,330100,CAMPOS DOS GOYTACAZES,2298317,HOSPITAL DOS PLANTADORES DE CANA,ASSOCIACAO FLUMINENSE DE ASSIST A MULHER CRIANCA E AO IDOSO,M,5,HOSPITAL GERAL,3999,HOSPITAL_FILANTRÓPICO,AV JOSE ALVES DE AZEVEDO,337,,PQ ROSARIO,28025496,2227377400,filantropia.hpc@gmail.com,286,236,50,38,30,18,0,0,20,20,0,0,0,0
202601,SUDESTE,RJ,330510,SAO JOAO DE MERITI,2298708,HOSPITAL MUNICIPAL DE SAO JOAO DE MERITI ABDON GONCALVES,SECRETARIA MUNICIPAL DE SAUDE DE SAO JOAO DE MERITI,M,5,HOSPITAL GERAL,1244,HOSPITAL_PÚBLICO,AVENIDA PRESIDENTE LINCOLN,S/N,,JARDIM MERITI,25555200,21 2651-1220,,87,67,20,0,20,0,0,0,0,0,0,0,0,0
202601,SUDESTE,RJ,330455,RIO DE JANEIRO,2298724,SES RJ HOSPITAL ESTADUAL ANCHIETA,SECRETARIA DE ESTADO DE SAUDE SES,E,5,HOSPITAL GERAL,1023,HOSPITAL_PÚBLICO,RUA CARLOS SEIDL,785,,CAJU,20930390,,,71,61,10,0,10,0,0,0,0,0,0,0,0,0
202601,SUDESTE,RJ,330455,RIO DE JANEIRO,2298740,HOSPITAL CLINICA GRAJAU,CASA DE SAUDE GRAJAU LTDA,M,5,HOSPITAL GERAL,2062,HOSPITAL_PRIVADO,RUA BARAO DO BOM RETIRO,2484,,GRAJAU,20540342,(21) 25771122,hcgrajau@hcgrajau.com.br,47,0,10,0,10,0,0,0,0,0,0,0,0,0
202601,SUDESTE,RJ,330420,RESENDE,2299216,HOSPITAL SAMER SERVICO DE ASSISTENCIA MEDICA DE RESENDE,HOSPITAIS INTEGRADOS DA GAVEA S A,M,5,HOSPITAL GERAL,2054,HOSPITAL_PRIVADO,RUA CADETE EDSON,38,QUADRA C LOTE AREA 1,MONTESE,27541060,(24) 3358-9018,direcao@samer.com.br,98,2,34,2,16,2,4,0,6,0,0,0,8,0
202601,SUDESTE,RJ,330490,SAO GONCALO,2696746,PRONTO SOCORRO CENTRAL DR ARMANDO GOMES DE SA COUTO,SECRETARIA MUNICIPAL DE SAUDE DE SAO GONCALO,M,5,HOSPITAL GERAL,1244,HOSPITAL_PÚBLICO,PRACA ESTEPHANIA DE CARVALHO,26,PARTE,ZE GAROTO,24440195,,,99,92,12,5,12,5,0,0,0,0,0,0,0,0
202601,SUDESTE,RJ,330490,SAO GONCALO,2696851,HOSPITAL SAO GONCALO LTDA,CLINICA SAO GONCALO LTDA,M,5,HOSPITAL GERAL,2062,HOSPITAL_PRIVADO,PIO XII,138,,SAO GONCALO,24440400,(21)2109-5023,,103,0,30,0,30,0,0,0,0,0,0,0,0,0
202601,SUDESTE,RJ,330080,CACHOEIRAS DE MACACU,2696924,HOSPITAL MUNICIPAL DR CELSO MARTINS,SMSDC DE CACHOEIRAS DE MACACU,M,5,HOSPITAL GERAL,1031,HOSPITAL_PÚBLICO,RUA PREFEITO JOSE DA SILVA,177,,CAMPO DO PRADO,28681300,(21)26492006,faturamentohmcm@gmail.com,82,82,0,0,0,0,0,0,0,0,0,0,0,0
202601,SUDESTE,RJ,330020,ARARUAMA,2696932,SES RJ HOSPITAL ESTADUAL ROBERTO CHABO,SECRETARIA DE ESTADO DE SAUDE DO RIO DE JANEIRO,E,5,HOSPITAL GERAL,1023,HOSPITAL_PÚBLICO,RUA BERNARDO DE VASCONCELOS,477,NAO HA,CENTRO,28970000,(22)35131408,m.biasi@ideas.med.br,91,83,24,17,16,9,8,8,0,0,0,0,0,0
202601,SUDESTE,RJ,330060,BOM JESUS DO ITABAPOANA,2696940,HOSPITAL SAO VICENTE DE PAULO,CENTRO POPULAR PROMELHORAMENTOS DE BOM JESUS,M,5,HOSPITAL GERAL,3999,HOSPITAL_FILANTRÓPICO,RUA TEN JOSE TEIXEIRA,473,,CENTRO,28360000,22 38339010,hsvp@ig.com.br.,327,230,97,25,87,25,10,0,0,0,0,0,0,0
202601,SUDESTE,RJ,330240,MACAE,2697041,HOSPITAL SAO JOAO BATISTA DE MACAE,IRMANDADE DE SAO JOAO BATISTA DE MACAE,M,5,HOSPITAL GERAL,3999,HOSPITAL_FILANTRÓPICO,PRACA VERISSIMO DE MELLO,391,,CENTRO,27913100,(22) 2772-1005,stacasamacae@uol.com.br,143,76,18,10,18,10,0,0,0,0,0,0,0,0
202601,SUDESTE,RJ,330615,VARRE-SAI,2704390,HOSPITAL SAO SEBASTIAO DE VARRESAI,HOSPITAL MUNICIPAL SAO SEBASTIAO DE VARRESAI,M,5,HOSPITAL GERAL,1244,HOSPITAL_PÚBLICO,RUA OCTAVIO MONERAT,10,,CENTRO,28375000,2238433832,,26,26,0,0,0,0,0,0,0,0,0,0,0,0
202601,SUDESTE,RJ,330380,PARATY,2704587,HOSPITAL MUNICIPAL HUGO MIRANDA,SECRETARIA MUNICIPAL DE SAUDE DE PARATY,M,5,HOSPITAL GERAL,1244,HOSPITAL_PÚBLICO,RUA SAO PEDRO DE ALCANTARA,01,,PONTAL,23970000,2433716551,paratyfaturamento@gmail.com,67,65,0,0,0,0,0,0,0,0,0,0,0,0
202601,SUDESTE,RJ,330490,SAO GONCALO,2704595,HOSPITAL INFANTIL DARCY SOUZA VARGAS,SECRETARIA MUNICIPAL DE SAUDE DE SAO GONCALO,M,7,HOSPITAL ESPECIALIZADO,1244,HOSPITAL_PÚBLICO,PRACA ESTEPHANIA DE CARVALHO,26,PARTE 3,ZE GAROTO,24440195,(21)26056531,,43,37,6,0,0,0,6,0,0,0,0,0,0,0
202601,SUDESTE,RJ,330530,SAO SEBASTIAO DO ALTO,2704633,HOSPITAL SAO SEBASTIAO,ASSOCIACAO HOSPITALAR SAO SEBASTIAO DO ALTO,M,5,HOSPITAL GERAL,3999,HOSPITAL_FILANTRÓPICO,RUA MIN FRANCISCO DORNELLES,69,,BAIRRO STA IRENE,28550000,(22)25591313,hssa494@hotmail.com,52,44,0,0,0,0,0,0,0,0,0,0,0,0
202601,SUDESTE,RJ,330630,VOLTA REDONDA,2708078,HOSPITAL DR NELSON DOS SANTOS GONCALVES,SECRETARIA MUNICIPAL DE SAUDE PMVR,M,5,HOSPITAL GERAL,1031,HOSPITAL_PÚBLICO,RUA DEPUTADO GERALDO DI BIASE,S/N,,ATERRADO,27213080,2433399540,,38,38,0,0,0,0,0,0,0,0,0,0,0,0
202601,SUDESTE,RJ,330455,RIO DE JANEIRO,2708353,IFF FIOCRUZ,INST NACIONAL SAUDE MULHER CRIANCA ADOLES FERNANDES FIGUEIRA,M,7,HOSPITAL ESPECIALIZADO,1139,HOSPITAL_PÚBLICO,AV RUI BARBOSA,716,,FLAMENGO,22250020,(21)25541700,direcao@iff.fiocruz.br,137,137,34,34,0,0,6,6,28,28,0,0,0,0
202601,SUDESTE,RJ,330455,RIO DE JANEIRO,2708361,UFRJ INSTITUTO DE NEUROLOGIA DEOLINDO COUTO,UFRJ INSTITUTO DE NEUROLOGIA DEOLINDO COUTO,M,7,HOSPITAL ESPECIALIZADO,1104,HOSPITAL_PÚBLICO,AVENIDA VENCESLAU BRAS,95,,BOTAFOGO,22290140,(21) 3938-0531/0533,direcao@indc.ufrj.br,6,6,0,0,0,0,0,0,0,0,0,0,0,0
202601,SUDESTE,RJ,330350,NOVA IGUACU,2798662,HGNI HOSPITAL GERAL DE NOVA IGUACU,MUNICIPIO DE NOVA IGUACU,M,5,HOSPITAL GERAL,1244,HOSPITAL_PÚBLICO,AVENIDA HENRIQUE DUQUE ESTRADA MEYER,953,NAO HA,POSSE,26030380,2137799900,direcaogeral.hgni@novaiguacu.rj.gov.br,561,529,74,57,44,32,0,0,30,25,0,0,0,0
202601,SUDESTE,RJ,330030,BARRA DO PIRAI,2799308,CRUZ VERMELHA BRASILEIRA RJ BARRA DO PIRAI,CRUZ VERMELHA BRASILEIRA FILIAL DO ESTADO DO RIO DE JANEIRO,M,7,HOSPITAL ESPECIALIZADO,3999,HOSPITAL_FILANTRÓPICO,ANA NERY,120,SALA 802,CENTRO,27123150,2435114300,patricia.jankee@cruzvermelharj.org.br,100,100,0,0,0,0,0,0,0,0,0,0,0,0
202601,SUDESTE,RJ,330455,RIO DE JANEIRO,2812584,HOSPITAL SAO LOURENCO,HOSPITAL SAO LOURENCO EIRELI,M,5,HOSPITAL GERAL,2240,HOSPITAL_PRIVADO,AVENIDA SANTA CRUZ,3805,,BANGU,21810015,33386300,samirafelippe@gmail.com,49,0,10,0,10,0,0,0,0,0,0,0,0,0
202601,SUDESTE,RJ,330190,ITABORAI,2814161,SES RJ HOSPITAL ESTADUAL TAVARES DE MACEDO,SECRETARIA DE ESTADO DE SAUDE DO RIO DE JANEIRO,E,7,HOSPITAL ESPECIALIZADO,1023,HOSPITAL_PÚBLICO,AVENIDA 22 DE MAIO,S/N,KM 34,VENDA DAS PEDRAS,24805900,2136373522,hetm@saude.rj.gov.br,54,54,0,0,0,0,0,0,0,0,0,0,0,0
202601,SUDESTE,RJ,330455,RIO DE JANEIRO,2821737,CTO CLINICA TRAUMATO ORTOPEDICA,CTO CLINICA TRAUMATO ORTOPEDICA LTDA,M,7,HOSPITAL ESPECIALIZADO,2240,HOSPITAL_PRIVADO,RUA AMERICO BRASILIENSE,91,,MADUREIRA,21351060,21 3390-5636,ctofaturamento@utlook.com,12,0,0,0,0,0,0,0,0,0,0,0,0,0
202601,SUDESTE,RJ,330220,ITAPERUNA,2825376,ASSOCIACAO SANTO ANTONIO DOS POBRES DE ITAPERUNA,ASSOCIACAO SANTO ANTONIO DOS POBRES DE ITAPERUNA,M,5,HOSPITAL GERAL,3999,HOSPITAL_FILANTRÓPICO,RUA EXPEDICIONARIO CABO GAMA,494,,CIDADE NOVA,28300000,(22)38243215,financeiro@asapi.com.br,110,88,0,0,0,0,0,0,0,0,0,0,0,0
202601,SUDESTE,RJ,330455,RIO DE JANEIRO,2881683,AMBULATORIO PERINATAL LARANJEIRAS,REDE DOR SAO LUIZ S A,M,7,HOSPITAL ESPECIALIZADO,2046,HOSPITAL_PRIVADO,CARDOSO JUNIOR,5,LOJA A,LARANJEIRAS,22245000,21 22102004,silvana.moura@rededor.com.br,5,0,0,0,0,0,0,0,0,0,0,0,0,0
202601,SUDESTE,RJ,330510,SAO JOAO DE MERITI,2954885,NEO UNIDAS TERAPIA INTENSIVA NEONATAL LTDA,NEO UNIDAS TERAPIA INTENSIVA NEONATAL LTDA,M,7,HOSPITAL ESPECIALIZADO,2240,HOSPITAL_PRIVADO,RUA GESSYR GONCALVES FONTES,153,PARTE,CENTRO,25520570,21 2560-2660,neounidasrj@gmail.com,20,0,0,0,0,0,0,0,0,0,0,0,0,0
202601,SUDESTE,RJ,330350,NOVA IGUACU,2964244,HOSPITAL VIVER MAIS,HOSPITAL VIVER MAIS LTDA,M,5,HOSPITAL GERAL,2054,HOSPITAL_PRIVADO,OTAVIO ASCOLI,328,PARTE,CENTRO,26215160,2433367070,controladoria@vivermaishospital.com.br,8,0,2,0,2,0,0,0,0,0,0,0,0,0
202601,SUDESTE,RJ,330045,BELFORD ROXO,2969734,HOSPITAL INFANTIL MILENE ISABELY CHRISTOVAM,MUNICIPIO DE BELFORD ROXO,M,5,HOSPITAL GERAL,1244,HOSPITAL_PÚBLICO,AVENIDA JOAQUIM DA COSTA LIMA,S/N,,PQ FERREIRAS,26116200,,,32,32,0,0,0,0,0,0,0,0,0,0,0,0
202601,SUDESTE,RJ,330455,RIO DE JANEIRO,3001202,POLICLINICA DE BOTAFOGO,POLICLINICA DE BOTAFOGO,M,5,HOSPITAL GERAL,3999,HOSPITAL_FILANTRÓPICO,AVENIDA PASTEUR,72,PREDIO,BOTAFOGO,22290240,22751447,presidencia@policlinicadebotafogo.org,33,0,2,0,2,0,0,0,0,0,0,0,0,0
202601,SUDESTE,RJ,330100,CAMPOS DOS GOYTACAZES,3002187,HOSPITAL GERAL DE GUARUS,FUNDACAO MUNICIPAL DE SAUDE,M,5,HOSPITAL GERAL,1155,HOSPITAL_PÚBLICO,SENADOR JOSE CARLOS PEREIRA PINTO,400,,CALABOUCO,28080420,22 81751621,GABPRES.FMS@GMAIL.COM,171,151,20,0,20,0,0,0,0,0,0,0,0,0
202601,SUDESTE,RJ,330455,RIO DE JANEIRO,3003450,CASA DE SAUDE PINHEIRO MACHADO,CASA DE SAUDE PINHEIRO MACHADO LTDA,M,5,HOSPITAL GERAL,2062,HOSPITAL_PRIVADO,PINHEIRO MACHADO,00155,,BOTAFOGO,22231090,21 21254882,CONTABILIDADE@CSPM.COM.BR,40,0,14,0,14,0,0,0,0,0,0,0,0,0
202601,SUDESTE,RJ,330455,RIO DE JANEIRO,3005984,HOSPITAL ITALIANO,SOCIEDADE ITALIANA DE BENEFICENCIA E MUTUO SOCORRO,M,5,HOSPITAL GERAL,3999,HOSPITAL_FILANTRÓPICO,MARECHAL JOFFRE,30,,GRAJAU,20560185,,,58,0,27,0,27,0,0,0,0,0,0,0,0,0
202601,SUDESTE,RJ,330455,RIO DE JANEIRO,3005992,HOSPITAL COPA DOR,REDE DOR SAO LUIZ S A,M,5,HOSPITAL GERAL,2046,HOSPITAL_PRIVADO,RUA FIGUEREDO DE MAGALHAES,875,PARTE,COPACABANA,22031011,2545-3600,scopador@copador.com.br,246,0,117,0,108,0,9,0,0,0,0,0,0,0
202601,SUDESTE,RJ,330455,RIO DE JANEIRO,3006050,HOSPITAL AMERICAN COR,HOSPITAL AMERICAN COR LTDA,M,5,HOSPITAL GERAL,2062,HOSPITAL_PRIVADO,RUA ADOLFO BERGAMINI,206,,ENGENHO DE DENTRO,20730000,,,69,0,21,0,21,0,0,0,0,0,0,0,0,0
202601,SUDESTE,RJ,330455,RIO DE JANEIRO,3008568,CENTRO PEDIATRICO DA LAGOA,IPANEMA SERVICOS DE ASSISTENCIA MEDICO CIRURGICA INFANTIL,M,7,HOSPITAL ESPECIALIZADO,2062,HOSPITAL_PRIVADO,LINEU DE PAULA MACHADO,64,,LAGOA,22470040,,,57,0,31,0,0,0,31,0,0,0,0,0,0,0
202601,SUDESTE,RJ,330455,RIO DE JANEIRO,3009947,SAO CARLOS SAUDE ONCOLOGICA,CLINICA SAO CARLOS S A,M,7,HOSPITAL ESPECIALIZADO,2054,HOSPITAL_PRIVADO,RUA HUMAITA,296,,BOTAFOGO,22261001,(21)2536-1300,,57,0,17,0,17,0,0,0,0,0,0,0,0,0
202601,SUDESTE,RJ,330330,NITEROI,3012395,CLINICA LUIZ PIRES DE MELLO MATRIZ,CLINICA LUIZ PIRES DE MELLO LTDA,M,7,HOSPITAL ESPECIALIZADO,2062,HOSPITAL_PRIVADO,RUA GONCALVES LEDO,26,,FONSECA,24120160,(21) 2525-1818,,12,0,0,0,0,0,0,0,0,0,0,0,0,0
202601,SUDESTE,RJ,330330,NITEROI,3012476,CASA DE SAUDE NOSSA SENHORA AUXILIADORA S A,CASA DE SAUDE NOSSA SENHORA AUXILIADORA S A,M,5,HOSPITAL GERAL,2054,HOSPITAL_PRIVADO,RUA VEREADOR DUQUE ESTRADA,157,,SANTA ROSA,24240210,2127150404,assistenteadm@csnsa.com.br,42,0,7,0,7,0,0,0,0,0,0,0,0,0
202601,SUDESTE,RJ,330455,RIO DE JANEIRO,3013146,HOSPITAL DI CAMP,HOSPITAL DI CAMP LTDA,M,5,HOSPITAL GERAL,2062,HOSPITAL_PRIVADO,ALBARDAO,630,,CAMPO GRANDE,23070130,2131981757,,94,0,35,0,28,0,0,0,0,0,0,0,7,0
202601,SUDESTE,RJ,330330,NITEROI,3013383,HOSPITAL DE CLINICAS ALAMEDA,CASA DE SAUDE SANTA RITA DE CASSIA LTDA,M,5,HOSPITAL GERAL,2062,HOSPITAL_PRIVADO,SAO BOAVENTURA,321,,FONSECA,24130005,21 35783636,adm@hospitalalameda.com.br,107,0,30,0,20,0,8,0,2,0,0,0,0,0
202601,SUDESTE,RJ,330170,DUQUE DE CAXIAS,3014673,HOSPITAL DANIEL LIPP LTDA,HOSPITAL DANIEL LIPP LTDA,M,5,HOSPITAL GERAL,2062,HOSPITAL_PRIVADO,CONDE DE PORTO ALEGRE,271,285,JARDIM VINTE E CINCO,25070350,21 36728700,hedarei@yahoo.com.br,43,0,15,0,9,0,4,0,2,0,0,0,0,0
202601,SUDESTE,RJ,330170,DUQUE DE CAXIAS,3014681,HOSPITAL MARIO LIONI,AMICO SAUDE LTDA,M,5,HOSPITAL GERAL,2054,HOSPITAL_PRIVADO,RUA ANA NERI,190,,25 DE AGOSTO,25070420,(21) 3805-1000,almeida.camila@amil.com.br,75,0,18,0,10,0,8,0,0,0,0,0,0,0
202601,SUDESTE,RJ,330330,NITEROI,3016501,CASA DE SAUDE E MATERNIDADE SANTA MARTHA S A,CASA DE SAUDE E MATERNIDADE SANTA MARTHA SA,M,5,HOSPITAL GERAL,2054,HOSPITAL_PRIVADO,DR MARIO VIANA,653,,SANTA ROSA,24241001,,,100,0,26,0,20,0,0,0,6,0,0,0,0,0
202601,SUDESTE,RJ,330350,NOVA IGUACU,3019527,CASA DE SAUDE NOSSA SENHORA DE FATIMA N IGUACU SA,CASA DE SAUDE E MAT NOSSA SENHORA DE FATIMA DE NOVA IGUACU,M,5,HOSPITAL GERAL,2054,HOSPITAL_PRIVADO,R CORONEL BERNARDINO DE MELO,1465,,CENTRO,26255140,(21)2125-3115,csfatima@csfatima.com.br,113,0,50,0,30,0,16,0,4,0,0,0,0,0
202601,SUDESTE,RJ,330455,RIO DE JANEIRO,3020584,DAY CLINIC RIO,DAY CLINIC MADUREIRA LTDA,M,7,HOSPITAL ESPECIALIZADO,2062,HOSPITAL_PRIVADO,R GUARAPARI,41,SL501 A 510 601 602,MADUREIRA,21351120,21 3043-0609,administracao@dcm-rio.com.br,2,0,0,0,0,0,0,0,0,0,0,0,0,0
202601,SUDESTE,RJ,330330,NITEROI,3022080,NEOTIN NEONATAL,NEOTIN NEONATAL TERAPIA INTENSIVA LTDA,M,7,HOSPITAL ESPECIALIZADO,2062,HOSPITAL_PRIVADO,RUA TAPAJOS,325,,SAO FRANCISCO,24360420,21325254040,comercial@hmsaofrancisco.com.br,40,0,40,0,0,0,0,0,40,0,0,0,0,0
202601,SUDESTE,RJ,330320,NILOPOLIS,3024032,PRONIL HOSPITAL DE CLINICAS ANTONIO PAULINO,PRONIL CASA DE SAUDE E PRONTO SOCORRO INFANTIL LTDA,M,5,HOSPITAL GERAL,2062,HOSPITAL_PRIVADO,RUA JOAO PESSOA,1741,,CENTRO,26525015,26919595,RH2@PRONIL.COM.BR,132,0,33,0,33,0,0,0,0,0,0,0,0,0
202601,SUDESTE,RJ,330490,SAO GONCALO,3029131,HOSPITAL DO CORACAO SAMCORDIS,HOSPITAL SAMCORDIS LTDA,M,5,HOSPITAL GERAL,2062,HOSPITAL_PRIVADO,RUA DOUTOR NILO PECANHA,391,,ESTRELA DO NORTE,24435300,(21) 37158008,cpd@samcordis.com.br,81,0,18,0,18,0,0,0,0,0,0,0,0,0
202601,SUDESTE,RJ,330390,PETROPOLIS,3030415,BENEFICENCIA PORTUGUESA DE PETROPOLIS,SMH SOCIEDADE MEDICO HOSPITALAR LTDA,M,5,HOSPITAL GERAL,2062,HOSPITAL_PRIVADO,AVENIDA PORTUGAL,236,,VALPARAISO,25655374,024)2244-4200,smh@hospitalsmh.com.br,80,0,20,0,10,0,0,0,0,0,0,0,10,0
202601,SUDESTE,RJ,330455,RIO DE JANEIRO,3034984,HOSPITAL QUINTA DOR,REDE DOR SAO LUIZ SA,M,5,HOSPITAL GERAL,2046,HOSPITAL_PRIVADO,RUA ALMIRANTE BALTAZAR,383,435 467,SAO CRISTOVAO,20941150,2134613600,diretoriasecretaria@quintador.com.br,403,0,78,0,68,0,10,0,0,0,0,0,0,0
202601,SUDESTE,RJ,330470,SANTO ANTONIO DE PADUA,3040119,HOSPITAL HELIO MONTEZANO DE OLIVEIRA,FUNDACAO JOSE KEZEN,M,5,HOSPITAL GERAL,1155,HOSPITAL_PÚBLICO,AV JOAO JASBICK,520,,AEROPORTO,28470000,2238534089,,102,98,0,0,0,0,0,0,0,0,0,0,0,0
202601,SUDESTE,RJ,330455,RIO DE JANEIRO,3046281,CASA DE SAUDE NOSSA SENHORA DO CARMO,CASA DE SAUDE NOSSA SENHORA DO CARMO LTDA,M,7,HOSPITAL ESPECIALIZADO,2062,HOSPITAL_PRIVADO,RUA JAGUARUNA,105,,CAMPO GRANDE,23080160,,,120,0,75,0,49,0,5,0,10,0,0,0,11,0
202601,SUDESTE,RJ,330455,RIO DE JANEIRO,3046303,CLINICA DR ALOAN,HOSPITAL DE CLINICAS DR ALOAN LTDA,M,5,HOSPITAL GERAL,2240,HOSPITAL_PRIVADO,CHAVES FARIA,64,96,SAO CRISTOVAO,20910140,2122332225,,42,0,18,0,18,0,0,0,0,0,0,0,0,0
202601,SUDESTE,RJ,330455,RIO DE JANEIRO,3048721,HOSPITAL DR BADIM,J BADIM S A,M,5,HOSPITAL GERAL,2054,HOSPITAL_PRIVADO,SAO FRANCISCO XAVIER,390,,TIJUCA,20550013,,DIRETORIA@BADIM.COM.BR,158,0,59,0,59,0,0,0,0,0,0,0,0,0
202601,SUDESTE,RJ,330350,NOVA IGUACU,3051692,EMCOR,EMCOR HOSPITAL DO CORACAO E DE CLINICAS DE NOVA IGUACU LTDA,M,7,HOSPITAL ESPECIALIZADO,2062,HOSPITAL_PRIVADO,RUA NELSON RAMOS,733,,CENTRO,26210140,3759-8100,emcor.br@ig.com.br,36,4,7,2,7,2,0,0,0,0,0,0,0,0
202601,SUDESTE,RJ,330455,RIO DE JANEIRO,3057496,RRM REDE RIO DE MEDICINA,RRM REDE RIO DE MEDICINA LTDA,M,5,HOSPITAL GERAL,2062,HOSPITAL_PRIVADO,DELGADO DE CARVALHO,22,,TIJUCA,20260280,21-38729922,administracao.ht@assimmedical.com.br,54,0,18,0,18,0,0,0,0,0,0,0,0,0
202601,SUDESTE,RJ,330455,RIO DE JANEIRO,3058204,PROCOR PRONTO SOCORRO CLINICO E CARDIOLOGICO,PROCOR PRONTO SOCORRO CLINICO E CARDIOLOGICO LTDA,M,7,HOSPITAL ESPECIALIZADO,2062,HOSPITAL_PRIVADO,CAMBAUBA,280,,ILHA DO GOVERNADOR,21940001,,,73,0,0,0,0,0,0,0,0,0,0,0,0,0
202601,SUDESTE,RJ,330455,RIO DE JANEIRO,3058212,HOSPITAL DE IRAJA,HOSPITAL DE IRAJA QUATRO AMIGOS LTDA,M,5,HOSPITAL GERAL,2062,HOSPITAL_PRIVADO,RUA PEREIRA DE ARAUJO,44,,IRAJA,21235090,35120645,financeiro@hospitaliraja.com.br,47,0,18,0,18,0,0,0,0,0,0,0,0,0
202601,SUDESTE,RJ,330455,RIO DE JANEIRO,3058336,CLINICA CIRURGICA SANTA BARBARA,CLINICA CIRURGICA SANTA BARBARA LTDA,M,5,HOSPITAL GERAL,2062,HOSPITAL_PRIVADO,RUA PAULO BARRETO,41,E 51,BOTAFOGO,22280010,,,53,0,13,0,7,0,0,0,6,0,0,0,0,0
202601,SUDESTE,RJ,330330,NITEROI,3065634,CHN COMPLEXO HOSPITALAR DE NITEROI,IMPAR SERVICOS HOSPITALARES SA,M,5,HOSPITAL GERAL,2054,HOSPITAL_PRIVADO,RUA LA SALLE ENTR SUPL R DR CELESTINO 113 C ENTR,12,R MARQUES DE OLINDA,CENTRO,24020096,21 2729-1000,,210,0,10,0,0,0,0,0,10,0,0,0,0,0
202601,SUDESTE,RJ,330455,RIO DE JANEIRO,3075338,SAINT ROMAN,CASA DE SAUDE SAINT ROMAN LTDA,M,7,HOSPITAL ESPECIALIZADO,2062,HOSPITAL_PRIVADO,RUA ALMIRANTE ALEXANDRINO,1342,1354 E 1368,SANTA TEREZA,20241260,38618100,marcelloratto@saintroman.com.br,100,0,0,0,0,0,0,0,0,0,0,0,0,0
202601,SUDESTE,RJ,330455,RIO DE JANEIRO,3094766,NIG BARRA,CLINICA BARRA DA TIJUCA,M,15,UNIDADE MISTA,2062,HOSPITAL_PRIVADO,RUA EINSTEIN,130,,BARRA DA TIJUCA,22611240,2124938867,administrativo@plenosaude.com.br,54,0,0,0,0,0,0,0,0,0,0,0,0,0
202601,SUDESTE,RJ,330455,RIO DE JANEIRO,3094987,NIG LEBLON,CASA GERIATRICA LEBLON LTDA,M,7,HOSPITAL ESPECIALIZADO,2062,HOSPITAL_PRIVADO,JUQUIA,18,PREDIO,LEBLON,22441080,2122743146,atendimento@nig-leblon.com.br,32,0,0,0,0,0,0,0,0,0,0,0,0,0
202601,SUDESTE,RJ,330455,RIO DE JANEIRO,3095002,NIG FLAMENGO,CASA GERIATRICA PAISSANDU LTDA,M,7,HOSPITAL ESPECIALIZADO,2062,HOSPITAL_PRIVADO,PAISSANDU,231,,FLAMENGO,22210080,11 95815921,FELIPE.FERRAZ@PREMIERHOSPITAL.COM.BR,50,0,0,0,0,0,0,0,0,0,0,0,0,0
202601,SUDESTE,RJ,330455,RIO DE JANEIRO,3095142,CENTRO REUMATOLOGICO BOTAFOGO,CREB CENTRO DE REUMATOLOGIA E ORTOPEDIA BOTAFOGO LTDA,M,5,HOSPITAL GERAL,2054,HOSPITAL_PRIVADO,RUA VOLUNTARIOS DA PATRIA,408,,BOTAFOGO,22270010,2131828282,CONTATO@CNESRIO.COM.BR,3,0,0,0,0,0,0,0,0,0,0,0,0,0
202601,SUDESTE,RJ,330455,RIO DE JANEIRO,3096513,SOS CORACAO,S O S CORACAO LTDA,M,7,HOSPITAL ESPECIALIZADO,2240,HOSPITAL_PRIVADO,JAGUARUNA,105,PARTE,CAMPO GRANDE,23052090,021 33843543,soscoracao@csnsc.com.br,5,0,0,0,0,0,0,0,0,0,0,0,0,0
202601,SUDESTE,RJ,330350,NOVA IGUACU,3096629,PSIL NOVA IGUACU,CENTRO PEDIATRICO DE NOVA IGUACU LTDA,M,21,PRONTO SOCORRO ESPECIALIZADO,2240,HOSPITAL_PRIVADO,RUA ANTONIO RABELO GUIMARAES,195,,CALIFORNIA,26216140,(21)27679815,grupocpni@gamil.com,4,0,0,0,0,0,0,0,0,0,0,0,0,0
202601,SUDESTE,RJ,330455,RIO DE JANEIRO,3113205,CASA DE PORTUGAL,CASA DE PORTUGAL,M,5,HOSPITAL GERAL,3999,HOSPITAL_FILANTRÓPICO,RUA DO BISPO,72,,RIO COMPRIDO,20261063,3987 7300,assuntos.regulatorios@hospitalcasa.com.br,144,0,68,0,68,0,0,0,0,0,0,0,0,0
202601,SUDESTE,RJ,330330,NITEROI,3127451,CLIPE CLINICA PEDIATRICA LTDA,CLIPE CLINICA PEDIATRICA LTDA,M,7,HOSPITAL ESPECIALIZADO,2062,HOSPITAL_PRIVADO,RUA TIRADENTES,12,E 18,INGA,24210510,21 26222040,,60,0,24,0,0,0,4,0,20,0,0,0,0,0
202601,SUDESTE,RJ,330510,SAO JOAO DE MERITI,3130339,CASA DE SAUDE E MATERNIDADE TEREZINHA DE JESUS LTDA,CASA DE SAUDE E MATERNIDADE TEREZINHA DE JESUS LTDA,M,5,HOSPITAL GERAL,2062,HOSPITAL_PRIVADO,GESSYR GONCALVES FONTES,153,,CENTRO,25520570,,,81,0,30,0,10,0,0,0,20,0,0,0,0,0
202601,SUDESTE,RJ,330100,CAMPOS DOS GOYTACAZES,3132471,HOSPITAL GERAL PRONTO CARDIO,HOSPITAL GERAL PRONTO CARDIO LTDA,M,5,HOSPITAL GERAL,2062,HOSPITAL_PRIVADO,RUA DR LACERDA SOBRINHO,225,,CENTRO,28010076,(22)2737-6060,,38,0,9,0,9,0,0,0,0,0,0,0,0,0
202601,SUDESTE,RJ,330350,NOVA IGUACU,3152626,UPNI,URGENCIA PEDIATRICA DE NOVA IGUACU LTDA,M,7,HOSPITAL ESPECIALIZADO,2062,HOSPITAL_PRIVADO,RUA BERNARDINO DE MELO,1465,,CENTRO,26250060,(21)26673724,,37,0,28,0,0,0,16,0,12,0,0,0,0,0
202601,SUDESTE,RJ,330455,RIO DE JANEIRO,3187837,HOSPITAL PRO CARDIACO,ESHO EMPRESA DE SERVICOS HOSPITALARES SA,M,5,HOSPITAL GERAL,2054,HOSPITAL_PRIVADO,RUA DONA MARIANA,217,219 223,BOTAFOGO,22280020,21 2131-1515,diretoria.executiva@procardiaco.com.br,105,0,36,0,36,0,0,0,0,0,0,0,0,0
202601,SUDESTE,RJ,330452,RIO DAS OSTRAS,3193993,HOSPITAL GRAND MATER,HOSPITAL GRAND MATER LTDA,M,5,HOSPITAL GERAL,2062,HOSPITAL_PRIVADO,RUA RIO DE JANEIRO,192,QD16 LT11 12 22 23,EXTENSAO DO BOSQUE,28893334,22 27646406,financeiro@clinicamaterdei.com.br,10,0,0,0,0,0,0,0,0,0,0,0,0,0
202601,SUDESTE,RJ,330610,VALENCA,3211649,HOSPITAL DE CLINICAS MARQUES DE VALENCA,UNIMED MARQUES DE VALENCA COOPERATIVA TRABALHO MEDICO LTDA,M,5,HOSPITAL GERAL,2143,HOSPITAL_PRIVADO,AVENIDA DO CONTORNO,800,,JARDIM VALENCA,27603370,(24) 2453-9700,hcmv@mvalenca.unimed.com.br,20,0,0,0,0,0,0,0,0,0,0,0,0,0
202601,SUDESTE,RJ,330455,RIO DE JANEIRO,3248720,ORTHOS CLINICA,ORTHOS CLINICA DO APARELHO LOCOMOTOR LTDA,M,7,HOSPITAL ESPECIALIZADO,2240,HOSPITAL_PRIVADO,LEOPOLDINA REGO,774,ANEXO 778,PENHA,21021522,21 25642648,,2,0,0,0,0,0,0,0,0,0,0,0,0,0
202601,SUDESTE,RJ,330330,NITEROI,3296806,HOSPITAL SAO LUCAS,HOSPITAL SAO LUCAS DE NITEROI ASSIM MEDICAL LTDA,M,5,HOSPITAL GERAL,2062,HOSPITAL_PRIVADO,RUA DR MARCH,207,,BARRETO,24110650,21 27202090,administracao.hsl@assimmedical.com.br,52,0,0,0,0,0,0,0,0,0,0,0,0,0
202601,SUDESTE,RJ,330100,CAMPOS DOS GOYTACAZES,3315916,CLINICA CIRURGICA E MATERNIDADE LILIA NEVES,CLINICA CIRURGICA E MATERNIDADE LILIA NEVES LTDA,M,5,HOSPITAL GERAL,2062,HOSPITAL_PRIVADO,RUA CONSELHEIRO OTAVIANO,129,,CENTRO,28010140,(22)27333455,,40,0,2,0,0,0,0,0,2,0,0,0,0,0
202601,SUDESTE,RJ,330100,CAMPOS DOS GOYTACAZES,3315924,UTI NEONATAL NICOLA ALBANO,CEPLIN INSTITUTO DE NEONATOLOGIA E PEDIATRIA LTDA,M,7,HOSPITAL ESPECIALIZADO,2062,HOSPITAL_PRIVADO,RUA CONSELHEIRO OTAVIANO,129,,CENTRO,28010140,22 27333755,neoadm@utinicolaalbano.com.br,59,0,58,0,0,0,10,0,48,0,0,0,0,0
202601,SUDESTE,RJ,330455,RIO DE JANEIRO,3333868,HOSPITAL RIOMAR,HOSPITAL DE CLINICAS RIOMAR BARRA LTDA,M,5,HOSPITAL GERAL,2062,HOSPITAL_PRIVADO,AVENIDA CANDIDO PORTINARI,555,,BARRA DA TIJUCA,22793312,,legalizacao.obras@rededor.com.br,84,0,25,0,15,0,0,0,0,0,0,0,10,0
202601,SUDESTE,RJ,330455,RIO DE JANEIRO,3357783,CLINICA ENIO SERRA,CLINICA ENIO SERRA LTDA,M,5,HOSPITAL GERAL,2062,HOSPITAL_PRIVADO,SOARES CABRAL,36,,LARANJEIRAS,22240070,21 21256912,PEFCONTABIL@BOL.COM.BR,45,0,17,0,17,0,0,0,0,0,0,0,0,0
202601,SUDESTE,RJ,330240,MACAE,3410374,UTI NEONATAL NICOLA ALBANO,UTI NEONATAL NICOLA ALBANO LTDA,M,7,HOSPITAL ESPECIALIZADO,2062,HOSPITAL_PRIVADO,RUA MARECHAL DEODORO,565,,CENTRO,27910310,(22)27626436,neoadm@utinicolaalbano.com.br,22,0,21,0,0,0,0,0,21,0,0,0,0,0
202601,SUDESTE,RJ,330330,NITEROI,3450678,CLINICA PATER SAUDE MENTAL ALDEIA,CLINICA PATER LTDA,M,7,HOSPITAL ESPECIALIZADO,2062,HOSPITAL_PRIVADO,CAETANO MONTEIRO,1800,,BADU,24320570,21 27194465,CONCEICAOLEGALIZACAO@GMAIL.COM,70,0,0,0,0,0,0,0,0,0,0,0,0,0
202601,SUDESTE,RJ,330210,ITAOCARA,3470350,HOSPITAL MUNICIPAL DE ITAOCARA,MUNICIPIO DE ITAOCARA,M,5,HOSPITAL GERAL,1244,HOSPITAL_PÚBLICO,PRACA TOLEDO PIZZA,151,,CENTRO,28570000,(22)38612250,hospital_hmi@hotmaill.com,44,44,0,0,0,0,0,0,0,0,0,0,0,0
202601,SUDESTE,RJ,330455,RIO DE JANEIRO,3521133,HOSPITAL CEMERU,AMESC ASSOCIACAO MEDICA ESPIRITA CRISTA,M,5,HOSPITAL GERAL,3999,HOSPITAL_FILANTRÓPICO,AVENIDA FELIPE CARDOSO,1025,,SANTA CRUZ,23510000,2124183389,SOCIETARIA.CONTABILIDADE@CEMERU.COM,115,0,38,0,19,0,9,0,10,0,0,0,0,0
202601,SUDESTE,RJ,330455,RIO DE JANEIRO,3521168,HOSPITAL ILHACOR,CASA DE SAUDE SAO BENTO LTDA,M,5,HOSPITAL GERAL,2062,HOSPITAL_PRIVADO,RUA MANUEL BONFIM,76,,ZUMBI,21930200,,,32,0,0,0,0,0,0,0,0,0,0,0,0,0
202601,SUDESTE,RJ,330455,RIO DE JANEIRO,3531228,SEMIU SERVICOS DE ESP MED E INT DE URGENCIA,SEMIU SERVICOS DE ESPECIALIDADES MEDICAS AMBULATORIAIS E CON,M,5,HOSPITAL GERAL,2062,HOSPITAL_PRIVADO,AV VICENTE DE CARVALHO,1159,,VILA DA PENHA,21210623,21 33915457,gestao@semiu.com.br,175,0,37,0,22,0,0,0,0,0,0,0,15,0
202601,SUDESTE,RJ,330455,RIO DE JANEIRO,3541207,CALREN HOSPITAL DO CALCULO RENAL,CALREN HOSPITAL DE URGENCIAS UROLOGICAS LTDA,M,7,HOSPITAL ESPECIALIZADO,2240,HOSPITAL_PRIVADO,RUA GENERAL ORLANDO GAISEL,100,,RECREIO DOS BANDEIRA,22790280,(21) 2430-2500,calrenhospital@yahoo.com.br,10,0,1,0,1,0,0,0,0,0,0,0,0,0
202601,SUDESTE,RJ,330455,RIO DE JANEIRO,3543579,HOSPITAL QUALI IPANEMA,INSTITUTO CIRURGICO GABRIEL DE LUCENA LTDA,M,5,HOSPITAL GERAL,2062,HOSPITAL_PRIVADO,RUA BARAO DA TORRE,145,151 E 151 A,IPANEMA,22411001,,,25,0,12,0,12,0,0,0,0,0,0,0,0,0
202601,SUDESTE,RJ,330250,MAGE,3556441,CEMEP,CEMEP CENTRO MEDICO DE PIABETA LTDA,M,7,HOSPITAL ESPECIALIZADO,2062,HOSPITAL_PRIVADO,RUA CARAMURU,108,,PIABETA INHOMIRIM,25931806,(21)27391639,cemepcentromedico@yahoo.com.br,4,0,0,0,0,0,0,0,0,0,0,0,0,0
202601,SUDESTE,RJ,330590,TRAJANO DE MORAES,3584968,HOSPITAL MUNICIPAL FRANCISCO LIMONGI,MUNICIPIO DE TRAJANO DE MORAES,M,5,HOSPITAL GERAL,1244,HOSPITAL_PÚBLICO,RUA NEY FORTUNA,30,ATRAS DO CAMPO,CENTRO,28750000,(22)25641102,hflimongi@hotmail.com,41,41,0,0,0,0,0,0,0,0,0,0,0,0
202601,SUDESTE,RJ,330330,NITEROI,3587053,CENTRO ORTOPEDICO,CENTRO ORTOPEDICO SAO LUCAS LTDA,M,5,HOSPITAL GERAL,2062,HOSPITAL_PRIVADO,GAL PEREIRA DA SILVA,278,,ICARAI,24220031,21 27193535,,53,0,14,0,14,0,0,0,0,0,0,0,0,0
202601,SUDESTE,RJ,330330,NITEROI,3594432,HOSPITAL NITEROI DOR,HOSPITAL FLUMINENSE S A,E,5,HOSPITAL GERAL,2054,HOSPITAL_PRIVADO,SETE DE SETEMBRO,301,ENTR SUPL RUA MARI,SANTA ROSA,24230251,21 26079150,legalizacao.obras@rededor.com.br,158,7,91,0,85,0,6,0,0,0,0,0,0,0
202601,SUDESTE,RJ,330455,RIO DE JANEIRO,3603539,HOSPITAL ISRAELITA ALBERT SABIN,ASSOCIACAO BENEFICENTE ISRAELITA DO RIO DE JANEIRO,M,5,HOSPITAL GERAL,3999,HOSPITAL_FILANTRÓPICO,PROFESSOR GABIZO,319,,MARACANA,20271065,21 21768800,ALFREDO.PAULO@BADIM.COM.BR,56,0,10,0,10,0,0,0,0,0,0,0,0,0
202601,SUDESTE,RJ,330520,SAO PEDRO DA ALDEIA,3621316,HOSPITAL PEDIATRICO LAGOS,HOSPITAL PEDIATRICO LAGOS,M,7,HOSPITAL ESPECIALIZADO,2062,HOSPITAL_PRIVADO,RUA TEIXEIRA BRANDAO,19,,ESTACAO,28941186,,,39,0,34,0,0,0,14,0,20,0,0,0,0,0
202601,SUDESTE,RJ,330455,RIO DE JANEIRO,3784630,HOSPITAL DO MEIER,RRM REDE RIO DE MEDICINA LTDA,M,5,HOSPITAL GERAL,2062,HOSPITAL_PRIVADO,TENENTE COSTA,160,,MEIER,20775080,21 31549350,luciana.pereira@assimmedical.com.br,80,0,10,0,10,0,0,0,0,0,0,0,0,0
202601,SUDESTE,RJ,330190,ITABORAI,3784916,SES RJ HOSP EST PREF JOAO BATISTA CAFFARO,SECRETARIA DE ESTADO DE SAUDE SES,E,5,HOSPITAL GERAL,1023,HOSPITAL_PÚBLICO,OSORIO COSTA,S/N,NAO HA,CENTRO,24800001,21 26359395,mbiasi@ideas.med.br,128,85,50,7,50,7,0,0,0,0,0,0,0,0
202601,SUDESTE,RJ,330455,RIO DE JANEIRO,3947262,HOSPITAL CASA SANTA CRUZ HOSPITAL GERAL ADMINISTRACAO E GE,HOSPITAL CASA SANTA CRUZ HOSPITAL GERAL ADMINISTRACAO E GE,M,5,HOSPITAL GERAL,2062,HOSPITAL_PRIVADO,RUA NESTOR,00131,,SANTA CRUZ,23515680,,assuntos.regulatorios@hospitalcasa.com.br,84,0,30,0,20,0,10,0,0,0,0,0,0,0
202601,SUDESTE,RJ,330390,PETROPOLIS,3972976,HOSPITAL UNIMED,UNIMED PETROPOLIS COOPERATIVA DE TRABALHO MEDICO,M,5,HOSPITAL GERAL,2143,HOSPITAL_PRIVADO,RUA DO EXPEDICIONARIO,144,,BINGEN,25660290,2291-9840,diretoriahu@unimedpetropolis.com.br,64,0,4,0,0,0,0,0,4,0,0,0,0,0
202601,SUDESTE,RJ,330020,ARARUAMA,3988732,HCLAGOS,HOSPITAL DAS CLINICAS DA REGIAO DOS LAGOS S A,M,5,HOSPITAL GERAL,2054,HOSPITAL_PRIVADO,AV NILO PECANHA,835,EDIFICIO,CENTRO,28979285,2226656040,hclagos@yahoo.com.br,25,0,7,0,7,0,0,0,0,0,0,0,0,0
202601,SUDESTE,RJ,330455,RIO DE JANEIRO,4002806,CLINIPAM,CLINIPAM CLINICA PARANAENSE DE ASSISTENCIA MEDICA LTDA,M,7,HOSPITAL ESPECIALIZADO,2062,HOSPITAL_PRIVADO,ESTRAD DOS TRES RIOS,610,,FREGUESIA,22745005,21 21040705,IVANA.PORTO@HAPVIDA.COM.BR,13,0,0,0,0,0,0,0,0,0,0,0,0,0
202601,SUDESTE,RJ,330455,RIO DE JANEIRO,4012666,CLINIPAM CLINICA PARANAENS DE ASSISTENCIA MEDICA,CLINIPAM CLINICA PARANAENS DE ASSISTENCIA MEDICA LTDA,M,7,HOSPITAL ESPECIALIZADO,2062,HOSPITAL_PRIVADO,ESTRADA DOSTRES RIOS,542,,FREGUESIA,22745005,2121040705,IVANA.PORTO@HAPVIDA.COM.BR,31,0,10,0,0,0,0,0,10,0,0,0,0,0
202601,SUDESTE,RJ,330420,RESENDE,4042859,UTI INFANTIL DO MEDIO PARAIBA,UTI INFANTIL DO MEDIO PARAIBA LTDA,M,7,HOSPITAL ESPECIALIZADO,2062,HOSPITAL_PRIVADO,RUA ELZA DA SILVA DUARTE,71,PISO TERREO,CAMPO DO MANEJO,27520005,(24) 3028-0144,rh@utisupere.com.br,10,0,9,0,0,0,5,0,4,0,0,0,0,0
202601,SUDESTE,RJ,330455,RIO DE JANEIRO,4068432,PLACI BARRA,HOSPITAL PLACI BARRA LTDA,M,5,HOSPITAL GERAL,2062,HOSPITAL_PRIVADO,AVENIDA LUIS CARLOS PRESTES,180,,BARRA DA TIJUCA,22775055,,t.nogueira@placi.com.br,34,0,0,0,0,0,0,0,0,0,0,0,0,0
202601,SUDESTE,RJ,330550,SAQUAREMA,4089189,HOSPITAL MUNICIPAL NOSSA SENHORA DE NAZARETH,MUNICIPIO DE SAQUAREMA,M,5,HOSPITAL GERAL,1244,HOSPITAL_PÚBLICO,FABIO LUCIO DOS SANTOS,158,BARREIRA,VERDE VALE,28994434,22 26514821,SAUDE@SAQUAREMA.RJ.GOV.BR,87,87,20,20,10,10,10,10,0,0,0,0,0,0
202601,SUDESTE,RJ,330040,BARRA MANSA,4090101,SEST SERVICO SOCIAL DO TRANSPORTE,SEST SERVICO SOCIAL DO TRANSPORTE,M,15,UNIDADE MISTA,3077,HOSPITAL_FILANTRÓPICO,JOAO BRABO,05,,BARBARA,27330600,61 33157000,CNPJ@SESTSENAT.ORG.BR,4,0,0,0,0,0,0,0,0,0,0,0,0,0
202601,SUDESTE,RJ,330455,RIO DE JANEIRO,4090438,HOSPITAL CASA EGAS MONIZ HOSPITAL GERAL ADMINISTRACAO E GEST,HOSPITAL CASA EGAS MONIZ HOSPITAL GERAL ADMINISTRACAO E GEST,M,5,HOSPITAL GERAL,2062,HOSPITAL_PRIVADO,AV HENRIQUE VALADARES,158,,CENTRO,20231031,(21) 3497-1803,assuntos.regulatorios@hospitalcasa.com.br,81,0,31,0,21,0,0,0,10,0,0,0,0,0
202601,SUDESTE,RJ,330040,BARRA MANSA,4104269,PLAZA MEDICAL SERVICOS ESPECIALIZADOS EM SAUDE,PLAZA MEDICAL SERVICOS ESPECIALIZADOS EM SAUDE LTDA,M,7,HOSPITAL ESPECIALIZADO,2062,HOSPITAL_PRIVADO,TENENTE JOSE EDUARDO,200,,ANO BOM,27323240,24 33420298,G2CCONTABILIDADE@UOL.COM.BR,10,0,10,0,0,0,0,0,10,0,0,0,0,0
202601,SUDESTE,RJ,330280,MENDES,4123069,SAO MARCELINO CHAMPAGNAT,MUNICIPIO DE MENDES,M,5,HOSPITAL GERAL,1244,HOSPITAL_PÚBLICO,RJ127 KM30,S/N,,GONZALES,26700000,,,61,61,0,0,0,0,0,0,0,0,0,0,0,0
202601,SUDESTE,RJ,330455,RIO DE JANEIRO,4171330,HOSPITAL CASA MENSSANA,HOSPITAL CASA MENSSANA HOSPITAL GERAL ADM E GESTAO HOSP,M,7,HOSPITAL ESPECIALIZADO,2062,HOSPITAL_PRIVADO,RUA MARECHAL JOFRE,30,,GRAJAU,20560185,,,46,0,0,0,0,0,0,0,0,0,0,0,0,0
202601,SUDESTE,RJ,330455,RIO DE JANEIRO,4172140,ORPEXPLOIT BRASIL RESIDENCIAIS E CLINICAS PARA IDOSOS,ORPEXPLOIT BRASIL RESIDENCIAIS E CLINICAS,M,7,HOSPITAL ESPECIALIZADO,2062,HOSPITAL_PRIVADO,PAULO DE FRONTIN,756,,RIO COMPRIDO,20261243,,legalizacao@bslsaude.com.br,60,0,0,0,0,0,0,0,0,0,0,0,0,0
202601,SUDESTE,RJ,330100,CAMPOS DOS GOYTACAZES,4174941,HOSPITAL NURSING CARE,HOSPITAL NURSING CARE LTDA,M,5,HOSPITAL GERAL,2062,HOSPITAL_PRIVADO,AVENIDA DR ARTHUR BERNARDES,1583,1599,FLAMBOYANT II,28015325,22 27242982,ATENDIMENTO@HOSPITALNURSINGCARE.COM.BR,50,0,0,0,0,0,0,0,0,0,0,0,0,0
202601,SUDESTE,RJ,330455,RIO DE JANEIRO,4176030,HOSPITAL DE CLINICAS RIO MAR BARRA HIG,HOSPITAL INTEGRADOS DA GAVEA S A,M,5,HOSPITAL GERAL,2054,HOSPITAL_PRIVADO,AVENIDA CANDIDO PORTINARI,555,,BARRA DA TIJUCA,22793312,,legalizacao.obras@rededor.com.br,84,0,25,0,15,0,0,0,0,0,0,0,10,0
202601,SUDESTE,RJ,330455,RIO DE JANEIRO,4228391,MATERNIDADE PERINATAL BARRA,REDE DOR SAO LUIZ S A,M,7,HOSPITAL ESPECIALIZADO,2046,HOSPITAL_PRIVADO,AVENIDA EMBAIXADOR ABELARDO BUENO,201,LOT 02 PAL 46985,BARRA DA TIJUCA,22775040,2137222000,silvana.moura@rededor.com.br,161,0,81,0,17,0,12,0,52,0,0,0,0,0
202601,SUDESTE,RJ,330240,MACAE,4249216,NOVO HOSPITAL DA UNIMED,UNIMED DE MACAE COOPERATIVA DE ASSISTENCIA A SAUDE,M,5,HOSPITAL GERAL,2143,HOSPITAL_PRIVADO,ESTRADA HEROINA LIMA VIEIRA AZEVEDO,73,,GLORIA,27933030,(22) 2105-8008,diretoriahospital@costadosol.unimed.com.br,153,0,57,0,37,0,10,0,10,0,0,0,0,0
202601,SUDESTE,RJ,330580,TERESOPOLIS,4278399,NEONATAL TERESOPOLIS,REDE DOR SAO LUIZ S A,M,7,HOSPITAL ESPECIALIZADO,2046,HOSPITAL_PRIVADO,DELFIM MOREIRA,2149,3 ANDAR PARTE,VALE DO PARAISO,25976016,21 80537012,marcus.costaf@rededor.com.br,12,0,0,0,0,0,0,0,0,0,0,0,0,0
202601,SUDESTE,RJ,330095,COMENDADOR LEVY GASPARIAN,4296702,CLINICA MEDICA TRIUNFO,CLINICA MEDICATRIUNFO LTDA,M,7,HOSPITAL ESPECIALIZADO,2062,HOSPITAL_PRIVADO,EST UNIAO INDUSTRIA,S/N,KM 142,ZONA RURAL,25875000,(32) 3224-3374,MODERNOSCONTABILIDADE@HOTMAIL.COM,50,0,0,0,0,0,0,0,0,0,0,0,0,0
202601,SUDESTE,RJ,330455,RIO DE JANEIRO,4316908,CENTRO PEDIATRICO DE SAUDE INTEGRADA,CENTRO PEDIATRICO DE SAUDE INTEGRADA LTDA,M,7,HOSPITAL ESPECIALIZADO,2062,HOSPITAL_PRIVADO,AV LINEU DE PAULA MACHADO,64,,LAGOA,22470040,,analistadp@prontobaby.com.br,16,0,0,0,0,0,0,0,0,0,0,0,0,0
202601,SUDESTE,RJ,330455,RIO DE JANEIRO,4549082,LARANJEIRAS PLASTIC DAY,LARANJEIRAS HOSPITAL E CLINICA CIRURGICA LTDA,M,5,HOSPITAL GERAL,2062,HOSPITAL_PRIVADO,SOARES CABRAL,00038,,LARANJEIRAS,22240070,21 41059920,CAAFF.ASSESSORIA.RJ@GMAIL.COM,5,0,0,0,0,0,0,0,0,0,0,0,0,0
202601,SUDESTE,RJ,330455,RIO DE JANEIRO,4575474,SMS MATERNIDADE DA ROCINHA AP 21,SMS RIO MATERNIDADE DA ROCINHA AP 21,M,7,HOSPITAL ESPECIALIZADO,1031,HOSPITAL_PÚBLICO,AV NIEMEYER,776,,SAO CONRADO,22450221,,,9,9,0,0,0,0,0,0,0,0,0,0,0,0
202601,SUDESTE,RJ,330340,NOVA FRIBURGO,4613988,SES RJ HOSPITAL ESTADUAL ONCOLOGICO DE NOVA FRIBURGO,SECRETARIA DE ESTADO DE SAUDE SES,E,7,HOSPITAL ESPECIALIZADO,1023,HOSPITAL_PÚBLICO,AVENIDA HAMBURGO,2379,,PONTE DA SAUDADE,28615230,,,49,40,9,0,9,0,0,0,0,0,0,0,0,0
202601,SUDESTE,RJ,330490,SAO GONCALO,4628799,HOSPITAL GERAL DE SAO GONCALO,MUNICIPIO DE SAO GONCALO,M,5,HOSPITAL GERAL,1244,HOSPITAL_PÚBLICO,RUA SA CARVALHO,686,,VILA IARA,24440710,,,94,54,40,0,40,0,0,0,0,0,0,0,0,0
202601,SUDESTE,RJ,330630,VOLTA REDONDA,4643488,PLAZA MEDICAL SERVICOS ESPECIALIZADOS EM SAUDE LTDA,PLAZA MEDICAL SERVICOS ESPECIALIZADOS EM SAUDE LTDA,M,7,HOSPITAL ESPECIALIZADO,2062,HOSPITAL_PRIVADO,NOSSA SENHORA DAS GRACAS,235,PARTE,SAO GERALDO,27253610,24 33420298,G2CCONTABILIDADE@UOL.COM.BR,11,1,10,0,0,0,0,0,10,0,0,0,0,0
202601,SUDESTE,RJ,330455,RIO DE JANEIRO,4734785,IPANEMA SERV DE ASSIST MED CIR INF,IPANEMA SERV DE ASSIST MED CIR INF LTDA,M,7,HOSPITAL ESPECIALIZADO,2062,HOSPITAL_PRIVADO,AV EPITACIO PESSOA,5030,,LAGOA,22471006,,analistadp@prontobaby.com.br,1,0,0,0,0,0,0,0,0,0,0,0,0,0
202601,SUDESTE,RJ,330490,SAO GONCALO,4766679,VISATTO SERVICOS MEDICOS OFTALMOLOGICOS LTDA,VISATTO SERVICOS MEDICOS OFTALMOLOGICOS LTDA,M,7,HOSPITAL ESPECIALIZADO,2062,HOSPITAL_PRIVADO,DR NILO PECANHA,56,SALAS 04 05 06 07,CENTRO,24445360,(22) 98824-3382,VISATTOFINANCEIRO@GMAIL.COM,1,1,0,0,0,0,0,0,0,0,0,0,0,0
202601,SUDESTE,RJ,330170,DUQUE DE CAXIAS,4832256,HOSPITAL MUNICIPAL DO CORACAO SAO JOSE,SECRETARIA MUNICIPAL DE SAUDE DE DUQUE DE CAXIAS,M,7,HOSPITAL ESPECIALIZADO,1031,HOSPITAL_PÚBLICO,RUA NOBRE DE LACERDA,111,,VILA FLAVIA,25010260,,,48,18,30,0,30,0,0,0,0,0,0,0,0,0
202601,SUDESTE,RJ,330100,CAMPOS DOS GOYTACAZES,4888030,HOSPITAL DE OLHOS DE CAMPOS,HOSPITAL DE OLHOS DE CAMPOS LTDA,M,7,HOSPITAL ESPECIALIZADO,2062,HOSPITAL_PRIVADO,28 DE MARCO,545,,PARQUE SANTO AMARO,28020740,22 21312647,CONTATO@ESCRIMAR.COM.BR,1,0,0,0,0,0,0,0,0,0,0,0,0,0
202601,SUDESTE,RJ,330390,PETROPOLIS,4901541,SAUDE MAIS CENTRO MEDICO LDTA,SAUDE MAIS CENTRO MEDICO LDTA,M,5,HOSPITAL GERAL,2062,HOSPITAL_PRIVADO,UNIAO E INDUSTRIA,2501,PARTE 01,CORREAS,25720062,24 22363738,DIRECAOHCC@GMAIL.COM,91,0,45,0,45,0,0,0,0,0,0,0,0,0
202601,SUDESTE,RJ,330240,MACAE,4906349,HOSPITAL MACAE,PACIFICO OPERACOES HOSPITALARES S A,M,5,HOSPITAL GERAL,2054,HOSPITAL_PRIVADO,AVENIDA ALUIZIO DA SILVA GOMES,787,,GLORIA,27930560,(22) 2763-4000,legalizacao.obras@rededor.com.br,98,0,35,0,25,0,0,0,10,0,0,0,0,0
202601,SUDESTE,RJ,330455,RIO DE JANEIRO,4922816,REVIT HOSPITAIS,REVIT HOSPITAIS LTDA,M,5,HOSPITAL GERAL,2062,HOSPITAL_PRIVADO,R JARDIM BOTANICO,660,,JARDIM BOTANICO,22461002,(21) 2508-1637,FINANCEIRO@ELDRY.COM.BR,15,0,0,0,0,0,0,0,0,0,0,0,0,0
202601,SUDESTE,RJ,330490,SAO GONCALO,4930371,HOSPITAL SAO LUCAS DE NITEROI ASSIM MEDICAL,HOSPITAL SAO LUCAS DE NITEROI ASSIM MEDICAL LTDA,M,5,HOSPITAL GERAL,2062,HOSPITAL_PRIVADO,R CORONEL SERRADO,688,,ZE GAROTO,24440001,(21) 2102-9782,,20,0,0,0,0,0,0,0,0,0,0,0,0,0
202601,SUDESTE,RJ,330455,RIO DE JANEIRO,4935306,HOSPITAL BARRA DOR II,HOSPITAL ESPERANCA SA,M,5,HOSPITAL GERAL,2054,HOSPITAL_PRIVADO,AVENIDA NELSON MUFARREJ,255,,BARRA DA TIJUCA,22775050,(21)24303600,marcus.costaf@rededor.com.br,203,0,56,0,36,0,0,0,0,0,0,0,20,0
202601,SUDESTE,RJ,330455,RIO DE JANEIRO,5034302,TIJUTRAUMA 613,CENTRO ORTOPEDICO TRAUMATOLOGICO TIJUCA LTDA,M,7,HOSPITAL ESPECIALIZADO,2062,HOSPITAL_PRIVADO,ANTONIO BASILIO,613,,TIJUCA,20511190,,,62,0,0,0,0,0,0,0,0,0,0,0,0,0
202601,SUDESTE,RJ,330420,RESENDE,5042062,NEOVIDA RESENDE,CENTRO DE TERAPIA INTENSIVA NEOVIDA RESENDE LTDA,M,7,HOSPITAL ESPECIALIZADO,2062,HOSPITAL_PRIVADO,RUA CADETE EDSON,38,1 ANDAR,MONTESE,27541060,(24) 3355-8114/8390,neovidaresende@gmail.com,17,0,15,0,0,0,5,0,10,0,0,0,0,0
202601,SUDESTE,RJ,330330,NITEROI,5042488,MATERNIDADE MUNICIPAL DRA ALZIRA REIS VIEIRA FERREIRA,FUNDACAO MUNICIPAL DE SAUDE DE NITEROI,M,7,HOSPITAL ESPECIALIZADO,1155,HOSPITAL_PÚBLICO,RUA CARLOS ERMELINDO MARINS,S/N,,JURUJUBA,24370195,2136110107,admmarvf2@gmail.com,32,32,0,0,0,0,0,0,0,0,0,0,0,0
202601,SUDESTE,RJ,330280,MENDES,5057531,HOSPITAL MUNICIPAL SANTA MARIA,MUNICIPIO DE MENDES,M,5,HOSPITAL GERAL,1244,HOSPITAL_PÚBLICO,RUA CAPITAO MEXIAS,112,,CENTRO,26700000,2424652240,,22,21,0,0,0,0,0,0,0,0,0,0,0,0
202601,SUDESTE,RJ,330320,NILOPOLIS,5073898,DOMINGOS LOURENCO HOSPITAL E MATERNIDADE,CLINICA MATERNO INFANTIL DOMINGOS LOURENCO LTDA,M,7,HOSPITAL ESPECIALIZADO,2240,HOSPITAL_PRIVADO,RUA ALFREDO GONCALVES FILGUEIRAS,230,,CENTRO,26525060,21 32369300,assdir@domingoslourenco.com.br,61,0,31,0,1,0,0,0,30,0,0,0,0,0
202601,SUDESTE,RJ,330460,SANTA MARIA MADALENA,5095824,HOSPITAL BASILEU ESTRELA,MUNICIPIO DE SANTA MARIA MADALENA,M,5,HOSPITAL GERAL,1244,HOSPITAL_PÚBLICO,RUA BARAO DE MACABU,17,,CENTRO,28770000,2225611768,,23,23,0,0,0,0,0,0,0,0,0,0,0,0
202601,SUDESTE,RJ,330100,CAMPOS DOS GOYTACAZES,5108969,HOSPITAL UNIMED,UNIMED CAMPOS COOPERATIVA TRABALHO MEDICO,M,5,HOSPITAL GERAL,2143,HOSPITAL_PRIVADO,RUA VISCONDE DE ITABORAI,347,,PQ ROSARIO,28027142,22 21010650,,125,0,29,0,19,0,4,0,6,0,0,0,0,0
202601,SUDESTE,RJ,330455,RIO DE JANEIRO,5158044,HOSPITAL NAVAL MARCILIO DIAS,COMANDO DA MARINHA,M,5,HOSPITAL GERAL,1015,HOSPITAL_PÚBLICO,CESAR ZAMA,185,,LINS DE VASCONCELOS,20725090,,,561,0,67,0,41,0,6,0,10,0,0,0,10,0
202601,SUDESTE,RJ,330455,RIO DE JANEIRO,5160308,PRONTOBABY HOSPITAL DA CRIANCA,PRONTOBABY HOSPITAL DA CRIANCA LTDA,M,7,HOSPITAL ESPECIALIZADO,2062,HOSPITAL_PRIVADO,RUA ADOLFO MOTA 81,81,,TIJUCA,20540100,,,119,0,41,0,0,0,41,0,0,0,0,0,0,0
202601,SUDESTE,RJ,330455,RIO DE JANEIRO,5188326,LLAK MEDICINA NEONATAL LTDA MATRIZ,LLAK MEDICINA NEONATAL LTDA,M,7,HOSPITAL ESPECIALIZADO,2062,HOSPITAL_PRIVADO,RUA SILVA CARDOSO,711,3 ANDAR,BANGU,21810031,2124132003,ursula@neonatal.com.br,2,0,1,0,0,0,0,0,1,0,0,0,0,0
202601,SUDESTE,RJ,330350,NOVA IGUACU,5237424,HOSPITAL CATARINA,HOSPITAL CLINICO CIRURGICO CATARINA LTDA,M,5,HOSPITAL GERAL,2062,HOSPITAL_PRIVADO,AVENIDA ABILIO AUGUSTO TAVORA 2451,2451,LOTE 10,DA LUZ,26260045,(21) 97148-8942,CONTATO@HOSPITALCATARINA.COM.BR,5,0,0,0,0,0,0,0,0,0,0,0,0,0
202601,SUDESTE,RJ,330330,NITEROI,5264359,GERIATRIC S,RICARDO RODRIG E MARENIZIA B S RODRIG CONSULTORIOS LTDA,M,15,UNIDADE MISTA,2054,HOSPITAL_PRIVADO,ALMIRANTE ARY PARREIRAS,712,,VITAL BRASIL,24230322,21 93160792,,10,0,0,0,0,0,0,0,0,0,0,0,0,0
202601,SUDESTE,RJ,330411,PORTO REAL,5307864,HOSPITAL GERAL MUNICIPAL SAO FRANCISCO DE ASSIS,MUNICIPIO DE PORTO REAL,M,5,HOSPITAL GERAL,1244,HOSPITAL_PÚBLICO,AVENIDA RENATO MONTEIRO,1235,,CENTRO,27570000,2433534201,controleavaliacaopr@gmail.com,64,60,10,6,10,6,0,0,0,0,0,0,0,0
202601,SUDESTE,RJ,330455,RIO DE JANEIRO,5328942,CLINICA PEDIATRICA DA BARRA,CLINICA PEDIATRICA DA BARRA LTDA,M,21,PRONTO SOCORRO ESPECIALIZADO,2062,HOSPITAL_PRIVADO,AV DAS AMERICAS,4666,328 329,BARRA DA TIJUCA,22631004,21 34311000,pediatria@cmb.com.br,14,0,0,0,0,0,0,0,0,0,0,0,0,0
202601,SUDESTE,RJ,330555,SEROPEDICA,5349893,HOSPITAL MATERNIDADE MUNICIPAL DE SEROPEDICA,MUNICIPIO DE SEROPEDICA,M,7,HOSPITAL ESPECIALIZADO,1244,HOSPITAL_PÚBLICO,AV HALBERT ALVES DOS SANTOS,S/N,,INCRA,23890600,2126821532,hmmseropedica@hotmail.com,29,29,0,0,0,0,0,0,0,0,0,0,0,0
202601,SUDESTE,RJ,330455,RIO DE JANEIRO,5354684,UROCLIN,CLINICA ESPECIALIZADA EM UROLOGIA DE CAMPO GRANDE LTDA,M,7,HOSPITAL ESPECIALIZADO,2062,HOSPITAL_PRIVADO,RUA GENERAL ORLANDO GEISEL,100,LT 12 PAL 19672 Q117,RECREIO DOS BANDEIRA,22790280,21 24302504,UROLOGIACLIN@GMAIL.COM,1,0,0,0,0,0,0,0,0,0,0,0,0,0
202601,SUDESTE,RJ,330455,RIO DE JANEIRO,5355699,HOSPITAL DE CLINICAS SANTA CRUZ,HOSPITAL DE CLINICAS SANTA CRUZ LTDA,M,5,HOSPITAL GERAL,2062,HOSPITAL_PRIVADO,RUA FELIPE CARDOSO,759,,SANTA CRUZ,23510006,21039198,segurancatrab@hospitalmemorialsantacruz.com.br,46,0,10,0,10,0,0,0,0,0,0,0,0,0
202601,SUDESTE,RJ,330455,RIO DE JANEIRO,5358833,UFRJ INSTITUTO DE DOENCAS DO TORAX,UNIVERSIDADE FEDERAL DO RIO DE JANEIRO,M,7,HOSPITAL ESPECIALIZADO,1104,HOSPITAL_PÚBLICO,RUA PROFESSOR RODOLPHO PAULO ROCCO,255,01D58,ILHA DO FUNDAO,21941913,21 3938-2887,direcao@idt.ufrj.br,8,8,0,0,0,0,0,0,0,0,0,0,0,0
202601,SUDESTE,RJ,330170,DUQUE DE CAXIAS,5364515,HSCOR,HS COR HOSPITAL DO CORACAO DE DUQUE DE CAXIAS LTDA,M,5,HOSPITAL GERAL,2062,HOSPITAL_PRIVADO,GENERAL MITRE,110,,JARDIM 25 DE AGOSTO,25075100,21 21968012,,79,18,40,10,30,10,0,0,0,0,0,0,10,0
202601,SUDESTE,RJ,330455,RIO DE JANEIRO,5409063,HOSPITAL RIO LARANJEIRAS,HOSPITAL RIO LARANJEIRAS LTDA,M,5,HOSPITAL GERAL,2240,HOSPITAL_PRIVADO,DAS LARANJEIRAS,72,,LARANJEIRAS,22240000,21 31818647,assuntos.regulatorios@hospitalcasa.com.br,96,0,30,0,30,0,0,0,0,0,0,0,0,0
202601,SUDESTE,RJ,330240,MACAE,5412447,HOSPITAL PUBLICO MUNICIPAL DE MACAE HPM,MUNICIPIO DE MACAE,M,5,HOSPITAL GERAL,1244,HOSPITAL_PÚBLICO,ROD RJ 168,S/N,KM 04,VIRGEM SANTA,27910000,2227730061,hpmm@pop.com.br,274,258,46,34,30,30,6,4,10,0,0,0,0,0
202601,SUDESTE,RJ,330455,RIO DE JANEIRO,5414830,CLINICA CRISTO REI,CLINICA CRISTO REI LTDA,M,5,HOSPITAL GERAL,2062,HOSPITAL_PRIVADO,AVENIDA LOBO JUNIOR,695,,PENHA CIRCULAR,21020124,,,91,0,7,0,7,0,0,0,0,0,0,0,0,0
202601,SUDESTE,RJ,330200,ITAGUAI,5435153,UNIDADE BASICA DE SAUDE DR ALFREDO DE CARVALHO MAIO,UNIDADE BASICA DE SAUDE DR ALFREDO DE CARVALHO MAIO,M,15,UNIDADE MISTA,1244,HOSPITAL_PÚBLICO,RUA SAO BENEDITO,S/N,LT 22 23 E 24 QD13,VILA GENY,23826010,2137812799,ubsvilageny@itaguai.rj.gov.br,1,1,0,0,0,0,0,0,0,0,0,0,0,0
202601,SUDESTE,RJ,330045,BELFORD ROXO,5445329,CONTEX SOLUCOES E SERVICOS LTDA,CONTEX SOLUCOES E SERVICOS LTDA,M,7,HOSPITAL ESPECIALIZADO,2062,HOSPITAL_PRIVADO,BENJAMIM PINTO DIAS,1677,,CENTRO,26130001,21 26676676,CONTEX@GMAIL.COM,64,64,0,0,0,0,0,0,0,0,0,0,0,0
202601,SUDESTE,RJ,330320,NILOPOLIS,5478898,SES RJ HOSPITAL ESTADUAL VEREADOR MELCHIADES CALAZANS,SECRETARIA DE ESTADO DE SAUDE DO RIO DE JANEIRO,E,7,HOSPITAL ESPECIALIZADO,1023,HOSPITAL_PÚBLICO,RUA JOAO DE CASTRO,1250,,CABUIS,26540390,37611648,faturamento.htob@gmail.com,99,86,6,6,6,6,0,0,0,0,0,0,0,0
202601,SUDESTE,RJ,330350,NOVA IGUACU,5650852,SES RJ INSTITUTO ESTADUAL DE ONCOLOGIA DA BAIXADA,SECRETARIA DE ESTADO DE SAUDE SES,E,7,HOSPITAL ESPECIALIZADO,1023,HOSPITAL_PÚBLICO,AV BALTIMORE,23,,JARDIM ESPLANADA,26013320,,,95,85,10,0,10,0,0,0,0,0,0,0,0,0
202601,SUDESTE,RJ,330420,RESENDE,5681359,HOSPITAL MILITAR DE RESENDE,HOSPITAL MILITAR DE RESENDE,M,5,HOSPITAL GERAL,1015,HOSPITAL_PÚBLICO,RODOVIA PRESIDENTE DUTRA,306,,INDEPENDENCIA,27534970,(24) 3388-4753,,46,0,0,0,0,0,0,0,0,0,0,0,0,0
202601,SUDESTE,RJ,330070,CABO FRIO,5691710,PROCOR,L H EMPREENDIMENTOS MEDICOS LTDA,M,5,HOSPITAL GERAL,2062,HOSPITAL_PRIVADO,RUA ARIZIO GOMES DA COSTA,184,,JARDIM FLAMBOYANT,28905320,22 26457051,,58,0,0,0,0,0,0,0,0,0,0,0,0,0
202601,SUDESTE,RJ,330455,RIO DE JANEIRO,5717256,SMS HOSPITAL MUNICIPAL RONALDO GAZOLLA AP 33,EMPRESA PUBLICA DE SAUDE DO RIO DE JANEIRO S A RIOSAUDE,M,5,HOSPITAL GERAL,2011,HOSPITAL_PRIVADO,AV PASTOR MARTIN LUTHER KING,10976,,ACARI,21531010,(21)2088-4600,hospitalronaldogazolla.riosaude@gmail.com,425,425,245,245,245,245,0,0,0,0,0,0,0,0
202601,SUDESTE,RJ,330330,NITEROI,5738296,NEOTIN PEC,NEOTIN PEC UNIDADES MEDICAS INTENSIVAS LTDA,M,7,HOSPITAL ESPECIALIZADO,2062,HOSPITAL_PRIVADO,GUARARAPES,90,,SAO FRANCISCO,24360150,21 36179876,MARCELLO.TORRES@HMSAOFRANCISCO.COM.BR,7,0,0,0,0,0,0,0,0,0,0,0,0,0
202601,SUDESTE,RJ,330330,NITEROI,5738318,NEOTIN CIRURGIAS,NEOTIN CIRURGIAS LTDA,M,7,HOSPITAL ESPECIALIZADO,2062,HOSPITAL_PRIVADO,GUARARAPES,90,,SAO FRANCISCO,24360150,21 36179876,MARCELLO.TORRES@HMSAOFRANCISCO.COM.BR,60,0,30,0,0,0,10,0,20,0,0,0,0,0
202601,SUDESTE,RJ,330045,BELFORD ROXO,5811406,INSTITUTO ELISA DE CASTRO,INSTITUTO ELISA DE CASTRO,M,5,HOSPITAL GERAL,3999,HOSPITAL_FILANTRÓPICO,DJALMA RIBEIRO DE ANDRADE,5,,AREIA BRANCA,26112140,21 25322055,FISCALLDA@LDACONSULTORIA.COM,94,94,0,0,0,0,0,0,0,0,0,0,0,0
202601,SUDESTE,RJ,330040,BARRA MANSA,5829593,ANGIO BARRA,ANGIO BARRA MANSA HEMODINAMICA E CIRURGIAS CARDIOVASCULARES,M,7,HOSPITAL ESPECIALIZADO,2240,HOSPITAL_PRIVADO,PINTO RIBEIRO,205,ANDAR 2,CENTRO,27310420,24 33485060,,5,0,0,0,0,0,0,0,0,0,0,0,0,0
202601,SUDESTE,RJ,330170,DUQUE DE CAXIAS,5837618,HGF HOSPITAL GERAL NOSSA SENHORA DE FATIMA,HOSPITAL GERAL NOSSA SENHORA DE FATIMA LTDA,M,5,HOSPITAL GERAL,2062,HOSPITAL_PRIVADO,RUA VOLUNTARIOS DA PATRIA,257,CONJ PART,JARDIM 25 DE AGOSTO,25075030,,,55,0,10,0,10,0,0,0,0,0,0,0,0,0
202601,SUDESTE,RJ,330040,BARRA MANSA,5878640,HOSPITAL MATERNIDADE THERESA SACCHI DE MOURA,HOSPITAL MATERNO INFANTIL DE BARRA MANSA,M,7,HOSPITAL ESPECIALIZADO,1031,HOSPITAL_PÚBLICO,RUA TEN JOSE EDUARDO,200,,ANO BOM,27323240,02433245991,,38,38,0,0,0,0,0,0,0,0,0,0,0,0
202601,SUDESTE,RJ,330045,BELFORD ROXO,5886740,MATERNIDADE MUNICIPAL DE BELFORD ROXO,MUNICIPIO DE BELFORD ROXO,M,7,HOSPITAL ESPECIALIZADO,1244,HOSPITAL_PÚBLICO,AVENIDA BENJAMIN PINTO DIAS,S/N,,CENTRO,26116200,,,1,1,0,0,0,0,0,0,0,0,0,0,0,0
202601,SUDESTE,RJ,330045,BELFORD ROXO,5892732,DESAM,DESENVOLVIMENTO DE ASSISTENCIA MULTIPLA DESAM,M,5,HOSPITAL GERAL,3999,HOSPITAL_FILANTRÓPICO,BENJAMIM PINTO DIAS,1000,HOSPITAL,CENTRO,26130001,24 24712980,ADM@DESAM.COM.BR,31,0,0,0,0,0,0,0,0,0,0,0,0,0
202601,SUDESTE,RJ,330070,CABO FRIO,5903394,HOSPITAL MUNICIPAL DA MULHER EM CABO FRIO,HOSPITAL MUNICIPAL DA MULHER EM CABO FRIO,M,7,HOSPITAL ESPECIALIZADO,1031,HOSPITAL_PÚBLICO,FLORISBELA PENA,S/N,,BRAGA,28908050,22 26462506,CONTABILIDADE_SAUDE@CABOFRIO.RJ.GOV.BR,50,41,0,0,0,0,0,0,0,0,0,0,0,0
202601,SUDESTE,RJ,330455,RIO DE JANEIRO,5942292,CLINICA REVITALIS BARRA,CLINICA REVITALIS BARRA LTDA,M,7,HOSPITAL ESPECIALIZADO,2062,HOSPITAL_PRIVADO,EST BARRA DA TIJUCA,01020,,ITANHANGA,22641003,(21) 2529-2977,REVITALIS@CLINICAREVITALIS.COM.BR,47,0,0,0,0,0,0,0,0,0,0,0,0,0
202601,SUDESTE,RJ,330390,PETROPOLIS,5968879,CLINICA POUSADA DAS BROMELIAS,CASA DE SAUDE SANTA MONICA LTDA,M,7,HOSPITAL ESPECIALIZADO,2062,HOSPITAL_PRIVADO,RUA BISPO DOM JOSE PEREIRA ALVES,235,CASA,VALPARAISO,25685140,2422482289,pousada.das.bromelias@hotmail.com,30,0,0,0,0,0,0,0,0,0,0,0,0,0
202601,SUDESTE,RJ,330170,DUQUE DE CAXIAS,6007317,HOSPITAL MUNICIPAL MOACYR RODRIGUES DO CARMO,SECRETARIA MUNICIPAL DE SAUDE DE DUQUE DE CAXIAS,M,5,HOSPITAL GERAL,1031,HOSPITAL_PÚBLICO,ROD WASHINGTON LUIS,3200,,VILA SAO LUIZ,25085009,26721090 26723857,cnes.hmmrc.upa@gmail.com,309,299,30,20,30,20,0,0,0,0,0,0,0,0
202601,SUDESTE,RJ,330455,RIO DE JANEIRO,6043941,HOSPITAL CENTRAL DA AERONAUTICA HCA,HOSPITAL CENTRAL DA AERONAUTICA HCA,M,5,HOSPITAL GERAL,1015,HOSPITAL_PÚBLICO,RUA BARAO DE ITAPAGIPE,167,,RIO COMPRIDO,20261000,(21)3501-3100,dmd.hca@gmail.com,82,0,19,0,9,0,0,0,10,0,0,0,0,0
202601,SUDESTE,RJ,330100,CAMPOS DOS GOYTACAZES,6050476,HEMOCARDIO LTDA CARDIOCAMPOS,HEMOCARDIO LTDA,M,7,HOSPITAL ESPECIALIZADO,2240,HOSPITAL_PRIVADO,RUA SALDANHA MARINHO,480,1 ANDAR,CENTRO,28010272,2227345859,hemocardio@gmail.com,4,0,0,0,0,0,0,0,0,0,0,0,0,0
202601,SUDESTE,RJ,330452,RIO DAS OSTRAS,6069134,HOSPITAL MUNICIPAL DRA NAELMA MONTEIRO DA SILVA,MUNICIPIO RIO DAS OSTRAS,M,5,HOSPITAL GERAL,1244,HOSPITAL_PÚBLICO,RUA NILDON LUSTOSA,S/N,,PARQUE ZABULAO,28893800,22 27716329,hmro@pmro.rj.gov.br,63,57,6,0,6,0,0,0,0,0,0,0,0,0
202601,SUDESTE,RJ,330010,ANGRA DOS REIS,6086497,ANGRACOR SERVICOS HOSPITALARES LTDA,ANGRACOR SERVICOS HOSPITALARES LTDA,M,5,HOSPITAL GERAL,2240,HOSPITAL_PRIVADO,RUA MILTON BASILIO PEREIRA,455,,PARQUE DAS PALMEIRAS,23906270,2433650630,,5,0,5,0,5,0,0,0,0,0,0,0,0,0
202601,SUDESTE,RJ,330170,DUQUE DE CAXIAS,6121705,UTI RIO SERVICOS MEDICOS LTDA,UTI RIO SERVICOS MEDICOS LTDA,M,5,HOSPITAL GERAL,2240,HOSPITAL_PRIVADO,RUA CONDE DE PORTO ALEGRE,271,PARTE,25 DE AGOSTO,25070350,21-3672-8700,leandrohdl@uol.com.br,51,0,50,0,0,0,10,0,40,0,0,0,0,0
202601,SUDESTE,RJ,330185,GUAPIMIRIM,6146376,HOSPITAL MUNICIPAL JOSE RABELLO DE MELLO,PREFEITURA MUNICIPAL DE GUAPIMIRIM,M,5,HOSPITAL GERAL,1244,HOSPITAL_PÚBLICO,RUA OSVALDO CRUZ,0,,BANANAL,25946497,2126323169,sms@guapimirim.rj.gov.br,82,72,10,0,10,0,0,0,0,0,0,0,0,0
202601,SUDESTE,RJ,330455,RIO DE JANEIRO,6176666,HOSPITAL RIOS DOR,MEDISE MEDICINA DIAGNOSTICO E SERVICOS S A,M,5,HOSPITAL GERAL,2054,HOSPITAL_PRIVADO,DOS TRES RIOS,1316,1366 FREGUESIA,JACAREPAGUA,22745005,21 22833448,,138,0,41,0,34,0,7,0,0,0,0,0,0,0
202601,SUDESTE,RJ,330455,RIO DE JANEIRO,6183948,CASA DE SAUDE SAO JOAO DE DEUS,SAMOC S A SOCIEDADE ASSITENCIAL MEDICA E ODONTO CIRURGICA,M,5,HOSPITAL GERAL,2054,HOSPITAL_PRIVADO,ALMIRANTE ALEXANDRINO,2696,,SANTA TEREZA,20241263,(21)3233-1018,,8,0,7,0,7,0,0,0,0,0,0,0,0,0
202601,SUDESTE,RJ,330023,ARMACAO DOS BUZIOS,6200702,HOSPITAL MUNICIPAL DR RODOLPHO PERISSE,PREFEITURA MUNICIPAL DE ARMACAO DOS BUZIOS,M,5,HOSPITAL GERAL,1031,HOSPITAL_PÚBLICO,ESTRADA DOS BUZIOS,S/N,HOSPITAL,SAO JOSE,28958580,2226237622,saudebuzios@gmail.com,93,91,10,10,10,10,0,0,0,0,0,0,0,0
202601,SUDESTE,RJ,330440,RIO CLARO,6232094,HOSPITAL MUNICIPAL NOSSA SENHORA DA PIEDADE,SECRETARIA MUNICIPAL DE SAUDE DE RIO CLARO,M,5,HOSPITAL GERAL,1244,HOSPITAL_PÚBLICO,RODOVIA FRANCISCO SATURNINO BRAGA,9831,,GUARITA,27460000,24 33321611/33321798,fusarc.infdados@rioclaro.rj.gov.br,43,43,0,0,0,0,0,0,0,0,0,0,0,0
202601,SUDESTE,RJ,330455,RIO DE JANEIRO,6257100,UNIDADE INTEGRADA DE SAUDE MENTAL,COMANDO DA MARINHA,M,7,HOSPITAL ESPECIALIZADO,1015,HOSPITAL_PÚBLICO,MARECHAL SEREJO,539,,JACAREPAGUA,22743380,(21) 3312-4900,uism.secom@marinha.mil.br,56,0,0,0,0,0,0,0,0,0,0,0,0,0
202601,SUDESTE,RJ,330045,BELFORD ROXO,6291724,NEOPED,NEOPED UNIDADE NEONATAL E PEDIATRICA LTDA,M,7,HOSPITAL ESPECIALIZADO,2240,HOSPITAL_PRIVADO,BENJAMIN PINTO DIAS,1000,PARTE,CENTRO,26130000,21 26622400,josealbertovieira@globo.com,4,0,1,0,0,0,0,0,1,0,0,0,0,0
202601,SUDESTE,RJ,330040,BARRA MANSA,6392415,INTENSI BABY,CENTRO PERINATAL E PEDIATRICO SANTA MARIA LTDA,M,7,HOSPITAL ESPECIALIZADO,2062,HOSPITAL_PRIVADO,RUA TENENTE JOSE EDUARDO,585,,ANO BOM,27323240,33221788,intensibaby@gmail.com.br,10,0,6,0,0,0,2,0,4,0,0,0,0,0
202601,SUDESTE,RJ,330455,RIO DE JANEIRO,6427138,HOSPITAL DE CLINICAS SAO MATHEUS,AMA ASSISTENCIA MEDICA ALTERNATIVA LTDA,M,5,HOSPITAL GERAL,2062,HOSPITAL_PRIVADO,SILVA CARDOSO,689,,BANGU,21810031,21 24017396,clinicama@ig.com.br,136,0,32,0,20,0,0,0,12,0,0,0,0,0
202601,SUDESTE,RJ,330510,SAO JOAO DE MERITI,6518893,SES RJ HOSPITAL DA MULHER HELONEIDA STUDART,SECRETARIA DE ESTADO DE SAUDE SES,E,7,HOSPITAL ESPECIALIZADO,1023,HOSPITAL_PÚBLICO,AUTOMOVEL CLUBE,S/N,LOTE 1745,JARDIM JOSE BONIFACI,25565171,21 26519600,,134,134,30,30,10,10,0,0,20,20,0,0,0,0
202601,SUDESTE,RJ,330630,VOLTA REDONDA,6635148,HOSPITAL UNIMED,UNIMED DE VOLTA REDONDA COOPERATIVA DE TRABALHO MEDICO,M,5,HOSPITAL GERAL,2143,HOSPITAL_PRIVADO,DOS METALURGICOS,2490,,CASA DE PEDRA,27258000,24 21027007,NUCLEOFISCAL@UNIMEDVR.COM.BR,253,10,50,10,30,10,9,0,11,0,0,0,0,0
202601,SUDESTE,RJ,330455,RIO DE JANEIRO,6638309,QUALI DIAGNOSE,LORD SERVICOS MEDICOS LTDA,M,5,HOSPITAL GERAL,2062,HOSPITAL_PRIVADO,BARAO DA TORRE,00145,NUM 00151 151 A,IPANEMA,22411001,21 86343108,GER.ADMINISTRATIVA@QUALIIPANEMA.COM.BR,10,0,0,0,0,0,0,0,0,0,0,0,0,0
202601,SUDESTE,RJ,330500,SAO JOAO DA BARRA,6656951,CENTRO MUNICIPAL DE EMERGENCIA,MUNICIPIO DE SAO JOAO DA BARRA,M,20,PRONTO SOCORRO GERAL,1244,HOSPITAL_PÚBLICO,BR 356,S/N,FUNDOS,CENTRO,28200000,,,34,34,0,0,0,0,0,0,0,0,0,0,0,0
202601,SUDESTE,RJ,330455,RIO DE JANEIRO,6670504,LLAK MEDICINA NEONATAL BANGU,LLAK MEDICINA NEONATAL LTDA,M,7,HOSPITAL ESPECIALIZADO,2062,HOSPITAL_PRIVADO,SILVA CARDOSO,689,3 ANDAR,BANGU,21810031,21 24132003,llak@neonatal.com.br,25,0,0,0,0,0,0,0,0,0,0,0,0,0
202601,SUDESTE,RJ,330455,RIO DE JANEIRO,6681573,HOSPITAL NORTE DOR,HOSPITAL NORTE DOR DE CASCADURA SA,M,5,HOSPITAL GERAL,2054,HOSPITAL_PRIVADO,RUA CAROLINA MACHADO,38,,CASCADURA,21351021,21 37473600,diretoria@nortedor.com.br,146,0,40,0,40,0,0,0,0,0,0,0,0,0
202601,SUDESTE,RJ,330455,RIO DE JANEIRO,6716849,SMS COORD DE EMERGENCIA REGIONAL CER LEBLON AP 21,SMS RIO COORD DE EMERGENCIA REGIONAL CER LEBLON AP 21,M,20,PRONTO SOCORRO GERAL,1031,HOSPITAL_PÚBLICO,RUA MARIO RIBEIRO,1080,,LEBLON,22430160,2529-9227,coord.adm.cerleblon@fas.org.br,15,1,14,0,14,0,0,0,0,0,0,0,0,0
202601,SUDESTE,RJ,330455,RIO DE JANEIRO,6716938,SMS COORD DE EMERGENCIA REGIONAL CER BARRA AP 40,SMS RIO COORD DE EMERGENCIA REGIONAL CER BARRA AP 40,M,20,PRONTO SOCORRO GERAL,1031,HOSPITAL_PÚBLICO,AVENIDA AYRTON SENNA,2000,,BARRA DA TIJUCA,22793000,35507060,coord.emerg.barra.riosaude@gmail.com,6,0,0,0,0,0,0,0,0,0,0,0,0,0
202601,SUDESTE,RJ,330330,NITEROI,6734014,HOSPITAL ICARAI,CLINICA SAO GONCALO LTDA,M,5,HOSPITAL GERAL,2062,HOSPITAL_PRIVADO,RUA MARQUES DE PARANA,233,,CENTRO,24030215,3176-5000-RM :5114,,256,0,0,0,0,0,0,0,0,0,0,0,0,0
202601,SUDESTE,RJ,330455,RIO DE JANEIRO,6753469,HOSPITAL CENTRAL DO EXERCITO,HOSPITAL CENTRAL DO EXERCITO,M,5,HOSPITAL GERAL,1015,HOSPITAL_PÚBLICO,FRANCISCO MANUEL,126,PAVLH DIRECAO,BENFICA,20911270,21 38917269,tesouraria@hce.eb.mil.br,61,0,0,0,0,0,0,0,0,0,0,0,0,0
202601,SUDESTE,RJ,330330,NITEROI,6861873,SAO FRANCISCO HOSPITAL MATERNIDADE,NEOTIN NEONATAL TERAPIA INTENSIVA LTDA,M,7,HOSPITAL ESPECIALIZADO,2062,HOSPITAL_PRIVADO,TAPAJOS,325,ANTIGO 81,SAO FRANCISCO,24360200,,comercial@hmsaofrancisco.com.br,118,5,34,0,4,0,10,0,20,0,0,0,0,0
202601,SUDESTE,RJ,330455,RIO DE JANEIRO,6878865,HOSPITAL E MATERNDADE SANTA LUCIA,ESHO EMPRESA DE SERVICOS HOSPITALARES S A,M,5,HOSPITAL GERAL,2054,HOSPITAL_PRIVADO,R VOL PATRIA 435 E R CAPSALOMAO 25 27 29 31 33 35,435,,BOTAFOGO,22270000,(21) 21264000,almeida.camila@amil.com.br,78,0,26,0,16,0,0,0,10,0,0,0,0,0
202601,SUDESTE,RJ,330455,RIO DE JANEIRO,6995462,SMS HOSPITAL MUNICIPAL PEDRO II AP 53,SMS RIO HOSPITAL MUNICIPAL PEDRO II AP 53,M,5,HOSPITAL GERAL,1031,HOSPITAL_PÚBLICO,RUA DO PRADO,325,,SANTA CRUZ,23555012,3365 5201,cnes.hmp2@spdm-pais.org.br,331,322,63,54,34,34,10,10,10,10,9,0,0,0
202601,SUDESTE,RJ,330455,RIO DE JANEIRO,7002017,MS INCA HOSPITAL DO CANCER IV CUIDADOS PALIATIVOS,MS INCA HC IV HOSPITAL DO CANCER IV,M,7,HOSPITAL ESPECIALIZADO,1015,HOSPITAL_PÚBLICO,RUA VISCONDE SANTA ISABEL,274,,VILA ISABEL,20560120,21 3207 4058,hc4@inca.gov.br,56,56,0,0,0,0,0,0,0,0,0,0,0,0
202601,SUDESTE,RJ,330285,MESQUITA,7011857,SES RJ COMPLEXO REG MESQUITA MATERNID E CLINICA MULHER,FUNDACAO SAUDE DO ESTADO DO RIO DE JANEIRO,E,7,HOSPITAL ESPECIALIZADO,1260,HOSPITAL_PÚBLICO,DR CARVALHAES,400,,ROCHA SOBRINHO,26572530,21 23345010,ANA.FERNANDES@FS.GOV.BR,128,128,10,10,0,0,0,0,10,10,0,0,0,0
202601,SUDESTE,RJ,330455,RIO DE JANEIRO,7027397,SMS MATERNIDADE MARIA AMELIA BUARQUE DE HOLLANDA AP 10,SMS RIO MATERNIDADE MARIA AMELIA BUARQUE DE HOLLANDA AP 10,M,7,HOSPITAL ESPECIALIZADO,1031,HOSPITAL_PÚBLICO,RUA MONCORVO FILHO,67,,CENTRO,20211340,2122241949,hmmabh.faturamento@gmail.com,123,122,13,12,0,0,0,0,13,12,0,0,0,0
202601,SUDESTE,RJ,330455,RIO DE JANEIRO,7041624,SMS MATERNIDADE DA MULHER MARISKA RIBEIRO AP 51,SMS RIO HOSPITAL MUNICIPAL DA MULHER MARISKA RIBEIRO AP 51,M,7,HOSPITAL ESPECIALIZADO,1031,HOSPITAL_PÚBLICO,PRACA 1 DE MAIO,S/N,,BANGU,21830006,21 2042-2912,diretoria.hmmr@cejam.org.br,123,123,10,10,0,0,0,0,10,10,0,0,0,0
202601,SUDESTE,RJ,330630,VOLTA REDONDA,7052987,HINJA,HOSPITAL JARDIM AMALIA LTDA,M,5,HOSPITAL GERAL,2062,HOSPITAL_PRIVADO,DR MIGUEL COUTO,70,,JARDIM AMALIA,27251260,0024 03482001,HIMJA@UOL.COM.BR,22,0,2,0,2,0,0,0,0,0,0,0,0,0
202601,SUDESTE,RJ,330455,RIO DE JANEIRO,7065515,HOSPITAL SAO FRANCISCO NA PROVIDENCIA DE DEUS,ASSOCIACAO LAR SAO FRANCISCO DE ASSIS NA PROVIDENCIA DE DEUS,E,5,HOSPITAL GERAL,3999,HOSPITAL_FILANTRÓPICO,RUA CONDE DE BONFIM,1033,,TIJUCA,20530001,21 32944500,coordfaturamento.hsf@alsf.org.br,244,90,55,26,55,26,0,0,0,0,0,0,0,0
202601,SUDESTE,RJ,330420,RESENDE,7149328,HOSPITAL UNIMED RESENDE,UNIMED RESENDE RJ COOPERATIVA DE TRABALHO MEDICO,M,5,HOSPITAL GERAL,2143,HOSPITAL_PRIVADO,RUA ELZA DA SILVA DUARTE,71,,MANEJO,27520005,(24) 2108-9912,adm@hospitalunimedresende.com.br,70,0,10,0,10,0,0,0,0,0,0,0,0,0
202601,SUDESTE,RJ,330455,RIO DE JANEIRO,7158726,ESPACO CLIF,ESPACO CLIF MENTE E VIDA SA,M,7,HOSPITAL ESPECIALIZADO,2054,HOSPITAL_PRIVADO,RUA DAS PALMEIRAS,46,,BOTAFOGO,22270070,,,20,0,0,0,0,0,0,0,0,0,0,0,0,0
202601,SUDESTE,RJ,330100,CAMPOS DOS GOYTACAZES,7162723,ONCOBEDA II,ONCOBEDA SERVICOS MEDICOS LTDA ME,M,5,HOSPITAL GERAL,2062,HOSPITAL_PRIVADO,RUA SALDANHA MARINHO,387,,CENTRO,28010271,27330101,,32,0,5,0,5,0,0,0,0,0,0,0,0,0
202601,SUDESTE,RJ,330455,RIO DE JANEIRO,7166494,SMS HOSPITAL MUNICIPAL EVANDRO FREIRE AP 31,SMS RIO HOSPITAL MUNICIPAL EVANDRO FREIRE AP 31,M,5,HOSPITAL GERAL,1031,HOSPITAL_PÚBLICO,ESTRADA DO GALEAO,2920,,PORTUGUESA ILHA DO G,21931582,21 38122400,faturamento.hmef@cejam.org.br,103,103,30,30,30,30,0,0,0,0,0,0,0,0
202601,SUDESTE,RJ,330100,CAMPOS DOS GOYTACAZES,7170645,COMUNIDADE S8,COMUNIDADE S8,M,7,HOSPITAL ESPECIALIZADO,3999,HOSPITAL_FILANTRÓPICO,FAZENDA PEDRA LISA,S/N,,MORRO DO COCO,28178000,,comunidades8@comunidades8.org.br,42,0,0,0,0,0,0,0,0,0,0,0,0,0
202601,SUDESTE,RJ,330455,RIO DE JANEIRO,7185081,SES RJ HOSPITAL ESTADUAL TRANSPLANTE CANCER E CIR INFANTIL,SECRETARIA DE ESTADO DE SAUDE SES,E,7,HOSPITAL ESPECIALIZADO,1023,HOSPITAL_PÚBLICO,RUA LUIZ BELTRAO,147,RUA DAS TULIPAS 209,VILA VALQUEIRE,21330400,2133699650,administracao@hcrianca.com.br,83,77,26,20,0,0,10,10,16,10,0,0,0,0
202601,SUDESTE,RJ,330330,NITEROI,7202180,PLACI NITEROI,SETRE SERVICO DE TRATAMENTO E REABILITACAO ESPECIALIZADA LTD,M,5,HOSPITAL GERAL,2062,HOSPITAL_PRIVADO,MARTINS TORRES,98,,SANTA ROSA,24240705,21 34357385,RECEPCAO@PLACI.COM.BR,37,0,0,0,0,0,0,0,0,0,0,0,0,0
202601,SUDESTE,RJ,330170,DUQUE DE CAXIAS,7244339,HOSPITAL CAXIAS DOR,REDE DOR SAO LUIZ S A,M,5,HOSPITAL GERAL,2046,HOSPITAL_PRIVADO,AVENIDA BRIGADEIRO LIMA E SILVA,821,,25 DE AGOSTO,25071182,2134613488,diretoria@caxiasdor.com.br,220,0,114,0,49,0,28,0,15,0,0,0,22,0
202601,SUDESTE,RJ,330455,RIO DE JANEIRO,7251491,UNIMED RIO HOSPITAL BARRA DA TIJUCA,UNIMED RIO EMPREENDIMENTOS MEDICOS E HOSPITALARES LTDA,M,5,HOSPITAL GERAL,2062,HOSPITAL_PRIVADO,AV AYRTON SENNA,2550,,BARRA DA TIJUCA,22775003,21 3883-1000,,225,0,65,0,55,0,10,0,0,0,0,0,0,0
202601,SUDESTE,RJ,330455,RIO DE JANEIRO,7267975,SES RJ INSTITUTO ESTADUAL DO CEREBRO PAULO NIEMEYER,SECRETARIA DE ESTADO DE SAUDE DO RIO DE JANEIRO,E,7,HOSPITAL ESPECIALIZADO,1023,HOSPITAL_PÚBLICO,RUA DO REZENDE,156,NAO HA,CENTRO,20231092,021-38124105,hvillacorta@ideas.med.br,110,95,59,44,44,38,15,6,0,0,0,0,0,0
202601,SUDESTE,RJ,330455,RIO DE JANEIRO,7317530,HOSPITAL SAMARITANO,ESHO EMPRESA DE SERVICOS HOSPITALARES S A,M,5,HOSPITAL GERAL,2054,HOSPITAL_PRIVADO,RUA BAMBINA,98,,BOTAFOGO,22251050,(21) 3444-1000,edgar.araujo@amil.com.br,73,0,29,0,29,0,0,0,0,0,0,0,0,0
202601,SUDESTE,RJ,330390,PETROPOLIS,7337159,CLINICA REVITALIS,CLINICA PARA TRATAMENTO DE DEPENDENTES QUIMICOS REVITALIS,M,7,HOSPITAL ESPECIALIZADO,2062,HOSPITAL_PRIVADO,ESTRADA BERNARDO COUTINHO,2241,,ARARAS,25725022,2225-0430,revitalis@clinicarevitalis.com.br,108,0,0,0,0,0,0,0,0,0,0,0,0,0
202601,SUDESTE,RJ,330010,ANGRA DOS REIS,7354746,HOSPITAL MUNICIPAL DA JAPUIBA HMJ,FUNDACAO HOSPITALAR JORGE ELIAS MIGUEL,M,5,HOSPITAL GERAL,1155,HOSPITAL_PÚBLICO,RUA JAPORANGA,1700,,JAPUIBA,23934055,24 33686556,HGJ.dtec@angra.rj.gov.br,157,157,20,20,20,20,0,0,0,0,0,0,0,0
202601,SUDESTE,RJ,330030,BARRA DO PIRAI,7415273,CONSULTORIO UNIMED 24 HORAS,UNIMED CENTRO SUL FLUMINENSE COOPERATIVA DE TRABALHO MEDICO,M,5,HOSPITAL GERAL,2143,HOSPITAL_PRIVADO,RUA FRANKLIN DE MORAES,67,,CENTRO,27135000,24 24471700,,11,0,0,0,0,0,0,0,0,0,0,0,0,0
202601,SUDESTE,RJ,330455,RIO DE JANEIRO,7421710,HOSPITAL PASTEUR,AMICO SAUDE LTDA,M,5,HOSPITAL GERAL,2054,HOSPITAL_PRIVADO,AVENIDA AMARO CAVALCANTI,495,,MEIER,20735040,(21) 2104-4400,adm@hospitalpasteur.com.br,287,0,65,0,39,0,10,0,16,0,0,0,0,0
202601,SUDESTE,RJ,330200,ITAGUAI,7436734,HOSPITAL GERAL DE ITAGUAI,C M M A CENTRO MEDICO MOISES ABRAAO LTDA,M,5,HOSPITAL GERAL,2062,HOSPITAL_PRIVADO,ARI PARREIRAS,S/N,QUADRA03 LOTE 03 E 0,CENTRO,23815541,21 33953403,,94,37,20,0,10,0,10,0,0,0,0,0,0,0
202601,SUDESTE,RJ,330350,NOVA IGUACU,7454007,NEOVIDA NOVA IGUACU,NEOVIDA C INFANTIL DE T I E URG DE CAXIAS LTDA EPP,M,7,HOSPITAL ESPECIALIZADO,2062,HOSPITAL_PRIVADO,RUA NELSON RAMOS,733,,CENTRO,26210140,2126539619,neovidacentroinfantil@gamil.com,29,0,28,0,0,0,0,0,28,0,0,0,0,0
202601,SUDESTE,RJ,330455,RIO DE JANEIRO,7458940,HOSPITAL BARRA DOR,HOSPITAL ESPERANCA S A,M,5,HOSPITAL GERAL,2054,HOSPITAL_PRIVADO,AVENIDA AYRTON SENNA,3079,ANTIGO 2 541 AREA 2,BARRA DA TIJUCA,22775002,21 24303600,SECRETARIA@BARRADOR.COM.BR,30,0,16,0,0,0,16,0,0,0,0,0,0,0
202601,SUDESTE,RJ,330455,RIO DE JANEIRO,7474059,HOSPITAL SAO LUCAS,IMPAR SERVICOS HOSPITALARES SA,M,5,HOSPITAL GERAL,2054,HOSPITAL_PRIVADO,TRAV FREDERICO PAMPLONA,32,29 32 S C RAMOS 173,COPACABANA,22061080,(21) 2545-4407,nadia@saolucascopacabana.com.br,204,0,74,0,74,0,0,0,0,0,0,0,0,0
202601,SUDESTE,RJ,330455,RIO DE JANEIRO,7516800,SES RJ HOSPITAL ESTADUAL EDUARDO RABELLO,FUNDACAO SAUDE DO ESTADO DO RIO DE JANEIRO,E,5,HOSPITAL GERAL,1260,HOSPITAL_PÚBLICO,DO PRE,S/N,,SENADOR VASCONCELOS,23013550,21 3408-9190,DOMINGOS.LIMA@FS.RJ.GOV.BR,69,62,7,0,7,0,0,0,0,0,0,0,0,0
202601,SUDESTE,RJ,330550,SAQUAREMA,7529384,SES RJ HOSPITAL ESTADUAL DOS LAGOS NOSSA SENHORA DE NAZARETH,SECRETARIA DE ESTADO DE SAUDE SES,E,5,HOSPITAL GERAL,1023,HOSPITAL_PÚBLICO,MANOEL DOMINGOS DOS SANTOS,725,,BARREIROS,28994621,22 9971-63518,hosp.est.doslagos.helagos@gmail.com,89,69,23,10,10,10,0,0,13,0,0,0,0,0
202601,SUDESTE,RJ,330190,ITABORAI,7550944,HOSPITAL ADVENTISTA SILVESTRE UNIDADE ITABORAI,INSTITUICAO ADVENTISTA ESTE BRAS DE PREV E ASS A SAUDE,M,5,HOSPITAL GERAL,3999,HOSPITAL_FILANTRÓPICO,RUA DESEMBARGADOR FERREIRA PINTO,721,PARTE,CENTRO,24800205,(21) 37856200,,13,0,8,0,8,0,0,0,0,0,0,0,0,0
202601,SUDESTE,RJ,330350,NOVA IGUACU,7580126,HOSPITAL GERAL PRONTONIL,HGP HOSPITAL GERAL PRONTONIL,M,5,HOSPITAL GERAL,2062,HOSPITAL_PRIVADO,OSCAR SOARES,515,PARTE,CALIFONIA,26220098,213892-7229,miranda@prontonil.com.br,102,0,44,0,34,0,10,0,0,0,0,0,0,0
202601,SUDESTE,RJ,330350,NOVA IGUACU,7591136,HOSPITAL IGUASSU MATERNIDADE MUNICIPAL MARIANA BULHOES,SECRETARIA MUNICIPAL DE SAUDE DE NOVA IGUACU,M,7,HOSPITAL ESPECIALIZADO,1244,HOSPITAL_PÚBLICO,RUA CORONEL ALFREDO SOARES,S/N,,CENTRO,26255150,31023123,direcaogeral.mmmb@gmail.com,30,0,25,0,0,0,0,0,25,0,0,0,0,0
202601,SUDESTE,RJ,330452,RIO DAS OSTRAS,7605331,CENTRO MEDICO INTEGRADO SANTA TERESINHA,INTERMEDICAL SERVICOS DE GESTAO ORGANIZACAO E LOGISTICA EM,M,5,HOSPITAL GERAL,2062,HOSPITAL_PRIVADO,AVENIDA GOVERNADOR ROBERTO SILVEIRA,S/N,QD0A8 LT014,COSTAZUL,28895266,22 27645751,,10,0,10,0,10,0,0,0,0,0,0,0,0,0
202601,SUDESTE,RJ,330455,RIO DE JANEIRO,7605935,HOSPITAL BANGU,REDE DOR SAO LUIZ S A,M,5,HOSPITAL GERAL,2046,HOSPITAL_PRIVADO,FRANCISCO REAL,00732,NUM 00722 LOT 1 PA,PADRE MIGUEL,21810042,21 31075600,legalizacao.obras@rededor.com.br,51,0,19,0,19,0,0,0,0,0,0,0,0,0
202601,SUDESTE,RJ,330452,RIO DAS OSTRAS,7612036,PRONTO SOCORRO MUNICIPAL RIO DAS OSTRAS,PREFEITURA MUNICIPAL DE RIO RIO DAS OSTRAS,M,5,HOSPITAL GERAL,1244,HOSPITAL_PÚBLICO,LAERCIO LUCIO DE CARVALHO,1075,,PARQUE ZABULAO,28893437,22 27641823,,46,42,0,0,0,0,0,0,0,0,0,0,0,0
202601,SUDESTE,RJ,330455,RIO DE JANEIRO,7642415,SAMARITANO BARRA,HOSPITAL ALVORADA TAGUATINGA LTDA,M,5,HOSPITAL GERAL,2054,HOSPITAL_PRIVADO,AV JORGE CURI,550,BLOCO B,BARRA DA TIJUCA,22640102,21 31422760,jusanramos@amil.com.br,32,0,8,0,8,0,0,0,0,0,0,0,0,0
202601,SUDESTE,RJ,330455,RIO DE JANEIRO,7642423,HOSPITAL VITORIA AMC,HOSPITAL ALVORADA TAGUATINGA LTDA,M,5,HOSPITAL GERAL,2054,HOSPITAL_PRIVADO,AVENIDA JORGE CURI,550,BLOCO C D,BARRA DA TIJUCA,22793334,,jusanramos@amil.com.br,239,0,50,0,34,0,16,0,0,0,0,0,0,0
202601,SUDESTE,RJ,330240,MACAE,7655703,HOSPITAL PUBLICO MUNICIPAL DA SERRA HPMS,MUNICIPIO DE MACAE,M,5,HOSPITAL GERAL,1244,HOSPITAL_PÚBLICO,RUA JOAO MANOEL DA SILVA,600,,TRAPICHE,27945000,(22) 2793-3914,assessoriahpms@gmail.com,31,31,0,0,0,0,0,0,0,0,0,0,0,0
202601,SUDESTE,RJ,330455,RIO DE JANEIRO,7659415,HOSPITAL OESTE DOR,REDE DOR SAO LUIZ S A,M,5,HOSPITAL GERAL,2046,HOSPITAL_PRIVADO,RUA OLINDA ELLIS,93,,CAMPO GRANDE,23045160,2124143600,legalizacao.obras@rededor.com.br,175,0,64,0,41,0,7,0,16,0,0,0,0,0
202601,SUDESTE,RJ,330040,BARRA MANSA,7711697,CASA CLINICA DE ATENCAO A SAUDE AMPLIADA SOCIEDADE EMPRESA,CASA CLINICA DE ATENCAO A SAUDE AMPLIADA SOCIEDADE EMPRESA,M,7,HOSPITAL ESPECIALIZADO,2062,HOSPITAL_PRIVADO,RUA ABDO FELIPE,156,,ANO BOM,27345030,02433230140,,21,0,0,0,0,0,0,0,0,0,0,0,0,0
202601,SUDESTE,RJ,330455,RIO DE JANEIRO,7859341,HOSPITAL SAO VICENTE DE PAULO,HOSPITAL SAO VICENTE DE PAULO,M,5,HOSPITAL GERAL,3999,HOSPITAL_FILANTRÓPICO,GONCALVES CRESPO,430,,TIJUCA,20270320,21 25632121,juridico@hsvp.org.br,131,0,20,0,10,0,0,0,0,0,0,0,10,0
202601,SUDESTE,RJ,330185,GUAPIMIRIM,7877528,PENSIONATO N S APARECIDA,PENSIONATO PROTEGIDO NOSSA SENHORA APARECIDA LTDA,M,7,HOSPITAL ESPECIALIZADO,2062,HOSPITAL_PRIVADO,AVENIDA CAFE FILHO,123,,CITROLANDIA,25942220,,,60,0,0,0,0,0,0,0,0,0,0,0,0,0
202601,SUDESTE,RJ,330330,NITEROI,7884680,HOSPITAL ITAIPU,UNIMED SAO GONCALO NITEROI SOC COOP SERV MED HOSP LTDA,M,5,HOSPITAL GERAL,2143,HOSPITAL_PRIVADO,ESTRADA FRANCISCO DA CRUZ NUNES,5599,,PIRATININGA,24350310,21 26085430,diretoria@hospitalitaipu.com.br,179,0,65,0,50,0,15,0,0,0,0,0,0,0
202601,SUDESTE,RJ,330455,RIO DE JANEIRO,7898843,HOSPITAL PANAMERICANO,CASA DE SAUDE SANTA THEREZINHA S A,M,5,HOSPITAL GERAL,2062,HOSPITAL_PRIVADO,MOURA BRITO,138,,TIJUCA,20520060,998118321,almeida.camila@amil.com.br,109,0,22,0,22,0,0,0,0,0,0,0,0,0
202601,SUDESTE,RJ,330620,VASSOURAS,7938861,CIS CENTRO INTEGRADO DE SAUDE,FUNDACAO EDUCACIONAL SEVERINO SOMBRA,M,5,HOSPITAL GERAL,3069,HOSPITAL_FILANTRÓPICO,AVENIDA RUI BARBOSA,17,,SANTA AMALIA,27700000,24 24718381,,23,0,9,0,5,0,0,0,4,0,0,0,0,0
202601,SUDESTE,RJ,330455,RIO DE JANEIRO,7954549,HOSPITAL ILHA DO GOVERNADOR,HOSPITAL ILHA DO GOVERNADOR LTDA,M,5,HOSPITAL GERAL,2062,HOSPITAL_PRIVADO,ESTRADA DO DENDE,668,,TAUA,21920610,32168000,assuntos.regulatorios@hospitalcasa.com.br,113,0,37,0,37,0,0,0,0,0,0,0,0,0
202601,SUDESTE,RJ,330455,RIO DE JANEIRO,8080798,GLORIA DOR,GLORIA DOR OPERACOES HOSPITALARES LTDA,M,5,HOSPITAL GERAL,2062,HOSPITAL_PRIVADO,RUA SANTO AMARO,80,886 88 90 E 92 SUP R,GLORIA,22211230,(21) 3262-2000,LEGALIZACAO.OBRAS@REDEDOR.COM.BR,218,0,81,0,30,0,14,0,20,0,0,0,17,0
202601,SUDESTE,RJ,330220,ITAPERUNA,9020462,HOSPITAL UNIMED NORTE FLUMINENSE,UNIMED DO NORTE FLUMINENSE COOP TRABALHO MEDICO,M,5,HOSPITAL GERAL,2143,HOSPITAL_PRIVADO,BUARQUE DE NAZARETH,226,ANEXO 221 E 234,CENTRO,28300000,22 38232450,jroberto@itaperuna.unimed.com.br,33,0,0,0,0,0,0,0,0,0,0,0,0,0
202601,SUDESTE,RJ,330455,RIO DE JANEIRO,9027645,PLACI BOTAFOGO,SOCIEDADE HOSPITALAR 4 DE JULHO LTDA,M,5,HOSPITAL GERAL,2062,HOSPITAL_PRIVADO,GENERAL POLIDORO,144,,BOTAFOGO,22280005,21 25165306,nathalia.tostes@aptalicenciamentos.com.br,90,0,0,0,0,0,0,0,0,0,0,0,0,0
202601,SUDESTE,RJ,330455,RIO DE JANEIRO,9065946,HOSPITAL COPA STAR,REDE DOR SAO LUIZ S A,M,5,HOSPITAL GERAL,2046,HOSPITAL_PRIVADO,RUA FIGUEIREDO MAGALHAES,700,,COPACABANA,22031012,34613620,LEGALIZACAO.OBRAS@REDEDOR.COM.BR,51,0,40,0,40,0,0,0,0,0,0,0,0,0
202601,SUDESTE,RJ,330630,VOLTA REDONDA,9074457,SES RJ HOSP REGIONAL MEDIO PARAIBA DRA ZILDA ARNS NEUMANN,SECRETARIA ESTADUAL DE SAUDE DO RIO DE JANEIRO,E,5,HOSPITAL GERAL,1023,HOSPITAL_PÚBLICO,RODOVIA PRESIDENTE DUTRA,S/N,KM 257 258,RIO DAS FLORES,27257420,(24) 3512-5002,MBIASI@IDEAS.MED.BR,242,174,144,76,109,56,35,20,0,0,0,0,0,0
202601,SUDESTE,RJ,330205,ITALVA,9089497,ASSOCIACAO BENEFICIENTE E ASSISTENCIA MAGNUS DE ITALVA,ASSOCIACAO BENEFICIENTE E ASSISTENCIA MAGNUS DE ITALVA,M,5,HOSPITAL GERAL,3999,HOSPITAL_FILANTRÓPICO,CORONEL LUIS SALLES,208,,CENTRO,28250000,22 27832485,,56,0,0,0,0,0,0,0,0,0,0,0,0,0
202601,SUDESTE,RJ,330455,RIO DE JANEIRO,9151532,HOSPITAL CASA DE PORTUGAL HOSPITAL GERAL ADMINISTRACAO,HOSPITAL CASA DE PORTUGAL HOSPITAL GERAL ADMINISTRACAO,M,5,HOSPITAL GERAL,2062,HOSPITAL_PRIVADO,RUA DO BISPO,S/N,PARTE,RIO COMPRIDO,20261064,(21) 2218-5354,assuntos.regulatorios@hospitalcasa.com.br,100,0,68,0,68,0,0,0,0,0,0,0,0,0
202601,SUDESTE,RJ,330455,RIO DE JANEIRO,9198024,HOSPITAL RIO BOTAFOGO,HOSPITAL RIO BOTAFOGO LTDA,M,5,HOSPITAL GERAL,2062,HOSPITAL_PRIVADO,BARAO DE LUCENA,95,,BOTAFOGO,22260020,21 3216-8000,assuntos.regulatorios@hospitalcasa.com.br,70,0,28,0,28,0,0,0,0,0,0,0,0,0
202601,SUDESTE,RJ,330455,RIO DE JANEIRO,9214763,HOSPITAL CASA SAO BERNARDO,HOSPITAL CASA SAO BERNARDO HOSPITAL GERAL,M,5,HOSPITAL GERAL,2062,HOSPITAL_PRIVADO,AVENIDA DAS AMERICAS,3250,,BARRA DA TIJUCA,22640102,,assuntos.regulatorios@hospitalcasa.com.br,135,0,78,0,70,0,0,0,0,0,0,0,8,0
202601,SUDESTE,RJ,330025,ARRAIAL DO CABO,9409858,PRONTO SOCORRO DE ARRAIAL DO CABO,PRONTO SOCORRO DE ARRAIAL DO CABO,M,20,PRONTO SOCORRO GERAL,1031,HOSPITAL_PÚBLICO,AVENIDA GETULIO VARGAS,S/N,,CANAA,28930000,(22) 2622 2107,,3,3,0,0,0,0,0,0,0,0,0,0,0,0
202601,SUDESTE,RJ,330455,RIO DE JANEIRO,9426752,HOSPITAL BARRA PLASTICA,YP CLINICA CIRURGICA DA BARRA LTDA,M,7,HOSPITAL ESPECIALIZADO,2062,HOSPITAL_PRIVADO,RUA DAUT PERES,114,,BARRA DA TIJUCA,22640070,3251-1070/3253-5228,atendimento.barraplastica@gmail.com,21,0,0,0,0,0,0,0,0,0,0,0,0,0
202601,SUDESTE,RJ,330210,ITAOCARA,9441085,TOTAL MED SERVICOS MEDICOS LTDA ME,TOTAL MED SERVICOS MEDICOS LTDA ME,M,15,UNIDADE MISTA,2062,HOSPITAL_PRIVADO,RUA NILO PECANHA,564,SALA 789101112,CENTRO,28570000,2238618421,,3,0,0,0,0,0,0,0,0,0,0,0,0,0
202601,SUDESTE,RJ,330455,RIO DE JANEIRO,9461086,HOSPITAL SEMIU,SEMIU CENTRO MEDICO LTDA,M,5,HOSPITAL GERAL,2062,HOSPITAL_PRIVADO,AVENIDA VICENTE DE CARVALHO,1159,,VILA DA PENHA,21210623,21 34578800,GESTAO@SEMIU.COM.BR,175,0,37,0,22,0,0,0,0,0,0,0,15,0
202601,SUDESTE,RJ,330150,CORDEIRO,9491619,HOSPITAL DE CORDEIRO,MUNICIPIO DE CORDEIRO,M,5,HOSPITAL GERAL,1244,HOSPITAL_PÚBLICO,RUA ABEL VENTURA RIBEIRO DE MORAES,361,,CENTRO,28540000,,,40,40,0,0,0,0,0,0,0,0,0,0,0,0
202601,SUDESTE,RJ,330455,RIO DE JANEIRO,9505512,HOSPITAL PREMIUM,HOSPITAL CASA HOSPITAL DO CANCER,M,7,HOSPITAL ESPECIALIZADO,2062,HOSPITAL_PRIVADO,RUA DO BISPO,18,LOTE 1 PAL 10328,RIO COMPRIDO,20261064,02135503800,,82,0,27,0,27,0,0,0,0,0,0,0,0,0
202601,SUDESTE,RJ,330455,RIO DE JANEIRO,9567933,HOSPITAL MEMORIAL FUAD CHIDID,HOSPITAL MEMORIAL FUAD CHIDID LTDA,M,5,HOSPITAL GERAL,2062,HOSPITAL_PRIVADO,JOSE DOS REIS,81,23 27 59 71 73 75,ENGENHO DE DENTRO,20756115,,,92,0,29,0,29,0,0,0,0,0,0,0,0,0
202601,SUDESTE,RJ,330455,RIO DE JANEIRO,9614133,INTERMEDICA,NOTRE DAME INTERMEDICA SAUDE S A,M,5,HOSPITAL GERAL,2054,HOSPITAL_PRIVADO,SILVA TELES,00052,,ANDARAI,20541110,21 2570-6336,t_roberto.calheiros@hapvida.com.br,50,0,9,0,9,0,0,0,0,0,0,0,0,0
202601,SUDESTE,RJ,330455,RIO DE JANEIRO,9640665,LOG HEALTH,LOG HEALTH LOGISTICA GESTAO EM SAUDE DE,M,5,HOSPITAL GERAL,2062,HOSPITAL_PRIVADO,RUA ADOLFO BERGAMINI,206,PARTE,ENGENHO DE DENTRO,20730000,(21)3899-6342,,21,0,21,0,21,0,0,0,0,0,0,0,0,0
202601,SUDESTE,RJ,330100,CAMPOS DOS GOYTACAZES,9666389,VILA VERDE,NOVOS RUMOS SAUDE MENTAL LTDA,M,7,HOSPITAL ESPECIALIZADO,2062,HOSPITAL_PRIVADO,VOLUNTARIOS DA PATRIA,194,,CENTRO,28035260,22 998021806,SOCIETARIO3@MAXIMUMCONTABIL.COM.BR,2,0,0,0,0,0,0,0,0,0,0,0,0,0
202601,SUDESTE,RJ,330455,RIO DE JANEIRO,9739459,CENTRO HOSPITALAR AMEP JACAREPAGUA,HSJ HOSPITAL SEMIU DE JACAREPAGUA LTDA,M,5,HOSPITAL GERAL,2062,HOSPITAL_PRIVADO,MARECHAL MIGUEL SALAZAR MENDES DE MORAIS,254,,TAQUARA,22770330,21 86691518,GEANFRANCO@UOL.COM.BR,4,0,0,0,0,0,0,0,0,0,0,0,0,0
202601,SUDESTE,RJ,330630,VOLTA REDONDA,9761322,HOSPITAL VIVER MAIS,HOSPITAL VIVER MAIS S A,M,5,HOSPITAL GERAL,2054,HOSPITAL_PRIVADO,CENTO E CINQUENTA E SEIS,380,,LARANJAL,27255005,24 33430773,HOSPITALVIVERMAIS@GMAIL.COM,59,0,10,0,10,0,0,0,0,0,0,0,0,0
202601,SUDESTE,RJ,330390,PETROPOLIS,9762558,H C C CENTRO DE TERAPIA INTENSIVA E CIRURGICA LTDA,H C C CENTRO DE TERAPIA INTENSIVA E CIRURGICA LTDA,M,5,HOSPITAL GERAL,2062,HOSPITAL_PRIVADO,ESTRADA UNIAO E INDUSTRIA,2501,PARTE,CORREAS,25720062,(24) 22363738,faturamentohcc.hcc@gmail.com,91,1,45,0,45,0,0,0,0,0,0,0,0,0
202601,SUDESTE,RJ,330455,RIO DE JANEIRO,9796282,HOSPITAL PRO CRIANCA,HOSPITAIS INTEGRADOS DA GAVEA S A,M,7,HOSPITAL ESPECIALIZADO,2054,HOSPITAL_PRIVADO,RUA DONA MARIANA,220,,BOTAFOGO,22280020,32394685,legalizacao.obras@rededor.com.br,43,0,12,0,0,0,12,0,0,0,0,0,0,0
202601,SUDESTE,RJ,330455,RIO DE JANEIRO,9837426,HOSPITAL GLORIA DOR,HOSPITAIS INTEGRADOS DA GAVEA S A,E,5,HOSPITAL GERAL,2054,HOSPITAL_PRIVADO,RUA SANTO AMARO,80,86 88 90 92 C ENTRA,GLORIA,22211230,(21) 3262-2000,LEGALIZACAO.OBRAS@REDEDOR.COM.BR,218,0,81,0,30,0,14,0,20,0,0,0,17,0
202601,SUDESTE,RJ,330330,NITEROI,9839674,ESSENCIAL HOSPITAL DE TRANSICAO,ESSENCIAL CARE ASSISTENCIA MEDICA,M,5,HOSPITAL GERAL,2062,HOSPITAL_PRIVADO,AVENIDA RUI BARBOSA,716,,SAO FRANCISCO,24360440,,,30,0,0,0,0,0,0,0,0,0,0,0,0,0
202601,SUDESTE,RJ,330270,MARICA,9895124,ERNESTO CHE GUEVARA SMSM,HOSPITAL MUNICIPAL DR ERNESTO CHE GUEVARA,M,5,HOSPITAL GERAL,1031,HOSPITAL_PÚBLICO,ROD ERNANI DO AMARAL PEIXOTO,23269,QD GLD LT 2,SAO JOSE DO IMBASSAI,24931000,21-26372667,ernestocheguevaramarica@gmail.com,118,103,25,10,20,10,5,0,0,0,0,0,0,0
202601,SUDESTE,RJ,330010,ANGRA DOS REIS,9903496,PLAZA MEDICAL SERVICOS ESPECIALIZADOS EM SAUDE LTDA,PLAZA MEDICAL SERVICOS ESPECIALIZADOS EM SAUDE LTDA,M,5,HOSPITAL GERAL,2062,HOSPITAL_PRIVADO,RUA DOUTOR COUTINHO,84,2 ANDAR,CENTRO,23900620,24 21022121,,20,0,20,0,0,0,5,0,15,0,0,0,0,0
202601,SUDESTE,RJ,330490,SAO GONCALO,9912584,CLISSIL,CLISSIL CLINICA SAO SILVESTRE,M,7,HOSPITAL ESPECIALIZADO,2240,HOSPITAL_PRIVADO,RUA DR NILO PECANHA,940,,NOVA CIDADE,24440000,,,20,0,0,0,0,0,0,0,0,0,0,0,0,0
202601,SUDESTE,RJ,330110,CANTAGALO,9921710,CTI JOAO PAULO II,CENTRO DE TRATAMENTO INTENSIVO DE CANTAGALO LTDA,M,5,HOSPITAL GERAL,2062,HOSPITAL_PRIVADO,MIGUEL SANTOS,25,,CHACARA QUEIMADA,28500000,22 25510125,sandro@contavel.com,10,0,10,0,10,0,0,0,0,0,0,0,0,0
202602,SUDESTE,RJ,330330,NITEROI,12505,HOSPITAL UNIVERSITARIO ANTONIO PEDRO,EMPRESA BRASILEIRA DE SERVICOS HOSPITALARES,M,5,HOSPITAL GERAL,2011,HOSPITAL_PRIVADO,RUA MARQUES DO PARANA,303,,CENTRO,24033900,(21) 26299114,uac.huap@ebserh.gov.br,240,211,34,34,16,16,0,0,8,8,0,0,10,10
202602,SUDESTE,RJ,330330,NITEROI,12513,HOSPITAL MUNICIPAL CARLOS TORTELLY,FUNDACAO MUNICIPAL DE SAUDE,M,5,HOSPITAL GERAL,1155,HOSPITAL_PÚBLICO,ATHAYDE PARREIRAS,266,,NITEROI,24070090,(21) 2729-9342,,126,126,0,0,0,0,0,0,0,0,0,0,0,0
202602,SUDESTE,RJ,330330,NITEROI,12521,SES RJ HOSPITAL ESTADUAL AZEVEDO LIMA,SECRETARIA DE ESTADO DE SAUDE SES,E,5,HOSPITAL GERAL,1023,HOSPITAL_PÚBLICO,DR TEIXEIRA DE FREITAS,30,,FONSECA,24355090,2126271448,faturamento@fs.rj.gov.br,248,228,45,30,35,30,0,0,10,0,0,0,0,0
202602,SUDESTE,RJ,330330,NITEROI,12548,HOSPITAL DA POLICIA MILITAR DE NITEROI,HOSPITAL DA POLICIA MILITAR DE NITEROI,M,5,HOSPITAL GERAL,1023,HOSPITAL_PÚBLICO,RUA MARTINS TORRES,245,,SANTA ROSA,24240705,(21)2715-4765,subdirtec?_hpmnit@pmerj.rj.gov.br,27,0,0,0,0,0,0,0,0,0,0,0,0,0
202602,SUDESTE,RJ,330330,NITEROI,12556,HOSPITAL ORENCIO DE FREITAS,FUNDACAO MUNICIPAL DE SAUDE DE NITEROI,M,5,HOSPITAL GERAL,1155,HOSPITAL_PÚBLICO,MACHADO,S/N,,BARRETO,24111000,021 26203434,direcaohof@gmail.com,73,67,6,0,6,0,0,0,0,0,0,0,0,0
202602,SUDESTE,RJ,330330,NITEROI,12599,HOSPITAL GETULIO VARGAS FILHO,FUNDACAO MUNICIPAL DE SAUDE,M,7,HOSPITAL ESPECIALIZADO,1155,HOSPITAL_PÚBLICO,TEIXEIRA DE FREITAS,S/N,,FONSECA,24130616,,,81,79,17,17,0,0,10,10,7,7,0,0,0,0
202602,SUDESTE,RJ,330330,NITEROI,12610,HOSPITAL DE OLHOS SANTA BEATRIZ,HOSPITAL OFTALMOLOGICO SANTA BEATRIZ LTDA,M,7,HOSPITAL ESPECIALIZADO,2062,HOSPITAL_PRIVADO,ALAMEDA SAO BOAVENTURA,586,,FONSECA,24120191,(21)26268000,diretoria@hosb.com.br,44,20,0,0,0,0,0,0,0,0,0,0,0,0
202602,SUDESTE,RJ,330330,NITEROI,12718,HOSPITAL PSIQUIATRICO DE JURUJUBA,FUNDACAO MUNICIPAL DE SAUDE DE NITEROI,M,7,HOSPITAL ESPECIALIZADO,1155,HOSPITAL_PÚBLICO,AV SILVIO PICANCO,S/N,,CHARITAS,24370005,(21)26107678,hospitalpsiquiatricodejurujuba@saude.niteroi.rj.gov.br,45,45,0,0,0,0,0,0,0,0,0,0,0,0
202602,SUDESTE,RJ,330330,NITEROI,12769,SES RJ INSTITUTO ESTADUAL DE DOENCAS DO TORAX ARY PARREIRAS,SECRETARIA DE ESTADO DE SAUDE DO RIO DE JANEIRO,E,7,HOSPITAL ESPECIALIZADO,1023,HOSPITAL_PÚBLICO,RUA DR LUIZ PALMIER,762,,BARRETO,24110310,(21)27290008,dg@ietap.fs.rj.gov.br,82,33,10,0,10,0,0,0,0,0,0,0,0,0
202602,SUDESTE,RJ,330330,NITEROI,12823,SEAP RJ HOSPITAL DE CUST E TRAT PSIQUIATRICO HENRIQUE ROXO,SECRETARIA DE ESTADO DE ADMINISTRACAO PENITENCIARIA,E,7,HOSPITAL ESPECIALIZADO,1023,HOSPITAL_PÚBLICO,RUA PROFESSOR HEITOR CARRILHO,S/N,,CENTRO,24030230,,seaphr@gmail.com,155,155,0,0,0,0,0,0,0,0,0,0,0,0
202602,SUDESTE,RJ,330630,VOLTA REDONDA,25135,HOSPITAL MUNICIPAL SAO JOAO BATISTA,SERVICO AUTONOMO HOSPITALAR,M,5,HOSPITAL GERAL,1120,HOSPITAL_PÚBLICO,RUA NOSSA SENHORA DAS GRACAS,235,,SAO GERALDO,27253610,2433424144,sah@hsjb.org.br,161,155,9,9,9,9,0,0,0,0,0,0,0,0
202602,SUDESTE,RJ,330630,VOLTA REDONDA,25143,HOSPITAL MUNICIPAL DR MUNIR RAFFUL,HOSPITAL MUNICIPAL DR MUNIR RAFFUL,M,5,HOSPITAL GERAL,1031,HOSPITAL_PÚBLICO,AV JARAGUA,1020,,RETIRO,27277130,2433399393,hmr@epdvr.com.br,183,179,10,6,10,6,0,0,0,0,0,0,0,0
202602,SUDESTE,RJ,330630,VOLTA REDONDA,25186,H FOA ECOSSISTEMA EM SAUDE E EDUCACAO ESCOLA MEDICA,FUNDACAO OSWALDO ARANHA,M,5,HOSPITAL GERAL,3069,HOSPITAL_FILANTRÓPICO,DR MIGUEL COUTO,70,,JARDIM AMALIA,27251260,24 33408371,direcao.executiva@hfoa.org.br,74,34,38,5,8,5,14,0,16,0,0,0,0,0
202602,SUDESTE,RJ,330630,VOLTA REDONDA,26050,HOSPITAL SANTA CECILIA,INSTITUTO DO CANCER DO CEARA,M,5,HOSPITAL GERAL,3999,HOSPITAL_FILANTRÓPICO,41 C,160,,VILA SANTA CECILIA,27255430,24 33443262,contabilidade@icc.org.br,125,18,30,6,20,6,5,0,5,0,0,0,0,0
202602,SUDESTE,RJ,330455,RIO DE JANEIRO,32247,HOSP CASA EVANGELICO HOSP GERAL ADM E GESTAO HOSP,HOSP CASA EVANGELICO HOSP GERAL ADM E GESTAO HOSP,M,5,HOSPITAL GERAL,2062,HOSPITAL_PRIVADO,RUA BOM PASTOR,295,CASA 1 PARTE CASA 1,TIJUCA,20521060,,,134,0,63,0,48,0,5,0,10,0,0,0,0,0
202602,SUDESTE,RJ,330045,BELFORD ROXO,52825,SOPHIA MEDIC SERVICOS MEDICOS E CIRURGICOS LTDA,SOPHIA MEDIC SERVICOS MEDICOS E CIRURGICOS LTDA,M,7,HOSPITAL ESPECIALIZADO,2062,HOSPITAL_PRIVADO,BENJAMIM PINTO DIAS,1677,SALA PARTE HOSPITAL,CENTRO,26130001,21 41231376,MEDIC.SOPHIA@GMAIL.COM,50,50,0,0,0,0,0,0,0,0,0,0,0,0
202602,SUDESTE,RJ,330330,NITEROI,55859,PROCEM CENTRO DE ESPECIALIDADES MEDICAS,C R P T ASSISTENCIA MEDICA E HOSPITALAR LTDA,M,7,HOSPITAL ESPECIALIZADO,2062,HOSPITAL_PRIVADO,TIRADENTES,12,E 18 PARTE,INGA,24210510,21 26210826,financeiro@clinicaprocem.com.br,60,0,24,0,0,0,4,0,20,0,0,0,0,0
202602,SUDESTE,RJ,330455,RIO DE JANEIRO,89338,HOSPITAL DOUTOR MARCOS MORAES,HOSPITAL DE ONCOLOGIA DO MEIER S A,M,5,HOSPITAL GERAL,2054,HOSPITAL_PRIVADO,ARISTIDES CAIRE,00027,,MEIER,20775090,21 30316762,TRIBUTARIO.GESTAO@ONCOCLINICAS.COM,86,0,10,0,10,0,0,0,0,0,0,0,0,0
202602,SUDESTE,RJ,330250,MAGE,103616,UNIDADE 24 HORAS DE SANTO ALEIXO,MUNICIPIO DE MAGE,M,20,PRONTO SOCORRO GERAL,1244,HOSPITAL_PÚBLICO,AVENIDA OTHON LINCH BEZERRA DE MELLO,329,ANT PRED CENTRO ADM,SANTO ALEIXO,25912206,,,14,14,0,0,0,0,0,0,0,0,0,0,0,0
202602,SUDESTE,RJ,330330,NITEROI,105317,HOSPITAL MUNICIPAL OCEANICO DR GILSON CANTARINO HMOGC,FUNDACAO MUNICIPAL DE SAUDE DE NITEROI,M,5,HOSPITAL GERAL,1155,HOSPITAL_PÚBLICO,DOUTOR RAUL DE OLIVEIRA RODRIGUES,382,,PIRATININGA,24350630,21 31803948,CONTABILIDADESAUDEDENITEROI@GMAIL.COM,78,78,10,10,10,10,0,0,0,0,0,0,0,0
202602,SUDESTE,RJ,330490,SAO GONCALO,113115,HOSPITAL MUNICIPAL RETAGUARDA GONCALENSE,SECRETARIA MUNICIPAL DE SAUDE DE SAO GONCALO,M,5,HOSPITAL GERAL,1244,HOSPITAL_PÚBLICO,RUA JOAO DE SOUZA,410,,CENTRO,24445370,,,86,59,27,0,27,0,0,0,0,0,0,0,0,0
202602,SUDESTE,RJ,330490,SAO GONCALO,113891,HOSPITAL DO CANCER E DO CORACAO HCCOR,SECRETARIA MUNICIPAL DE SAUDE DE SAO GONCALO,M,7,HOSPITAL ESPECIALIZADO,1244,HOSPITAL_PÚBLICO,ESTRADA DE PACHECO,216,A,LAGOINHA,24440400,,,47,47,10,10,10,10,0,0,0,0,0,0,0,0
202602,SUDESTE,RJ,330190,ITABORAI,131237,HOSPITAL MUNICIPAL SAO JUDAS TADEU,PREFEITURA MUNICIPAL DE ITABORAI,M,5,HOSPITAL GERAL,1244,HOSPITAL_PÚBLICO,AV 22 DE MAIO,S/N,,OUTEIRO DAS PEDRAS,24812222,21 2645-4508,gabinete.saude@itaborai.rj.gov.br,30,30,0,0,0,0,0,0,0,0,0,0,0,0
202602,SUDESTE,RJ,330170,DUQUE DE CAXIAS,155055,MATERNIDADE SANTA CRUZ DA SERRA,MUNICIPIO DE DUQUE DE CAXIAS,M,7,HOSPITAL ESPECIALIZADO,1244,HOSPITAL_PÚBLICO,AV AUTOMOVEL CLUBE,275,,SANTA CRUZ DA SERRA,25272405,,rh.maternidade.stserra@gmail.com,105,105,0,0,0,0,0,0,0,0,0,0,0,0
202602,SUDESTE,RJ,330414,QUEIMADOS,182974,HOSPITAL E MATERNIDADE MUNICIPAL DE QUEIMADOS,MUNICIPIO DE QUEIMADOS,M,7,HOSPITAL ESPECIALIZADO,1244,HOSPITAL_PÚBLICO,RUA DEUSINHO DE FREITAS,13,,CENTRO,26325290,26657800,,32,32,0,0,0,0,0,0,0,0,0,0,0,0
202602,SUDESTE,RJ,330360,PARACAMBI,219436,MATERNIDADE LAURINDO JOSE FERREIRA,MUNICIPIO DE PARACAMBI,M,7,HOSPITAL ESPECIALIZADO,1244,HOSPITAL_PÚBLICO,AVENIDA JONAS LEAL,17,,LAGES,26600000,,,15,15,0,0,0,0,0,0,0,0,0,0,0,0
202602,SUDESTE,RJ,330020,ARARUAMA,221015,HOSPITAL MUNICIPAL DR JAQUELINE PRATES CNPJ 31 135 0460001 4,HOSPITAL MUNICIPAL DRA JAQUELINE PRATES,M,5,HOSPITAL GERAL,1031,HOSPITAL_PÚBLICO,MAJOR FELIX MOREIRA,267,,CENTRO,28979102,22 97402349,sesau01@gmail.com,70,70,0,0,0,0,0,0,0,0,0,0,0,0
202602,SUDESTE,RJ,330350,NOVA IGUACU,679550,SES RJ HOSPITAL ESTADUAL DR RICARDO CRUZ,SECRETARIA DE ESTADO DE SAUDE SES,E,5,HOSPITAL GERAL,1023,HOSPITAL_PÚBLICO,AVENIDA GOVERNADOR ROBERTO SILVEIRA,1385,,CENTRO,26285060,26586670,hospitalestadualdrricardocruz@gmail.com,300,160,140,0,100,0,40,0,0,0,0,0,0,0
202602,SUDESTE,RJ,330455,RIO DE JANEIRO,697524,HOSPITAL DE AERONAUTICA DOS AFONSOS,HOSPITAL DE AERONAUTICA DOS AFONSOS,M,5,HOSPITAL GERAL,1015,HOSPITAL_PÚBLICO,AVENIDA MARECHAL FONTENELLE,1628,CAMPO DOS AFONSOS,CAMPO DOS AFONSOS,21740002,32896800,secdir.haaf@fab.mil.br,81,0,7,0,7,0,0,0,0,0,0,0,0,0
202602,SUDESTE,RJ,330510,SAO JOAO DE MERITI,726095,HOSPITAL MATERNIDADE SAO JOAO DE MERITI,MUNICIPIO DE SAO JOAO DE MERITI,M,7,HOSPITAL ESPECIALIZADO,1244,HOSPITAL_PÚBLICO,RUA VIRGILIO DE AZAMBUJA MONTEIRO,13,,CENTRO,25520410,,hospitalmaternidade.sjm@gmail.com,68,48,12,0,0,0,0,0,12,0,0,0,0,0
202602,SUDESTE,RJ,330455,RIO DE JANEIRO,759384,QUALITY CARE,QUALITY CARE SOLUCOES MEDICAS INTEGRADAS LTDA,M,5,HOSPITAL GERAL,2062,HOSPITAL_PRIVADO,RUA MENA BARRETO,165,,BOTAFOGO,22271100,2130903400,contratos@qualitylifehc.com.br,32,0,0,0,0,0,0,0,0,0,0,0,0,0
202602,SUDESTE,RJ,330200,ITAGUAI,767190,HOSPITAL COSTA VERDE,UNIMED COSTA VERDE RJ,M,5,HOSPITAL GERAL,2143,HOSPITAL_PRIVADO,HAROLDO RODRIGUES JESUS,160,QUADRA3 LOTE 36,MONTE SERRAT,23810840,21 26881739,CONTABILIDADE@COSTAVERDE.UNIMED.COM.BR,34,0,4,0,4,0,0,0,0,0,0,0,0,0
202602,SUDESTE,RJ,330350,NOVA IGUACU,807842,MATERNIDADE NEOMATER,HOSPITAL E MATERNIDADE NEOMATER LTDA,M,7,HOSPITAL ESPECIALIZADO,2062,HOSPITAL_PRIVADO,OTAVIO ASCOLI,328,,CENTRO,26215160,02128823050,diretoria@maternidadeneomater.com.br,124,0,67,0,9,0,0,0,58,0,0,0,0,0
202602,SUDESTE,RJ,330030,BARRA DO PIRAI,850160,UPA 24 HORAS BARRA DO PIRAI,FUNDO MUNICIPAL DE SAUDE DE BARRA DO PIRAI,M,20,PRONTO SOCORRO GERAL,1244,HOSPITAL_PÚBLICO,RUA FRANKLIN DE MORAES,67,,CENTRO,27140000,,contasmedicas.sms@barradopirai.rj.gov.br,5,5,0,0,0,0,0,0,0,0,0,0,0,0
202602,SUDESTE,RJ,330070,CABO FRIO,919373,HOSPITAL UNIVERSITARIO REITOR HESIO CORDEIRO HURHC,UNIVERSIDADE DO ESTADO DO RIO DE JANEIRO,E,5,HOSPITAL GERAL,1147,HOSPITAL_PÚBLICO,RUA ARIZIO GOMES DA COSTA,186,,JARDIM FLAMBOYANT,28905320,22 26401250,FRANCISCO.BARBOSA.NETO@UERJ.BR,28,20,8,0,8,0,0,0,0,0,0,0,0,0
202602,SUDESTE,RJ,330070,CABO FRIO,928143,CLINICA VISION,CLINICA VISION LTDA,M,7,HOSPITAL ESPECIALIZADO,2062,HOSPITAL_PRIVADO,RAUL VEIGA,153,LOJA 01,CENTRO,28907090,32 32154727,GERENCIA@RICARDOMARTIN.COM.BR,2,2,0,0,0,0,0,0,0,0,0,0,0,0
202602,SUDESTE,RJ,330170,DUQUE DE CAXIAS,978213,HOSPITAL MUNICIPAL INFANTIL PADRE GUILHERME,MUNICIPIO DE DUQUE DE CAXIAS,M,5,HOSPITAL GERAL,1244,HOSPITAL_PÚBLICO,RUA EVARISTO DE MORAIS,S/N,,VILA BERNADETE,25272560,,cnes.hmpg@gmail.com,31,31,0,0,0,0,0,0,0,0,0,0,0,0
202602,SUDESTE,RJ,330270,MARICA,2266733,HOSPITAL MUNICIPAL CONDE MODESTO LEAL,MUNICIPIO DE MARICA,M,5,HOSPITAL GERAL,1120,HOSPITAL_PÚBLICO,RUA DOMICIO DA GAMA,433,,CENTRO,24900815,(21)26371713,superintendenciadesaudemarica@gmail.com,105,101,0,0,0,0,0,0,0,0,0,0,0,0
202602,SUDESTE,RJ,330400,PIRAI,2267187,HOSPITAL FLAVIO LEAL,CASA DE CARIDADE DE PIRAI,M,5,HOSPITAL GERAL,3999,HOSPITAL_FILANTRÓPICO,RUA ROBERTO SILVEIRA,50,,CENTRO,27175000,(24) 35115600,hospitalpirai@bol.com.br,64,50,10,7,10,7,0,0,0,0,0,0,0,0
202602,SUDESTE,RJ,330415,QUISSAMA,2267209,HOSPITAL MUNICIPAL MARIANA MARIA DE JESUS,SECRETARIA MUNICIPAL DE SAUDE DE QUISSAMA,M,5,HOSPITAL GERAL,1031,HOSPITAL_PÚBLICO,AV AMILCAR PEREIRA DA SILVA,138,,MATO DE PIPA,28737000,2227689100,hospital@quissama.rj.gov.br,73,73,6,6,6,6,0,0,0,0,0,0,0,0
202602,SUDESTE,RJ,330015,APERIBE,2267454,HOSPITAL MUNICIPAL AUGUSTINHO GESUALD BLANC,MUNICIPIO DE APERIBE,M,5,HOSPITAL GERAL,1244,HOSPITAL_PÚBLICO,RUA ANTONIO JOSE MOREIRA,359,,SAO VICENTE DE PAULA,28495000,2238641710,saude.aperibe@bol.com.br,35,35,0,0,0,0,0,0,0,0,0,0,0,0
202602,SUDESTE,RJ,330110,CANTAGALO,2267713,HOSPITAL DE CANTAGALO,SANTA CASA DE CARIDADE DE CANTAGALO,M,5,HOSPITAL GERAL,3999,HOSPITAL_FILANTRÓPICO,MIGUEL SANTOS,S/N,,PRIMEIRO,28500000,,,98,81,15,10,15,10,0,0,0,0,0,0,0,0
202602,SUDESTE,RJ,330025,ARRAIAL DO CABO,2267802,HOSPITAL GERAL DE ARRAIAL DO CABO,SECRETARIA MUNICIPAL DE SAUDE DE ARRAIAL DO CABO,M,5,HOSPITAL GERAL,1031,HOSPITAL_PÚBLICO,AV GETULIO VARGAS,S/N,,CANAA,28930000,(22)26222107,fatura_saude@yahoo.com.br,84,75,9,0,9,0,0,0,0,0,0,0,0,0
202602,SUDESTE,RJ,330160,DUAS BARRAS,2267810,HOSPITAL MUNICIPAL DR ANTONIO CARLOS DA SILVA MONNERAT,SECRETARIA MUNICIPAL DE SAUDE DE DUAS BARRAS,M,5,HOSPITAL GERAL,1244,HOSPITAL_PÚBLICO,AV GETULIO VARGAS,199,,CENTRO,28650000,2225341177,,30,30,0,0,0,0,0,0,0,0,0,0,0,0
202602,SUDESTE,RJ,330570,SUMIDOURO,2268051,HOSPITAL MUNICIPAL DR JOAO PEREIRA MARTINS,SMS SUMIDOURO,M,5,HOSPITAL GERAL,1244,HOSPITAL_PÚBLICO,RUA CARLOS ALBERTO P MOURA JUNIOR,02,,N SRA DE FATIMA,28637000,(24)25311164,,25,25,0,0,0,0,0,0,0,0,0,0,0,0
202602,SUDESTE,RJ,330450,RIO DAS FLORES,2268329,HOSPITAL GERAL DR LUIZ PINTO,MUNICIPIO DE RIO DAS FLORES,M,5,HOSPITAL GERAL,1244,HOSPITAL_PÚBLICO,RUA MARCELINO DO VALLE,13,,INGLESES,27660322,(24)24581300,faturamentorf@gmail.com,27,26,0,0,0,0,0,0,0,0,0,0,0,0
202602,SUDESTE,RJ,330190,ITABORAI,2268922,HOSPITAL MUNICIPAL DESEMBARGADOR LEAL JUNIOR HMDLJ,PREFEITURA MUNICIPAL DE ITABORAI,M,5,HOSPITAL GERAL,1244,HOSPITAL_PÚBLICO,ESTRADA PREFEITO ALVARO DE CARVALHO JUNIOR,S/N,,NANCILANDIA,24801064,(21)26458070,hmdlj@itaborai.rj.gov.br,139,139,0,0,0,0,0,0,0,0,0,0,0,0
202602,SUDESTE,RJ,330455,RIO DE JANEIRO,2269341,SMS HOSPITAL MUNICIPAL JESUS AP 22,SMS RIO HOSPITAL MUNICIPAL JESUS AP 22,M,7,HOSPITAL ESPECIALIZADO,1031,HOSPITAL_PÚBLICO,OITO DE DEZEMBRO,717,,VILA ISABEL,20550200,,dica.hmjesus@gmail.com,95,95,8,8,0,0,8,8,0,0,0,0,0,0
202602,SUDESTE,RJ,330455,RIO DE JANEIRO,2269384,HOSPITAL FEDERAL DO ANDARAI,MS HOSPITAL DO ANDARAI,M,5,HOSPITAL GERAL,1015,HOSPITAL_PÚBLICO,RUA GASTAO PENALVA,119,,ANDARAI,20540220,(21) 25757000,,282,242,44,4,38,0,2,0,0,0,4,4,0,0
202602,SUDESTE,RJ,330455,RIO DE JANEIRO,2269392,POLICLINICA PIQUET CARNEIRO,UERJ POLICLINICA PIQUET CARNEIRO,E,5,HOSPITAL GERAL,1147,HOSPITAL_PÚBLICO,AV MARECHAL RONDOM,381,,SAO FRANCISCO XAVIER,20950003,2125667000,servccp@ppc.uerj.br,8,8,0,0,0,0,0,0,0,0,0,0,0,0
202602,SUDESTE,RJ,330455,RIO DE JANEIRO,2269406,CLINICA DA GAVEA,CLINICA DA GAVEA S A,M,7,HOSPITAL ESPECIALIZADO,2054,HOSPITAL_PRIVADO,ESTRADA DA GAVEA,151,,GAVEA,22451262,21 2274-7022,clinicadagavea@clinicadagavea.com.br,300,0,0,0,0,0,0,0,0,0,0,0,0,0
202602,SUDESTE,RJ,330455,RIO DE JANEIRO,2269430,INSTITUTO DE PSIQUIATRIA DA UFRJ IPUB,INSTITUTO DE PSIQUIATRIA DA UFRJ IPUB,M,7,HOSPITAL ESPECIALIZADO,1104,HOSPITAL_PÚBLICO,AVENIDA VENCESLAU BRAS,71,FUNDOS,BOTAFOGO,22290140,(21)39380500,gabdiretor@ipub.ufrj.br,167,167,0,0,0,0,0,0,0,0,0,0,0,0
202602,SUDESTE,RJ,330455,RIO DE JANEIRO,2269481,SMS HOSPITAL MUNICIPAL DA PIEDADE AP 32,SMS RIO HOSPITAL MUNICIPAL DA PIEDADE AP 32,M,5,HOSPITAL GERAL,1031,HOSPITAL_PÚBLICO,RUA DA CAPELA,96,,PIEDADE,20740310,(21)31116540,hmpiedade@rio.rj.gov.br,132,122,10,0,10,0,0,0,0,0,0,0,0,0
202602,SUDESTE,RJ,330455,RIO DE JANEIRO,2269678,SES RJ IECAC INST EST DE CARDIOLOGIA ALOYSIO DE CASTRO,FUNDACAO SAUDE DO ESTADO DO RIO DE JANEIRO,E,7,HOSPITAL ESPECIALIZADO,1260,HOSPITAL_PÚBLICO,RUA DAVID CAMPISTA,326,,HUMAITA,22261010,23321570,faturamento@iecac.fundacaosaude.rj.gov.br,112,97,33,18,26,18,7,0,0,0,0,0,0,0
202602,SUDESTE,RJ,330455,RIO DE JANEIRO,2269724,SMS HOSPITAL MUNICIPAL NOSSA SENHORA DO LORETO AP 31,SMS RIO HOSPITAL MUNICIPAL NOSSA SENHORA DO LORETO AP 31,M,7,HOSPITAL ESPECIALIZADO,1031,HOSPITAL_PÚBLICO,RUA TAIFEIRO OSMAR DE MORAES,26,,GALEAO,21941455,(21)33931983/0610,hmnsloreto@gmail.com,36,36,0,0,0,0,0,0,0,0,0,0,0,0
202602,SUDESTE,RJ,330455,RIO DE JANEIRO,2269775,MS HOSPITAL DE IPANEMA,MS HOSPITAL DE IPANEMA,M,5,HOSPITAL GERAL,1015,HOSPITAL_PÚBLICO,RUA ANTONIO PARREIRAS,67,,IPANEMA,22411020,(21)31112318,hospitaldeipanema@hgi.rj.saude.gov.br,133,123,10,0,10,0,0,0,0,0,0,0,0,0
202602,SUDESTE,RJ,330455,RIO DE JANEIRO,2269783,UERJ HOSPITAL UNIV PEDRO ERNESTO,UERJ HUPE HOSPITAL UNIVERSITARIO PEDRO ERNESTO,E,5,HOSPITAL GERAL,1147,HOSPITAL_PÚBLICO,BOULEVARD 28 DE SETEMBRO,77,,VILA ISABEL,20551900,(21)2868-8000,faturamento.hupe@uerj.br,521,518,102,102,71,71,6,6,25,25,0,0,0,0
202602,SUDESTE,RJ,330455,RIO DE JANEIRO,2269821,MS INCA II HOSPITAL DO CANCER II,MS INCA II HOSPITAL DO CANCER II,M,7,HOSPITAL ESPECIALIZADO,1015,HOSPITAL_PÚBLICO,RUA DO EQUADOR,831,,SANTO CRISTO,20220410,(21)3207-2804,faturamento.hc2@inca.gov.br,83,83,0,0,0,0,0,0,0,0,0,0,0,0
202602,SUDESTE,RJ,330455,RIO DE JANEIRO,2269880,HOSPITAL GERAL DE BONSUCESSO RJ,GRUPO HOSPITALAR CONCEICAO SA,M,5,HOSPITAL GERAL,2011,HOSPITAL_PRIVADO,LONDRES,616,,BONSUCESSO,21041000,(21) 3977-9500,planejamento_hgb@hfb.saude.gov.br,373,334,54,37,17,17,11,8,12,12,0,0,14,0
202602,SUDESTE,RJ,330455,RIO DE JANEIRO,2269899,HOSPITAL MARIO KROEFF,FUNDACAO EDUCACIONAL SEVERINO SOMBRA,E,7,HOSPITAL ESPECIALIZADO,3069,HOSPITAL_FILANTRÓPICO,RUA MAGE,326,,PENHA CIRCULAR,21020130,(21) 21369657,faturamento@mariokroeff.org.br,83,73,10,0,10,0,0,0,0,0,0,0,0,0
202602,SUDESTE,RJ,330455,RIO DE JANEIRO,2269945,SMS HOSPITAL MATERNIDADE ALEXANDER FLEMING AP 33,SMS RIO HOSPITAL MATERNIDADE ALEXANDER FLEMING AP 33,M,7,HOSPITAL ESPECIALIZADO,1031,HOSPITAL_PÚBLICO,RUA JORGE SCHMIDT,331,,MARECHAL HERMES,21610645,24583343,direcaohmaf2021@gmail.com,90,90,10,10,0,0,0,0,10,10,0,0,0,0
202602,SUDESTE,RJ,330455,RIO DE JANEIRO,2269988,MS HSE HOSPITAL DOS SERVIDORES DO ESTADO,MINISTERIO DA SAUDE,M,5,HOSPITAL GERAL,1015,HOSPITAL_PÚBLICO,SACADURA CABRAL,178,2 ANDAR,CENTRO,20221160,,,394,377,43,26,27,10,8,8,8,8,0,0,0,0
202602,SUDESTE,RJ,330455,RIO DE JANEIRO,2269996,SMS IMAS JULIANO MOREIRA AP 40,SMS RIO IMAS JULIANO MOREIRA AP 40,M,7,HOSPITAL ESPECIALIZADO,1031,HOSPITAL_PÚBLICO,ESTRADA RODRIGUES CALDAS,3400,,JACAREPAGUA,22713375,(21)3432-2358,imasjulianomoreira.nig@gmail.com,1,1,0,0,0,0,0,0,0,0,0,0,0,0
202602,SUDESTE,RJ,330455,RIO DE JANEIRO,2270021,MATERNIDADE ESCOLA DA UFRJ,UFRJ MATERNIDADE ESCOLA,M,7,HOSPITAL ESPECIALIZADO,1104,HOSPITAL_PÚBLICO,RUA DAS LARANJEIRAS,180,,LARANJEIRAS,22240003,(21)22059064,matesc@me.ufrj.br,57,57,16,16,0,0,0,0,16,16,0,0,0,0
202602,SUDESTE,RJ,330455,RIO DE JANEIRO,2270056,SMS HOSPITAL MATERNIDADE PAULINO WERNECK AP 31,SMS RIO HOSPITAL MATERNIDADE PAULINO WERNECK AP 31,M,7,HOSPITAL ESPECIALIZADO,1031,HOSPITAL_PÚBLICO,ESTRADA DA CACUIA,745,,ILHA DO GOVERNADOR,21921001,(21)3512-9805,diretoria.hmpw@cejam.org.br,32,24,2,0,0,0,0,0,2,0,0,0,0,0
202602,SUDESTE,RJ,330455,RIO DE JANEIRO,2270161,SEAP CGSP RJ HOSPITAL DR HAMILTON AGOSTINHO VIEIRA CASTRO,SECRETARIA DE ESTADO DE ADMINISTRACAO PENITENCIARIA,E,20,PRONTO SOCORRO GERAL,1023,HOSPITAL_PÚBLICO,GEN EMILIO MOUREL FILHO,1100,,BANGU,21854010,,,64,64,0,0,0,0,0,0,0,0,0,0,0,0
202602,SUDESTE,RJ,330455,RIO DE JANEIRO,2270188,SEAP RJ CENTRO TRAT EM DEPENDENCIA QUIMICA ROBERTO MEDEIROS,SECRETARIA DE ESTADO DE ADMINISTRACAO PENITENCIARIA,E,7,HOSPITAL ESPECIALIZADO,1023,HOSPITAL_PÚBLICO,GEN EMILIO MOUREL FILHO,1100,,BANGU,21854010,,seaprm@seap.rj.gov.br,145,145,0,0,0,0,0,0,0,0,0,0,0,0
202602,SUDESTE,RJ,330455,RIO DE JANEIRO,2270196,SEAP CGSP RJ SANATORIO PENAL,SECRETARIA DE ESTADO DE ADMINISTRACAO PENITENCIARIA,E,5,HOSPITAL GERAL,1023,HOSPITAL_PÚBLICO,GUANDU DO SENA,1902,,BANGU,21810011,23324826,sanatoriopenal@gmail.com,112,109,0,0,0,0,0,0,0,0,0,0,0,0
202602,SUDESTE,RJ,330455,RIO DE JANEIRO,2270234,SES RJ HOSPITAL ESTADUAL GETULIO VARGAS,SECRETARIA DE ESTADO DE SAUDE SES,E,5,HOSPITAL GERAL,1023,HOSPITAL_PÚBLICO,LOBO JUNIOR,2293,,PENHA,21020124,,,282,255,64,37,56,37,8,0,0,0,0,0,0,0
202602,SUDESTE,RJ,330455,RIO DE JANEIRO,2270242,SMS HOSPITAL MUNICIPAL BARATA RIBEIRO AP 10,SMS RIO HOSPITAL MUNICIPAL BARATA RIBEIRO AP 10,M,7,HOSPITAL ESPECIALIZADO,1031,HOSPITAL_PÚBLICO,RUA VISCONDE DE NITEROI,1450,,MANGUEIRA,20943001,2122841812,hmbribeiro@rio.rj.gov.br,132,132,0,0,0,0,0,0,0,0,0,0,0,0
202602,SUDESTE,RJ,330455,RIO DE JANEIRO,2270269,SMS HOSPITAL MUNICIPAL MIGUEL COUTO AP 21,SMS RIO HOSPITAL MUNICIPAL MIGUEL COUTO AP 21,M,5,HOSPITAL GERAL,1031,HOSPITAL_PÚBLICO,MARIO RIBEIRO,117,,GAVEA,22430160,21 3111-3711,hmmcdrh@gmail.com,342,342,44,44,35,35,5,5,4,4,0,0,0,0
202602,SUDESTE,RJ,330455,RIO DE JANEIRO,2270390,SMS HOSPITAL MATERNIDADE HERCULANO PINHEIRO AP 33,SMS RIO HOSPITAL MATERNIDADE HERCULANO PINHEIRO AP 33,M,7,HOSPITAL ESPECIALIZADO,1031,HOSPITAL_PÚBLICO,AV MIN EDGARD ROMERO,276,,MADUREIRA,21360200,(21)2088-6124,maternidadeherculanopinheiro@gmail.com,62,53,4,4,0,0,0,0,4,4,0,0,0,0
202602,SUDESTE,RJ,330455,RIO DE JANEIRO,2270609,SMS HOSPITAL MUNICIPAL LOURENCO JORGE AP 40,SMS RIO HOSPITAL MUNICIPAL LOURENCO JORGE AP 40,M,5,HOSPITAL GERAL,1031,HOSPITAL_PÚBLICO,AV AYRTON SENNA,2000,,BARRA DA TIJUCA,22793000,21 3111-4612,hmljorge@rio.rj.gov.br,255,255,23,23,13,13,0,0,10,10,0,0,0,0
202602,SUDESTE,RJ,330455,RIO DE JANEIRO,2270617,INSTITUTO ESTADUAL DE DERMATOLOGIA SANITARIA,SECRETARIA DE ESTADO DE SAUDE SES,E,5,HOSPITAL GERAL,1023,HOSPITAL_PÚBLICO,RUA GODOFREDO VIANA,64,,TANQUE JACAREPAGUA,22730020,021 2333-6676,IEDS@SAUDE.RJ.GOV.BR,63,63,0,0,0,0,0,0,0,0,0,0,0,0
202602,SUDESTE,RJ,330455,RIO DE JANEIRO,2270668,UFRJ HOSP ESCOLA SAO FRANCISCO DE ASSIS,UNIVERSIDADE FEDERAL DO RIO DE JANEIRO,M,5,HOSPITAL GERAL,1104,HOSPITAL_PÚBLICO,PRESIDENTE VARGAS,2863,,CIDADE NOVA,20210030,,eduardoalexander12@hesfa.ufrj.br,1,0,0,0,0,0,0,0,0,0,0,0,0,0
202602,SUDESTE,RJ,330455,RIO DE JANEIRO,2270692,CBMERJ HOSP ARISTARCHO PESSOA HOSP DO CORPO DE BOMBEIROS,HOSPITAL DO CORPO DE BOMBEIROS DO ESTADO DO RJ,M,5,HOSPITAL GERAL,1023,HOSPITAL_PÚBLICO,PAULO DE FRONTIN,876,,RIO COMPRIDO,20261243,21994510951,hcapdivisaomedica@gmail.com,89,0,4,0,0,0,0,0,4,0,0,0,0,0
202602,SUDESTE,RJ,330455,RIO DE JANEIRO,2270714,SMS HOSPITAL MATERNIDADE FERNANDO MAGALHAES AP 10,SMS RIO HOSPITAL MATERNIDADE FERNANDO MAGALHAES AP 10,M,7,HOSPITAL ESPECIALIZADO,1031,HOSPITAL_PÚBLICO,GENERAL JOSE CRISTINO,87,,SAO CRISTOVAO,20921400,21 - 38781498,hmatfernandomagalhaes@gmail.com,158,158,18,18,0,0,0,0,18,18,0,0,0,0
202602,SUDESTE,RJ,330455,RIO DE JANEIRO,2270803,SES RJ I INST EST DIABET ENDOCRINOLOGIA IEDE,SECRETARIA DE ESTADO DE SAUDE SES,E,7,HOSPITAL ESPECIALIZADO,1023,HOSPITAL_PÚBLICO,RUA MONCORVO FILHO,90,,CENTRO,20211340,(21) 233271.54,diretor.iede@saude.rj.gov.br,23,23,0,0,0,0,0,0,0,0,0,0,0,0
202602,SUDESTE,RJ,330395,PINHEIRAL,2271141,HOSPITAL MUNICIPAL DE PINHEIRAL AURELINO GONCALVES BARBOSA,MUNICIPIO DE PINHEIRAL,M,5,HOSPITAL GERAL,1244,HOSPITAL_PÚBLICO,RUA FRANCISCO RIBEIRO DE ABREU,60,,CENTRO,27198360,(24) 3356 3490/3188,smspinheiral2017@outlook.com.br,43,43,0,0,0,0,0,0,0,0,0,0,0,0
202602,SUDESTE,RJ,330455,RIO DE JANEIRO,2271443,CASA DE SAUDE SAO JOSE,ASSOCIACAO CONGREGACAO DE SANTA CATARINA,M,5,HOSPITAL GERAL,3999,HOSPITAL_FILANTRÓPICO,RUA MACEDO SOBRINHO,21,,HUMAITA,22271080,21-25387600,monica.valente@redesc.org.br,217,0,50,0,30,0,0,0,10,0,0,0,10,0
202602,SUDESTE,RJ,330455,RIO DE JANEIRO,2271451,HOSPITAL BALBINO,HOSPITAL DR BALBINO LTDA,M,5,HOSPITAL GERAL,2062,HOSPITAL_PRIVADO,RUA ANGELICA MOTA,58,66 76 90 114,OLARIA,21021490,(21) 39772000,mcarneiro@hospitalbalbino.com.br,140,0,30,0,30,0,0,0,0,0,0,0,0,0
202602,SUDESTE,RJ,330340,NOVA FRIBURGO,2271826,HOSPITAL MATERNIDADE DOUTOR MARIO DUTRA DE CASTRO,MUNICIPIO DE NOVA FRIBURGO,M,7,HOSPITAL ESPECIALIZADO,1244,HOSPITAL_PÚBLICO,TRAVESSA ANTONIO FERNANDES MOREIRA,12,,CENTRO,28610410,22 2522-9245,hospitalmaternidadenf@hotmail.com,51,45,0,0,0,0,0,0,0,0,0,0,0,0
202602,SUDESTE,RJ,330410,PORCIUNCULA,2272210,UNIDADE DE ATENDIMENTO DR ANTONIO MONTEIRO,PREFEITURA MUNICIPAL DE PORCIUNCULA,M,5,HOSPITAL GERAL,1244,HOSPITAL_PÚBLICO,RUA SCHUWARTZ VIEIRA,154,,CENTRO,28390000,2238421172,saude@porciuncula.rj.gov.br,28,27,0,0,0,0,0,0,0,0,0,0,0,0
202602,SUDESTE,RJ,330120,CARMO,2272601,HOSPITAL NOSSA SENHORA DO CARMO,HOSPITAL NOSSA SENHORA DO CARMO,M,5,HOSPITAL GERAL,3999,HOSPITAL_FILANTRÓPICO,ALEXANDRE DE MELO,89,,CENTRO,28640000,2225371395,administracao@hospitalcarmo.com.br,41,39,0,0,0,0,0,0,0,0,0,0,0,0
202602,SUDESTE,RJ,330340,NOVA FRIBURGO,2272695,HOSPITAL SAO LUCAS,CASA DE SAUDE SAO LUCAS SA,M,5,HOSPITAL GERAL,2054,HOSPITAL_PRIVADO,AVENIDA ANTONIO MARIO DE AZEVEDO,715,,DUAS PEDRAS,28630310,22 25239955,admin@saolucasfriburgo.com.br,77,24,16,6,16,6,0,0,0,0,0,0,0,0
202602,SUDESTE,RJ,330340,NOVA FRIBURGO,2272784,HOSPITAL MUNICIPAL RAUL SERTA,MUNICIPIO DE NOVA FRIBURGO,M,5,HOSPITAL GERAL,1244,HOSPITAL_PÚBLICO,RUA GENERAL OSORIO,324,,CENTRO,28625630,22 2524-2300,hmrs@gigalink.com.br,287,280,29,22,29,22,0,0,0,0,0,0,0,0
202602,SUDESTE,RJ,330412,QUATIS,2273101,HOSPITAL SAO LUCAS,ASSOC DE PROT E ASSIST E MATERN E A INFANCIA DE QUATIS,M,5,HOSPITAL GERAL,3999,HOSPITAL_FILANTRÓPICO,AVENIDA AVELINO BASTISTA SOARES,297,,CENTRO,27410180,2433532823,,34,34,0,0,0,0,0,0,0,0,0,0,0,0
202602,SUDESTE,RJ,330455,RIO DE JANEIRO,2273187,SMS HOSPITAL MUNICIPAL ALVARO RAMOS AP 40,SMS RIO HOSPITAL MUNICIPAL ALVARO RAMOS AP 40,M,7,HOSPITAL ESPECIALIZADO,1031,HOSPITAL_PÚBLICO,RUA ADAUTO BOTELHO,0,,JACAREPAGUA,22713550,(21)33920008,hmaramos@rio.rj.gov.br,50,50,0,0,0,0,0,0,0,0,0,0,0,0
202602,SUDESTE,RJ,330455,RIO DE JANEIRO,2273209,SES RJ HOSPITAL ESTADUAL SANTA MARIA,SECRETARIA DE ESTADO DE SAUDE DO RIO DE JANEIRO,E,7,HOSPITAL ESPECIALIZADO,1023,HOSPITAL_PÚBLICO,ESTRADA DO RIO PEQUENO,656,TAQUARA,JACAREPAGUA,22723195,(21) 23336548,direcaogeral.hesm@gmail.com,73,73,0,0,0,0,0,0,0,0,0,0,0,0
202602,SUDESTE,RJ,330455,RIO DE JANEIRO,2273276,MS INST NACIONAL DE TRAUMATO ORTOPEDIA,MS INST NACIONAL DE TRAUMATO ORTOPEDIA,M,7,HOSPITAL ESPECIALIZADO,1015,HOSPITAL_PÚBLICO,AVENIDA BRASIL,500,,SAO CRISTOVAO,20940070,(21)21345482,into@into.saude.gov.br,321,320,10,9,10,9,0,0,0,0,0,0,0,0
202602,SUDESTE,RJ,330455,RIO DE JANEIRO,2273349,SMS HOSPITAL MUNICIPAL RAPHAEL DE PAULA SOUZA AP 40,SMS RIO HOSPITAL MUNICIPAL RAPHAEL DE PAUL A SOUZA AP 40,M,5,HOSPITAL GERAL,1031,HOSPITAL_PÚBLICO,ESTRADA DE CURICICA,2000,CURICICA,JACAREPAGUA,22740000,2134136433,smsdirecaogeralhmrps@gmail.com,84,69,0,0,0,0,0,0,0,0,0,0,0,0
202602,SUDESTE,RJ,330455,RIO DE JANEIRO,2273357,HOSPITAL ADVENTISTA SILVESTRE,INSTITUICAO ADVENTISTA ESTE BRAS DE PREV E ASS A SAUDE,E,5,HOSPITAL GERAL,3999,HOSPITAL_FILANTRÓPICO,DOS GUARARAPES,263,,COSME VELHO,22241220,2130343000,crc.has@hasilvestre.org.br,45,11,20,5,20,5,0,0,0,0,0,0,0,0
202602,SUDESTE,RJ,330455,RIO DE JANEIRO,2273365,SES RJ INSTITUTO ESTADUAL DE INFECTOLOGIA SAO SEBASTIAO,SECRETARIA DE ESTADO DE SAUDE DO RIO DE JANEIRO,E,5,HOSPITAL GERAL,1023,HOSPITAL_PÚBLICO,RUA SACADURA CABRAL,178,ANEXO IV 4 ANDAR,SAUDE,20221161,2332-7165,diretoriaieiss@gmail.com,25,9,16,0,16,0,0,0,0,0,0,0,0,0
202602,SUDESTE,RJ,330455,RIO DE JANEIRO,2273381,SMS HOSPITAL MUNICIPAL JURANDYR MANFREDINI AP 40,SMS RIO HOSPITAL MUNICIPAL JURANDYR MANFREDINI AP 40,M,7,HOSPITAL ESPECIALIZADO,1031,HOSPITAL_PÚBLICO,RUA SAMPAIO CORREIA,S/N,,JACAREPAGUA,22713560,(21) 3432-2246,hmjmanfredini@pcrj.rj.gov.br,1,1,0,0,0,0,0,0,0,0,0,0,0,0
202602,SUDESTE,RJ,330455,RIO DE JANEIRO,2273411,SES RJ HOSPITAL ESTADUAL CARLOS CHAGAS,SECRETARIA DE ESTADO DE SAUDE DO RIO DE JANEIRO,E,5,HOSPITAL GERAL,1023,HOSPITAL_PÚBLICO,AVENIDA GENERAL OSVALDO CORDEIRO DE FARIAS,466,,MARECHAL HERMES,21610480,(21)23321127,hecc.adm@gmail.com,196,190,36,30,36,30,0,0,0,0,0,0,0,0
202602,SUDESTE,RJ,330455,RIO DE JANEIRO,2273438,HOSPITAL CENTRAL DA POLICIA MILITAR DO ESTADO DO RIO DE JANE,HOSPITAL CENTRAL DA POLICIA MILITAR DO ESTADO DO RIO DE JANE,M,5,HOSPITAL GERAL,1023,HOSPITAL_PÚBLICO,ESTACIO DE SA,20,,ESTACIO,20211270,,,175,0,5,0,0,0,0,0,5,0,0,0,0,0
202602,SUDESTE,RJ,330455,RIO DE JANEIRO,2273454,MS INCA HOSPITAL DO CANCER I,MS INCA HC I HOSPITAL DO CANCER I,M,7,HOSPITAL ESPECIALIZADO,1015,HOSPITAL_PÚBLICO,PRACA CRUZ VERMELHA,23,,CENTRO,20230130,(21)32071000,cnes.hc1@inca.gov.br,210,210,16,16,10,10,6,6,0,0,0,0,0,0
202602,SUDESTE,RJ,330455,RIO DE JANEIRO,2273462,MS INCA HOSPITAL DO CANCER III,MS INCA HCIII HOSPITAL DE CANCER III,M,7,HOSPITAL ESPECIALIZADO,1015,HOSPITAL_PÚBLICO,RUA VISCONDE DE SANTA ISABEL,274,,VILA ISABEL,20560120,(21)32073912,direcao.hc3@inca.gov.br,52,52,0,0,0,0,0,0,0,0,0,0,0,0
202602,SUDESTE,RJ,330455,RIO DE JANEIRO,2273489,SMS HOSPITAL MUNICIPAL ROCHA MAIA AP 21,SMS RIO HOSPITAL MUNICIPAL ROCHA MAIA AP 21,M,5,HOSPITAL GERAL,1031,HOSPITAL_PÚBLICO,GENERAL SEVERIANO,91,,BOTAFOGO,22290040,21-22952295,hospitalmunicipalrochamaia@gmail.com,27,27,0,0,0,0,0,0,0,0,0,0,0,0
202602,SUDESTE,RJ,330455,RIO DE JANEIRO,2273497,FUNDACAO BELA LOPES DE OLIVEIRA,FUNDACAO BELA LOPES DE OLIVEIRA,M,5,HOSPITAL GERAL,3069,HOSPITAL_FILANTRÓPICO,RUA BARAO DE LUCENA,95,,BOTAFOGO,22260020,3216-8000,assuntos.regulatorios@hospitalcasa.com.br,70,0,28,0,28,0,0,0,0,0,0,0,0,0
202602,SUDESTE,RJ,330455,RIO DE JANEIRO,2273519,HOSPITAL EVANGELICO,ASSOCIACAO DO HOSPITAL EVANGELICO DO RIO,M,5,HOSPITAL GERAL,3999,HOSPITAL_FILANTRÓPICO,RUA BOM PASTOR,295,,TIJUCA,20521060,2121592300,assuntos.regulatorios@hospitalcasa.com.br,130,0,58,0,48,0,0,0,10,0,0,0,0,0
202602,SUDESTE,RJ,330455,RIO DE JANEIRO,2273659,MS HOSPITAL FEDERAL DA LAGOA,MS HOSPITAL FEDERAL DA LAGOA,M,5,HOSPITAL GERAL,1015,HOSPITAL_PÚBLICO,RUA JARDIM BOTANICO,501,,JARDIM BOTANICO,22470050,31115108,dirhgl@nerj.rj.saude.gov.br,248,245,28,25,18,18,10,7,0,0,0,0,0,0
202602,SUDESTE,RJ,330620,VASSOURAS,2273748,HUV HOSPITAL UNIVERSITARIO DE VASSOURAS,FUNDACAO EDUCACIONAL SEVERINO SOMBRA,M,5,HOSPITAL GERAL,3069,HOSPITAL_FILANTRÓPICO,VICENTE CELESTINO,201,,MADRUGA,27700000,24 24718200,ger.contabilidade@uss.br,319,305,54,40,44,30,0,0,10,10,0,0,0,0
202602,SUDESTE,RJ,330620,VASSOURAS,2273756,HOSPITAL EUFRASIA TEIXEIRA LEITE,IRMANDADE DE SANTA CASA DE MISERICORDIA DA C VASSOURAS,M,5,HOSPITAL GERAL,3999,HOSPITAL_FILANTRÓPICO,PRC PROVEDOR FELIX MACHADO,110,,MADRUGA,27700000,2424718922,santacasa.vass@uol.com.br,127,87,10,5,10,5,0,0,0,0,0,0,0,0
202602,SUDESTE,RJ,330560,SILVA JARDIM,2274108,POLICLINICA MUNICIPAL AGUINALDO MORAES,MUNICIPIO DE SILVA JARDIM,M,5,HOSPITAL GERAL,1244,HOSPITAL_PÚBLICO,OITO DE MAIO,534,,CENTRO,28820000,,,40,40,0,0,0,0,0,0,0,0,0,0,0,0
202602,SUDESTE,RJ,330550,SAQUAREMA,2274299,HOSPITAL MUNICIPAL PORPHIRIO NUNES DE AZEREDO,SECRETARIA MUNICIPAL DE SAUDE DE SAQUAREMA,M,5,HOSPITAL GERAL,1244,HOSPITAL_PÚBLICO,RUA ADOLFO BRAVO,S/N,,BACAXA,28994699,(22)26533123,,77,71,6,0,6,0,0,0,0,0,0,0,0,0
202602,SUDESTE,RJ,330540,SAPUCAIA,2274310,HOSPITAL MUNICIPAL DE SAPUCAIA,MUNICIPIO DE SAPUCAIA,M,5,HOSPITAL GERAL,1244,HOSPITAL_PÚBLICO,RUA CORONEL MARCONDES,S/N,,CENTRO,25880000,24 2040-7501,,18,18,0,0,0,0,0,0,0,0,0,0,0,0
202602,SUDESTE,RJ,330510,SAO JOAO DE MERITI,2274558,CASA DE SAUDE E MATERNIDADE MENINO JESUS,CASA DE SAUDE E MATERNIDADE SAO FRANCISCO DE PAULA LTDA,M,5,HOSPITAL GERAL,2062,HOSPITAL_PRIVADO,RUA DOS EXPEDICIONARIOS,148,,CENTRO,25520591,(21)2756-1552,CNESBR@GMAIL.COM,79,0,0,0,0,0,0,0,0,0,0,0,0,0
202602,SUDESTE,RJ,330470,SANTO ANTONIO DE PADUA,2275228,CASA DE SAUDE SANTA MONICA,CASA DE SAUDE E MATERNIDADE SANTA MONICA LTDA,M,5,HOSPITAL GERAL,2062,HOSPITAL_PRIVADO,RUA PREF ALBERTO VAZ,72,,CENTRO,28470000,2238549150,financeirosantamonica.padua@gmail.com,55,1,4,0,4,0,0,0,0,0,0,0,0,0
202602,SUDESTE,RJ,330470,SANTO ANTONIO DE PADUA,2275244,CASA DE SAUDE PIO XII,CASA DE SAUDE PIO XII LTDA,M,5,HOSPITAL GERAL,2062,HOSPITAL_PRIVADO,AV DR THEMISTOCLES DE ALMEIDA,411,,CENTRO,28470000,2238510155,pioxii@paduaonline.com.br,46,1,4,0,4,0,0,0,0,0,0,0,0,0
202602,SUDESTE,RJ,330390,PETROPOLIS,2275562,HOSPITAL ALCIDES CARNEIRO,MUNICIPIO DE PETROPOLIS,M,5,HOSPITAL GERAL,1244,HOSPITAL_PÚBLICO,RUA VIGARIO CORREA,1345,,CORREAS,25720320,2236-6600,direcaotecnica@alcidescarneiro.com,280,264,33,20,20,10,3,0,10,10,0,0,0,0
202602,SUDESTE,RJ,330390,PETROPOLIS,2275589,HOSPITAL MUNICIPAL DR NELSON DE SA EARP,MUNICIPIO DE PETROPOLIS,M,5,HOSPITAL GERAL,1244,HOSPITAL_PÚBLICO,RUA PAULINO AFONSO,455,,CENTRO,25680000,(24)22374062,ssahmnse03@petropolis.rj.gov.br,80,72,0,0,0,0,0,0,0,0,0,0,0,0
202602,SUDESTE,RJ,330390,PETROPOLIS,2275619,HOSPITAL CLINICO DE CORREAS H C C,HOSPITAL CLINICO DE CORREAS LTDA,M,5,HOSPITAL GERAL,2062,HOSPITAL_PRIVADO,ESTRADA UNIAO E INDUSTRIA,2501,,CORREAS,25720062,(24)22212011,sanacorr@compuland.com.br,175,175,10,10,10,10,0,0,0,0,0,0,0,0
202602,SUDESTE,RJ,330390,PETROPOLIS,2275627,CLINICA VISTA ALEGRE,SANATORIO OSWALDO CRUZ LTDA,M,5,HOSPITAL GERAL,2062,HOSPITAL_PRIVADO,RUA RODOLPHO FIGUEIRA DE MELLO,06,,CORREAS,25720340,(24)2221-9404,admsochospital@gmail.com,420,143,0,0,0,0,0,0,0,0,0,0,0,0
202602,SUDESTE,RJ,330390,PETROPOLIS,2275635,HOSPITAL SANTA TERESA,ASSOCIACAO CONGREGACAO DE SANTA CATARINA,M,5,HOSPITAL GERAL,3999,HOSPITAL_FILANTRÓPICO,RUA PAULINO AFONSO,477,,CENTRO,25680003,2422334600,cnes@redesc.org.br,162,64,47,23,37,23,3,0,7,0,0,0,0,0
202602,SUDESTE,RJ,330370,PARAIBA DO SUL,2276186,HOSPITAL NOSSA SENHORA DA PIEDADE,IRMANDADE NOSSA SENHORA DA PIEDADE,M,5,HOSPITAL GERAL,3999,HOSPITAL_FILANTRÓPICO,AV PROVEDOR RANDOLFO PENNA JUNIOR,320,,CENTRO,25850000,(24)22631166,,59,55,0,0,0,0,0,0,0,0,0,0,0,0
202602,SUDESTE,RJ,330310,NATIVIDADE,2276267,HOSPITAL NATIVIDADE,CAIXA DOS POBRES DE NATIVIDADE,M,5,HOSPITAL GERAL,3999,HOSPITAL_FILANTRÓPICO,AV MAURO ALVES RIBEIRO JUNIOR,1044,,BALNEARIO,28380000,2238419900,HNADM@HOTMAIL.COM,40,31,0,0,0,0,0,0,0,0,0,0,0,0
202602,SUDESTE,RJ,330180,ENGENHEIRO PAULO DE FRONTIN,2277174,HOSPITAL NELSON SALLES,IRMANDADE DOS POBRES DE ENGENHEIRO PAULO DE FRONTIN,M,5,HOSPITAL GERAL,3999,HOSPITAL_FILANTRÓPICO,ARLINDO NUNES,28,,CENTRO,26650000,0244 631359,,45,45,0,0,0,0,0,0,0,0,0,0,0,0
202602,SUDESTE,RJ,330455,RIO DE JANEIRO,2277301,SMS CMS MANOEL ARTHUR VILLABOIM AP 10,SMS RIO CMS MANOEL ARTHUR VILLABOIM AP 10,M,15,UNIDADE MISTA,1031,HOSPITAL_PÚBLICO,PRACA BOM JESUS,40,,PAQUETA,20397140,02133970123,uismavillaboim.cap10@gmail.com,8,8,0,0,0,0,0,0,0,0,0,0,0,0
202602,SUDESTE,RJ,330170,DUQUE DE CAXIAS,2277581,POSTO MEDICO SANITARIO DE XEREM,MUNICIPIO DE DUQUE DE CAXIAS,M,20,PRONTO SOCORRO GERAL,1244,HOSPITAL_PÚBLICO,AV NOBREGA RIBEIRO,S/N,,VILA NOSSA SENHORA D,25250050,2136538372,,24,24,0,0,0,0,0,0,0,0,0,0,0,0
202602,SUDESTE,RJ,330170,DUQUE DE CAXIAS,2277611,POSTO MEDICO SANITARIO DE IMBARIE,MUNICIPIO DE DUQUE DE CAXIAS,M,20,PRONTO SOCORRO GERAL,1244,HOSPITAL_PÚBLICO,RUA SANTA CATARINA,S/N,,IMBARIE,25271010,2126780014,imbarie.uph@gmail.com,9,9,0,0,0,0,0,0,0,0,0,0,0,0
202602,SUDESTE,RJ,330170,DUQUE DE CAXIAS,2277662,POSTO MEDICO SANITARIO DE CAMPOS ELISEOS,MUNICIPIO DE DUQUE DE CAXIAS,M,20,PRONTO SOCORRO GERAL,1244,HOSPITAL_PÚBLICO,RUA AQUITURA,333,,CAMPOS ELISEOS,25225210,2127763633,uphce.camposelisios.rh@gmail.com,10,10,0,0,0,0,0,0,0,0,0,0,0,0
202602,SUDESTE,RJ,330170,DUQUE DE CAXIAS,2277700,CRAIS SARACURUNA,MUNICIPIO DE DUQUE DE CAXIAS,M,20,PRONTO SOCORRO GERAL,1244,HOSPITAL_PÚBLICO,AV PRESIDENTE ROOSEVELT,S/N,,SARACURUNA,25215450,2126505250,,20,20,0,0,0,0,0,0,0,0,0,0,0,0
202602,SUDESTE,RJ,330170,DUQUE DE CAXIAS,2277719,POSTO MEDICO SANITARIO PARQUE EQUITATIVA,MUNICIPIO DE DUQUE DE CAXIAS,M,20,PRONTO SOCORRO GERAL,1244,HOSPITAL_PÚBLICO,AV AUTOMOVEL CLUBE,S/N,,PQ EQUITATIVA,25260000,2126791607,,15,15,0,0,0,0,0,0,0,0,0,0,0,0
202602,SUDESTE,RJ,330170,DUQUE DE CAXIAS,2277743,POSTO MEDICO SANITARIO DO PILAR,MUNICIPIO DE DUQUE DE CAXIAS,M,20,PRONTO SOCORRO GERAL,1244,HOSPITAL_PÚBLICO,RUA CARLOS ALVEAR,S/N,,PILAR,25235000,2127763180,,22,22,0,0,0,0,0,0,0,0,0,0,0,0
202602,SUDESTE,RJ,330170,DUQUE DE CAXIAS,2277751,HOSPITAL INFANTIL ISMELIA SILVEIRA,MUNICIPIO DE DUQUE DE CAXIAS,M,7,HOSPITAL ESPECIALIZADO,1244,HOSPITAL_PÚBLICO,RUA DA REPUBLICA,S/N,,CENTRO,25011090,(31)27712808,,62,55,7,0,0,0,7,0,0,0,0,0,0,0
202602,SUDESTE,RJ,330070,CABO FRIO,2278138,HOSPITAL MUNICIPAL OTIME CARDOSO DOS SANTOS,SECRETARIA MUNICIPAL DE SAUDE DE CABO FRIO,M,5,HOSPITAL GERAL,1031,HOSPITAL_PÚBLICO,EST VELHA DE BUZIOS,S/N,,JD ESPERANCA,28922270,(24)26299257,,60,60,0,0,0,0,0,0,0,0,0,0,0,0
202602,SUDESTE,RJ,330070,CABO FRIO,2278170,HOSPITAL SANTA HELENA,HOSPITAL SANTA HELENA,M,5,HOSPITAL GERAL,3999,HOSPITAL_FILANTRÓPICO,PRACA TIRADENTES,143,,CENTRO,28906290,(22)3199-1010,,71,0,9,0,9,0,0,0,0,0,0,0,0,0
202602,SUDESTE,RJ,330070,CABO FRIO,2278286,HOSPITAL SANTA IZABEL,IRMANDADE DE SANTA IZABEL DE CABO FRIO,M,5,HOSPITAL GERAL,3999,HOSPITAL_FILANTRÓPICO,BARAO DO RIO BRANCO,72,,PRIMEIRO,28906170,,,70,45,5,5,5,5,0,0,0,0,0,0,0,0
202602,SUDESTE,RJ,330250,MAGE,2278324,HOSPITAL MATERNO INFANTIL DE PIABETA VEREADOR HUGO BRAGA,MUNICIPIO DE MAGE,M,7,HOSPITAL ESPECIALIZADO,1244,HOSPITAL_PÚBLICO,AVENIDA SANTOS DUMONT,285,,PIABETA INHOMIRIM,25931758,(21)2739-1289,,57,57,0,0,0,0,0,0,0,0,0,0,0,0
202602,SUDESTE,RJ,330250,MAGE,2278332,HOSPITAL MUNICIPAL DE MAGE,MUNICIPIO DE MAGE,M,5,HOSPITAL GERAL,1244,HOSPITAL_PÚBLICO,RUA PIO XII,81,,FIGUEIRA,25903587,(21)26332358,,76,62,9,0,9,0,0,0,0,0,0,0,0,0
202602,SUDESTE,RJ,330250,MAGE,2278677,HOSPITAL MUNICIPAL DE FRAGOSO GENARINO COZZOLINO,MUNICIPIO DE MAGE,M,20,PRONTO SOCORRO GERAL,1244,HOSPITAL_PÚBLICO,AV AUTOMOVEL CLUB,S/N,KM 60,FRAGOSO,25935510,(21)26593236,,10,10,0,0,0,0,0,0,0,0,0,0,0,0
202602,SUDESTE,RJ,330250,MAGE,2278731,HOSPITAL DE MAUA DR MARIO PINHEIRO,MUNICIPIO DE MAGE,M,20,PRONTO SOCORRO GERAL,1244,HOSPITAL_PÚBLICO,ESTRADA REAL DE MAUA,S/N,,PRAIA DA ESPERANCA,25926586,(21)6150025,,10,10,0,0,0,0,0,0,0,0,0,0,0,0
202602,SUDESTE,RJ,330220,ITAPERUNA,2278855,HOSPITAL SAO JOSE DO AVAI,CONFERENCIA SAO JOSE DO AVAI,M,5,HOSPITAL GERAL,3999,HOSPITAL_FILANTRÓPICO,RUA CORONEL LUIZ FERRAZ,397,,CENTRO,28300000,(22)38249200,hsja@hsja.com.br,310,202,102,69,78,57,8,4,16,8,0,0,0,0
202602,SUDESTE,RJ,330220,ITAPERUNA,2278901,CLINICA SAO CAMILO DE LELIS LTDA,CLINICA SAO CAMILO DE LELIS LTDA,M,5,HOSPITAL GERAL,2062,HOSPITAL_PRIVADO,AVENIDA CARDOSO MOREIRA,897,,CENTRO,28300000,(22)38267020,csaocamilo@uol.com.br,8,0,8,0,8,0,0,0,0,0,0,0,0,0
202602,SUDESTE,RJ,330360,PARACAMBI,2279355,HOSPITAL MUNICIPAL DR ADALBERTO DA GRACA,MUNICIPIO DE PARACAMBI,M,5,HOSPITAL GERAL,1244,HOSPITAL_PÚBLICO,AV JONAS LEAL,17,,LAGES,26600000,(21)26832128,,42,42,0,0,0,0,0,0,0,0,0,0,0,0
202602,SUDESTE,RJ,330360,PARACAMBI,2279525,CASA DE SAUDE PARACAMBI,CASA DE SAUDE NOSSA SENHORA APARECIDA DE PARACAMBI LTDA,M,5,HOSPITAL GERAL,2062,HOSPITAL_PRIVADO,RUA DOUTOR NILO PECANHA,540,PREDIO,CENTRO,26600000,(21)26839200,csparacambi@ig.com.br,20,2,0,0,0,0,0,0,0,0,0,0,0,0
202602,SUDESTE,RJ,330040,BARRA MANSA,2280051,SANTA CASA DE MISERICORDIA DE BARRA MANSA,SANTA CASA DE MISERICORDIA DE BARRA MANSA,M,5,HOSPITAL GERAL,3999,HOSPITAL_FILANTRÓPICO,RUA PINTO RIBEIRO,205,,CENTRO,27310420,(24)33235282,,240,163,35,18,18,18,7,0,10,0,0,0,0,0
202602,SUDESTE,RJ,330455,RIO DE JANEIRO,2280132,MS INC INSTITUTO NACIONAL DE CARDIOLOGIA,MS INC INSTITUTO NACIONAL DE CARDIOLOGIA,M,7,HOSPITAL ESPECIALIZADO,1015,HOSPITAL_PÚBLICO,RUA DAS LARANJEIRAS,374,2 ANDAR,LARANJEIRAS,22240006,(21)30372152,,162,121,61,20,35,10,10,0,5,3,0,0,11,7
202602,SUDESTE,RJ,330455,RIO DE JANEIRO,2280167,HOSPITAL UNIVERSITARIO CLEMENTINO FRAGA FILHO,HOSPITAL UNIVERSITARIO CLEMENTINO FRAGA FILHO,M,5,HOSPITAL GERAL,1104,HOSPITAL_PÚBLICO,RUA PROFESSOR RODOLPHO PAULO ROCCO,255,CIDADE UNIVERSITARIA,ILHA DO FUNDAO,21941590,(21)39382789,diretor@hucff.ufrj.br,315,310,40,35,40,35,0,0,0,0,0,0,0,0
202602,SUDESTE,RJ,330455,RIO DE JANEIRO,2280183,SMS HOSPITAL MUNICIPAL SOUZA AGUIAR AP 10,SMS RIO HOSPITAL MUNICIPAL SOUZA AGUIAR AP 10,M,5,HOSPITAL GERAL,1031,HOSPITAL_PÚBLICO,PRACA DA REPUBLICA,111,,CENTRO,20211350,,,328,328,27,27,21,21,0,0,0,0,6,6,0,0
202602,SUDESTE,RJ,330455,RIO DE JANEIRO,2280248,SMS HOSPITAL MATERNIDADE CARMELA DUTRA AP 32,SMS RIO HOSPITAL MATERNIDADE CARMELA DUTRA AP 32,M,7,HOSPITAL ESPECIALIZADO,1031,HOSPITAL_PÚBLICO,RUA AQUIDABA,1037,,LINS DE VASCONCELOS,20720292,(21) 31116766,hmatcdutra@rio.rj.gov.br,120,120,14,14,0,0,0,0,14,14,0,0,0,0
202602,SUDESTE,RJ,330130,CASIMIRO DE ABREU,2280396,HOSPITAL MUNICIPAL ANGELA MARIA SIMOES MENEZES,HOSPITAL MUNICIPAL ANGELA MARIA SIMOES MENEZES,M,5,HOSPITAL GERAL,1244,HOSPITAL_PÚBLICO,RUA PASTOR LUIZ LAURENTINO,1292,,SANTA ELY,28860000,2227784440,faturamento.hmca@gmail.com,60,55,5,0,5,0,0,0,0,0,0,0,0,0
202602,SUDESTE,RJ,330520,SAO PEDRO DA ALDEIA,2280477,HOSPITAL E MATERNIDADE DA ALDEIA,MISSAO DE SAO PEDRO,M,5,HOSPITAL GERAL,3999,HOSPITAL_FILANTRÓPICO,AVENIDA GETULIO VARGAS,290,CASA,CENTRO,28941122,22 2621 1063,missaodesaopedro@ig.com.br,49,33,0,0,0,0,0,0,0,0,0,0,0,0
202602,SUDESTE,RJ,330520,SAO PEDRO DA ALDEIA,2280582,HOSPITAL MUNICIPAL DR JOSE SEVE NETO,SECRETARIA MUNICIPAL DE SAUDE DE SAO PEDRO DA ALDEIA,M,5,HOSPITAL GERAL,1031,HOSPITAL_PÚBLICO,RUA EPAMINONDAS PEREIRA NUNES,01,,NOVA SAO PEDRO,28941140,22 2621 2623,faturamento.psmjsn@iagp.org.br,29,29,0,0,0,0,0,0,0,0,0,0,0,0
202602,SUDESTE,RJ,330455,RIO DE JANEIRO,2280728,SMS INSTITUTO NISE DA SILVEIRA AP 32,SMS RIO INSTITUTO MUNICIPAL NISE DA SILVEIRA AP 32,M,7,HOSPITAL ESPECIALIZADO,1031,HOSPITAL_PÚBLICO,RAMIRO MAGALHAES,521,,ENGENHO DE DENTRO,20730460,21 31117426,imnisedasilveira@gmail.com,4,4,0,0,0,0,0,0,0,0,0,0,0,0
202602,SUDESTE,RJ,330010,ANGRA DOS REIS,2280868,HOSPITAL MATERNIDADE DE ANGRA DOS REIS HMAR,HOSPITAL MATERNIDADE DE ANGRA DOS REIS HMAR,M,5,HOSPITAL GERAL,1031,HOSPITAL_PÚBLICO,RUA DR COUTINHO,84,,CENTRO,23900620,2433654687,DIRECAOMEDICA.HMAR@IDEAISRJ.ORG.BR,77,69,17,9,5,5,0,0,12,4,0,0,0,0
202602,SUDESTE,RJ,330010,ANGRA DOS REIS,2281287,HOSPITAL UNIMED VOLTA REDONDA UNIDADE LITORAL SUL,HOSPITAL LITORAL SUL LTDA,M,5,HOSPITAL GERAL,2062,HOSPITAL_PRIVADO,RUA MILTON BASILIO PEREIRA,367,,PARQUE DAS PALMEIRAS,23906455,24 3364-2614,,24,0,0,0,0,0,0,0,0,0,0,0,0,0
202602,SUDESTE,RJ,330010,ANGRA DOS REIS,2281384,HOSPITAL DE PRAIA BRAVA,FUNDACAO ELETRONUCLEAR DE ASSISTENCIA MEDICA,M,5,HOSPITAL GERAL,3069,HOSPITAL_FILANTRÓPICO,RUA OITO,S/N,,PRAIA BRAVA,23950080,2433621272,feam@feam-etn.org.br,44,27,8,3,8,3,0,0,0,0,0,0,0,0
202602,SUDESTE,RJ,330227,JAPERI,2281554,HMJ HOSPITAL MUNICIPAL DE JAPERI,MUNICIPIO DE JAPERI,M,5,HOSPITAL GERAL,1244,HOSPITAL_PÚBLICO,ESTRADA ARY SCHIAVO,S/N,,SANTA INES,26440115,2126645878,policlinica@gmail.com,34,30,0,0,0,0,0,0,0,0,0,0,0,0
202602,SUDESTE,RJ,330050,BOM JARDIM,2282801,HOSPITAL DR CELSO ERTHAL,SANTA CASA DE BOM JARDIM,M,5,HOSPITAL GERAL,3999,HOSPITAL_FILANTRÓPICO,RUA JOAO FIGUEIRA RODRIGUES,36,,CENTRO,28660000,(22)25662140,,67,62,0,0,0,0,0,0,0,0,0,0,0,0
202602,SUDESTE,RJ,330290,MIGUEL PEREIRA,2283239,HOSPITAL MUNICIPAL LUIZ GONZAGA,SECRETARIA MUNICIPAL DE SAUDE DE MIGUEL PEREIRA,M,5,HOSPITAL GERAL,1244,HOSPITAL_PÚBLICO,RUA ADELAIDE BADENES,400,,CENTRO,26900000,(24)24845049,administracao@miguelpereira.com.br,81,71,10,0,10,0,0,0,0,0,0,0,0,0
202602,SUDESTE,RJ,330480,SAO FIDELIS,2283328,HOSPITAL ARMANDO VIDAL,ASSOCIACAO HOSPITALAR ARMANDO VIDAL,M,5,HOSPITAL GERAL,3999,HOSPITAL_FILANTRÓPICO,PRACA SAO FIDELIS,79,,CENTRO,28400000,(22)27581060,administracao@ahav.com.br,139,128,19,17,19,17,0,0,0,0,0,0,0,0
202602,SUDESTE,RJ,330070,CABO FRIO,2283395,HOSPITAL SAO JOSE OPERARIO,SECRETARIA MUNICIPAL DE SAUDE DE CABO FRIO,M,5,HOSPITAL GERAL,1031,HOSPITAL_PÚBLICO,RUA GOVERNADOR VALADARES,22,,SAO CRISTOVAO,28909010,(22)26452626,,73,73,0,0,0,0,0,0,0,0,0,0,0,0
202602,SUDESTE,RJ,330575,TANGUA,2283735,HOSPITAL MUNICIPAL DERMEVAL GARCIA DE FREITAS,SECRETARIA MUNICIPAL DE SAUDE DE TANGUA,M,5,HOSPITAL GERAL,1244,HOSPITAL_PÚBLICO,RUA PRIMEIRO DE MAIO,35,,CENTRO,24890000,21 27472301,admpoliclinicatangua@gmail.com,14,14,0,0,0,0,0,0,0,0,0,0,0,0
202602,SUDESTE,RJ,330090,CAMBUCI,2283794,HOSPITAL MUNICIPAL MOACYR GOMES DE AZEVEDO,SECRETARIA MUNICIPAL DE SAUDE DE CAMBUCI,M,5,HOSPITAL GERAL,1244,HOSPITAL_PÚBLICO,RUA SETE DE SETEMBRO,06,,CENTRO,28430000,2227675001,,48,39,4,4,4,4,0,0,0,0,0,0,0,0
202602,SUDESTE,RJ,330285,MESQUITA,2283832,HOSPITAL DAS CLINICAS DE JUCELINO,HOSPITAL DAS CLINICAS DE JUSCELINO LTDA,M,5,HOSPITAL GERAL,2062,HOSPITAL_PRIVADO,GERVASIO,6,,CENTRO,26550020,21 37731453,,76,0,0,0,0,0,0,0,0,0,0,0,0,0
202602,SUDESTE,RJ,330200,ITAGUAI,2284634,HOSPITAL MUNICIPAL SAO FRANCISCO XAVIER,MUNICIPIO DE ITAGUAI,M,5,HOSPITAL GERAL,1244,HOSPITAL_PÚBLICO,RUA GENERAL BOCAIUVA,16,,CENTRO,23815310,(21)26887844,sms.saude@itaguai.rj.gov.br,109,109,10,10,10,10,0,0,0,0,0,0,0,0
202602,SUDESTE,RJ,330020,ARARUAMA,2285150,HOSPITAL MUNICIPAL PREFEITO ARMANDO DA SILVA CARVALHO,SECRETARIA MUNICIPAL DE SAUDE DE ARARUAMA,M,5,HOSPITAL GERAL,1031,HOSPITAL_PÚBLICO,RUA DR JOAO FLORENCIO SOBRINHO,S/N,,SAO VICENTE DE PAULO,28988892,(22)26661238,,18,18,0,0,0,0,0,0,0,0,0,0,0,0
202602,SUDESTE,RJ,330300,MIRACEMA,2285932,HOSPITAL DE MIRACEMA,HOSPITAL DE MIRACEMA,M,5,HOSPITAL GERAL,3999,HOSPITAL_FILANTRÓPICO,RUA JOSE MONTEIRO DE BARROS,500,,HOSPITAL,28460000,08003662000,hospitaldemiracema@gmail.com,58,35,10,6,10,6,0,0,0,0,0,0,0,0
202602,SUDESTE,RJ,330022,AREAL,2285975,HOSPITAL MUNICIPAL NOSSA SENHORA DAS DORES,HOSPITAL MUNICIPAL NOSSA SENHORA DAS DORES,M,5,HOSPITAL GERAL,1244,HOSPITAL_PÚBLICO,AV PRES VARGAS,250,,CENTRO,25845000,(24)22579702,hmnsdareal@gmail.com,20,20,0,0,0,0,0,0,0,0,0,0,0,0
202602,SUDESTE,RJ,330500,SAO JOAO DA BARRA,2286289,SANTA CASA DE MISERICORDIA DE SAO JOAO DA BARRA,SANTA CASA DE MISERICORDIA DE SAO JOAO DA BARRA,M,5,HOSPITAL GERAL,3999,HOSPITAL_FILANTRÓPICO,JOAO FRANCISCO DE ALMEIDA,260,,CENTRO,28200000,22 27414600,,59,59,0,0,0,0,0,0,0,0,0,0,0,0
202602,SUDESTE,RJ,330100,CAMPOS DOS GOYTACAZES,2287099,CLINICA DA CRIANCA,FUNDACAO MUNICIPAL DE SAUDE,M,7,HOSPITAL ESPECIALIZADO,1155,HOSPITAL_PÚBLICO,RUA ANDRE LUIS,111,,JD CARIOCA,28080460,,uphguarus@fms.org.br,17,17,0,0,0,0,0,0,0,0,0,0,0,0
202602,SUDESTE,RJ,330100,CAMPOS DOS GOYTACAZES,2287250,SOCIEDADE PORTUGUESA DE BENEFICENCIA DE CAMPOS,SOCIEDADE PORTUGUESA DE BENEFICENCIA DE CAMPOS,M,5,HOSPITAL GERAL,3999,HOSPITAL_FILANTRÓPICO,RUA BARAO DE MIRACEMA,140,,CENTRO,28035302,22 27376250,,253,190,72,58,54,40,0,0,18,18,0,0,0,0
202602,SUDESTE,RJ,330100,CAMPOS DOS GOYTACAZES,2287285,HOSPITAL DR BEDA,INSTITUTO DE MED NUCLEAR E ENDOCRINOLOGIA LTDA,M,5,HOSPITAL GERAL,2062,HOSPITAL_PRIVADO,RUA CONSELHEIRO OTAVIANO,129,,CENTRO,28010140,2227371500,susimne@hotmail.com,134,60,20,9,20,9,0,0,0,0,0,0,0,0
202602,SUDESTE,RJ,330100,CAMPOS DOS GOYTACAZES,2287374,HOSPITAL SAO JOSE,FUNDACAO MUNICIPAL DE SAUDE,M,5,HOSPITAL GERAL,1155,HOSPITAL_PÚBLICO,ESTRADA DO ACUCAR,S/N,,DONANA,28010010,,,45,31,0,0,0,0,0,0,0,0,0,0,0,0
202602,SUDESTE,RJ,330100,CAMPOS DOS GOYTACAZES,2287382,SANTA CASA DE MISERICORDIA DE CAMPOS,SANTA CASA DE MISERICORDIA DE CAMPOS,M,5,HOSPITAL GERAL,3999,HOSPITAL_FILANTRÓPICO,AV PELINCA,115,,PQ TAMANDARE,28035053,27231894,santacasa@viacabo.com.br,330,159,40,35,40,35,0,0,0,0,0,0,0,0
202602,SUDESTE,RJ,330100,CAMPOS DOS GOYTACAZES,2287447,HOSPITAL ESCOLA ALVARO ALVIM,FUNDACAO BENEDITO PEREIRA NUNES,M,5,HOSPITAL GERAL,3069,HOSPITAL_FILANTRÓPICO,BARAO DA LAGOA DOURADA,409,,CENTRO,28035211,22 21012974,FBPN@FBPN-CAMPOS.COM.BR,147,116,30,20,30,20,0,0,0,0,0,0,0,0
202602,SUDESTE,RJ,330100,CAMPOS DOS GOYTACAZES,2287579,HOSPITAL FERREIRA MACHADO,FUNDACAO MUNICIPAL DE SAUDE,M,5,HOSPITAL GERAL,1155,HOSPITAL_PÚBLICO,RUA ROCHA LEAO,02,,CAJU,28051170,(22)27323788,,293,243,47,24,30,16,17,8,0,0,0,0,0,0
202602,SUDESTE,RJ,330030,BARRA DO PIRAI,2287919,CASA DE CARIDADE SANTA RITA,CASA DE CARIDADE SANTA RITA,M,5,HOSPITAL GERAL,3999,HOSPITAL_FILANTRÓPICO,RUA FRANKLIN DE MORAES,67,,CENTRO,27135000,(24)24472750,santa.casa@uol.com.br,107,84,14,7,14,7,0,0,0,0,0,0,0,0
202602,SUDESTE,RJ,330030,BARRA DO PIRAI,2287927,HOSPITAL E MATERNIDADE MARIA DE NAZARE,CENTRO ESPIRITA PAI JOSE CAMBINDA,M,5,HOSPITAL GERAL,3999,HOSPITAL_FILANTRÓPICO,RUA FRUTUOSO GIL GONCALVES,115,,MATADOURO,27115050,(24)2447-2000,cepjc@ig.com.br,79,58,0,0,0,0,0,0,0,0,0,0,0,0
202602,SUDESTE,RJ,330260,MANGARATIBA,2288109,HOSPITAL MUNICIPAL VICTOR DE SOUZA BREVES,SECRETARIA MUNICIPAL DE SAUDE,M,5,HOSPITAL GERAL,1244,HOSPITAL_PÚBLICO,RUA NILO PECANHA,85,,CENTRO,23860000,(21)2789-9035,saude@mangaratiba.rj.gov.br,74,64,0,0,0,0,0,0,0,0,0,0,0,0
202602,SUDESTE,RJ,330225,ITATIAIA,2288230,HOSP MUNICIPAL MATERNIDADE DR MANOEL MARTINS DE BARROS,SECRETARIA MUNICIPAL DE SAUDE DE ITATIAIA,M,5,HOSPITAL GERAL,1244,HOSPITAL_PÚBLICO,AV DOIS,800,,JD ITATIAIA,27580000,(24) 3352-6850/1250,admhospitalmunicipalitatiaia@gmail.com,42,42,0,0,0,0,0,0,0,0,0,0,0,0
202602,SUDESTE,RJ,330455,RIO DE JANEIRO,2288338,INI FIOCRUZ,FUNDACAO OSWALDO CRUZ,M,5,HOSPITAL GERAL,1139,HOSPITAL_PÚBLICO,BRASIL,4365,PAV GASPAR VIANNA,MANGUINHOS,21040360,21 38659595,inpecsus@ini.fiocruz.br,126,126,0,0,0,0,0,0,0,0,0,0,0,0
202602,SUDESTE,RJ,330455,RIO DE JANEIRO,2288362,SMS INSTITUTO MUNICIPAL PHILIPPE PINEL AP 21,SMS RIO INSTITUTO MUNICIPAL PHILIPPE PINEL AP 21,M,7,HOSPITAL ESPECIALIZADO,1031,HOSPITAL_PÚBLICO,AV VENCESLAU BRAS,65,,BOTAFOGO,22290140,(21)22755694,imppinel@smsdc.rio.rj.gov.br,50,50,0,0,0,0,0,0,0,0,0,0,0,0
202602,SUDESTE,RJ,330420,RESENDE,2288885,SANTA CASA DE MISERICORDIA DE RESENDE,SANTA CASA DE MISERICORDIA DE RESENDE,M,5,HOSPITAL GERAL,3999,HOSPITAL_FILANTRÓPICO,PRACA CLEMENTE FERREIRA,39,,LAVAPES,27511020,(24) 3355-1159,diretoriageral@santacasaresende.org.br,82,76,5,5,5,5,0,0,0,0,0,0,0,0
202602,SUDESTE,RJ,330420,RESENDE,2288893,HOSPITAL MUNICIPAL HENRIQUE SERGIO GREGORI,SECRETARIA MUNICIPAL DE SAUDE DE RESENDE,M,5,HOSPITAL GERAL,1244,HOSPITAL_PÚBLICO,AVENIDA MARCILIO DIAS,800,,JARDIM JALISCO,27510080,(24) 3381-2080,direcaohme.resende@gmail.com,76,76,16,16,16,16,0,0,0,0,0,0,0,0
202602,SUDESTE,RJ,330420,RESENDE,2288907,APMIR,ASSOCIACAO DE PROTECAO A MATERNIDADE E A INFANCIA DE RESENDE,M,7,HOSPITAL ESPECIALIZADO,3999,HOSPITAL_FILANTRÓPICO,AVENIDA GUSTAVO JARDIM,314,,CENTRO,27511360,(24) 3355-4821/4013,apmir31@yahoo.com.br,67,46,10,10,0,0,0,0,10,10,0,0,0,0
202602,SUDESTE,RJ,330040,BARRA MANSA,2289377,INTENSIBARRA,CENTRO DE TRATAMENTO INTENSIVO DE BARRA MANSA,M,7,HOSPITAL ESPECIALIZADO,2062,HOSPITAL_PRIVADO,RUA TENENTE JOSE EDUARDO,585,,ANO BOM,27323240,02433239395,,20,0,0,0,0,0,0,0,0,0,0,0,0,0
202602,SUDESTE,RJ,330045,BELFORD ROXO,2289571,HOSPITAL MUNICIPAL DE BELFORD ROXO,SMS BELFORD ROXO,M,5,HOSPITAL GERAL,1244,HOSPITAL_PÚBLICO,AVENIDA RETIRO DA IMPRENSA,1013,,VILA MEDEIROS,26112180,(21)26621660,,65,65,0,0,0,0,0,0,0,0,0,0,0,0
202602,SUDESTE,RJ,330045,BELFORD ROXO,2289709,HOSPITAL DE CLINICAS BELFORD ROXO,CASA DE SAUDE E MATERNIDADE BELFORD ROXO LTDA,M,5,HOSPITAL GERAL,2062,HOSPITAL_PRIVADO,AV BENJAMIM PINTO DIAS,1000,,CENTRO,26130000,26622391,csmbr@ig.com.br,91,0,0,0,0,0,0,0,0,0,0,0,0,0
202602,SUDESTE,RJ,330140,CONCEICAO DE MACABU,2290073,HOSPITAL MUNICIPAL ANA MOREIRA,SECRETARIA MUNICIPAL DE SAUDE DE CONCEICAO DE MACABU,M,5,HOSPITAL GERAL,1244,HOSPITAL_PÚBLICO,RUA ROSENDO FONTES TAVARES,199,PREDIO,BOCAINA,28740000,2227792486,semsa@conceicaodemacabu.rj.gov.br,21,21,0,0,0,0,0,0,0,0,0,0,0,0
202602,SUDESTE,RJ,330170,DUQUE DE CAXIAS,2290227,HOSPITAL MUNICIPAL ADAO PEREIRA NUNES,MUNICIPIO DE DUQUE DE CAXIAS,M,5,HOSPITAL GERAL,1244,HOSPITAL_PÚBLICO,ROD WASHINGTON LUIZ,S/N,BR 040 KM 109,JD PRIMAVERA,25225015,2127775258,direcao.hmapn@duquedecaxias.rj.gov.br,485,403,104,29,63,0,18,17,23,12,0,0,0,0
202602,SUDESTE,RJ,330230,LAJE DO MURIAE,2290499,HOSPITAL MUNICIPAL DE LAJE DO MURIAE,HOSPITAL MUNICIPAL DE LAJE DO MURIAE,M,5,HOSPITAL GERAL,1244,HOSPITAL_PÚBLICO,RUA GERONCIO FERREIRA,270,,CENTRO,28350200,2238292434,,32,30,0,0,0,0,0,0,0,0,0,0,0,0
202602,SUDESTE,RJ,330455,RIO DE JANEIRO,2291266,SMS HOSPITAL MUNICIPAL FRANCISCO DA SILVA TELLES AP33,POSTO DE ASSISTENCIA MEDICA FRANCISCO DA SILVA TELLES,M,5,HOSPITAL GERAL,1031,HOSPITAL_PÚBLICO,UBIRAJARA,25,,IRAJA,21230300,021 3715070,,84,84,0,0,0,0,0,0,0,0,0,0,0,0
202602,SUDESTE,RJ,330455,RIO DE JANEIRO,2291304,SES RJ CENTRO PSIQUIATRICO RIO DE JANEIRO,SECRETARIA DE ESTADO DE SAUDE SES,E,7,HOSPITAL ESPECIALIZADO,1023,HOSPITAL_PÚBLICO,CORONEL ASSUNCAO,S/N,,GAMBOA,20220480,21 22992577,,108,108,0,0,0,0,0,0,0,0,0,0,0,0
202602,SUDESTE,RJ,330475,SAO FRANCISCO DE ITABAPOANA,2291320,HOSPITAL MUNICIPAL MANOEL CAROLA,MUNICIPIO DE SAO FRANCISCO DE ITABAPOANA,M,5,HOSPITAL GERAL,1244,HOSPITAL_PÚBLICO,AV NILTON MAYERHOFFER PESSANHA,48,,PONTO DE CACIMBAS,28230000,22999659443,saudesfi@hotmail.com,31,31,0,0,0,0,0,0,0,0,0,0,0,0
202602,SUDESTE,RJ,330490,SAO GONCALO,2291525,H OLHOS SAO GONCALO,OFTALMOCLINICA SAO GONCALO LTDA,M,7,HOSPITAL ESPECIALIZADO,2062,HOSPITAL_PRIVADO,SALVATORI,99,ENT SUPL RUA JOSE,CENTRO,24421005,21 27129494,OFTALMOCLINICASG@GMAIL.COM,17,13,0,0,0,0,0,0,0,0,0,0,0,0
202602,SUDESTE,RJ,330490,SAO GONCALO,2292084,HOSPITAL DR LUIZ PALMIER,SECRETARIA MUNICIPAL DE SAUDE DE SAO GONCALO,M,5,HOSPITAL GERAL,1244,HOSPITAL_PÚBLICO,PRACA ESTEPHANIA DE CARVALHO,26,PARTE 1,ZE GAROTO,24440195,(21) 2603-6590,,138,130,15,7,15,7,0,0,0,0,0,0,0,0
202602,SUDESTE,RJ,330515,SAO JOSE DO VALE DO RIO PRETO,2292270,HOSPITAL MATERNIDADE SANTA THERESINHA,SECRETARIA MUNICIPAL DE SAUDE DE SAO JOSE DO VALE DO RIO PRE,M,5,HOSPITAL GERAL,1031,HOSPITAL_PÚBLICO,RUA PROFA MARIA EMILIA ESTEVES,617,,CENTRO,25780000,2422241150,saude@sjvriopreto.rj.gov.br,49,49,0,0,0,0,0,0,0,0,0,0,0,0
202602,SUDESTE,RJ,330580,TERESOPOLIS,2292386,HOSPITAL SAO JOSE,ASSOCIACAO CONGREGACAO DE SANTA CATARINA,E,5,HOSPITAL GERAL,3999,HOSPITAL_FILANTRÓPICO,RUA JUDITH MAURICIO DE PAULA,40,,IUCAS,25964220,(21)2741-4300,administracao.hsj@redesc.org.br,107,43,23,13,23,13,0,0,0,0,0,0,0,0
202602,SUDESTE,RJ,330580,TERESOPOLIS,2292513,BENEFICENCIA PORTUGUESA DE TERESOPOLIS,HOSPITAL NOSSA SENHORA DA SAUDE,M,5,HOSPITAL GERAL,3999,HOSPITAL_FILANTRÓPICO,R JOSE MARIA DE ARAUJO REGADAS,300,,ERMITAGE,25953345,(21)27420765,,69,55,0,0,0,0,0,0,0,0,0,0,0,0
202602,SUDESTE,RJ,330610,VALENCA,2292912,HOSPITAL ESCOLA LUIZ GIOSEFFI JANNUZZI,FUNDACAO EDUCACIONAL D ANDRE ARCOVERDE,M,5,HOSPITAL GERAL,3069,HOSPITAL_FILANTRÓPICO,RUA DOM JOSE COSTA CAMPOS,20,,CENTRO,27600046,(24)2453-1333,direcaohe@faa.edu.br,195,195,40,40,30,30,0,0,10,10,0,0,0,0
202602,SUDESTE,RJ,330320,NILOPOLIS,2293862,HOSPITAL MUNICIPAL JUSCELINO KUBITSCHEK,SECRETARIA MUNICIPAL DE SAUDE DE NILOPOLIS,M,5,HOSPITAL GERAL,1244,HOSPITAL_PÚBLICO,RUA ZEZINHO,111,,CENTRO,26520000,(21)37613223,,92,70,16,0,10,0,0,0,6,0,0,0,0,0
202602,SUDESTE,RJ,330600,TRES RIOS,2294923,HOSPITAL DE CLINICAS NOSSA SENHORA DA CONCEICAO,ASSOCIACAO CONGREGACAO DE SANTA CATARINA,M,5,HOSPITAL GERAL,3999,HOSPITAL_FILANTRÓPICO,RUA MAESTRO COSTA BARROS,642,,CENTRO,25805090,2422550601,dir.executivo@hcnsc.com.br,113,90,26,19,26,19,0,0,0,0,0,0,0,0
202602,SUDESTE,RJ,330093,CARAPEBUS,2294990,PRONTO ATENDIMENTO CARLITO GONCALVES DA FONSECA,MUNICIPIO DE CARAPEBUS,M,20,PRONTO SOCORRO GERAL,1244,HOSPITAL_PÚBLICO,RUA JOAO PEDRO SOBRINHO,72,,SAPECADO,27998000,2227689527,atencaobasica@carapebus.rj.gov.br,8,8,0,0,0,0,0,0,0,0,0,0,0,0
202602,SUDESTE,RJ,330210,ITAOCARA,2295016,CASA DE SAUDE JOAO XXIII LTDA,CASA DE SAUDE JOAO XXIII LTDA,M,5,HOSPITAL GERAL,2062,HOSPITAL_PRIVADO,RUA NILO PECANHA,564,,CENTRO,28570000,(22)38612552,csjxxiii@uol.com.br casadesaudeitaocara@okintrnet.com.br,41,0,12,0,12,0,0,0,0,0,0,0,0,0
202602,SUDESTE,RJ,330455,RIO DE JANEIRO,2295059,CLINICA DE REPOUSO SANTA ALICE,SANATORIO RIO DE JANEIRO LTDA,M,7,HOSPITAL ESPECIALIZADO,2062,HOSPITAL_PRIVADO,RUA BOA VISTA,99,,ALTO DA BOA VISTA,20751340,,sanatoriojane@gmail.com,50,0,0,0,0,0,0,0,0,0,0,0,0,0
202602,SUDESTE,RJ,330455,RIO DE JANEIRO,2295067,INSTITUTO ESTADUAL DE HEMATOLOGIA ARTHUR SIQUEIRA CAVALCANTI,SECRETARIA DE ESTADO DE SAUDE SES,E,7,HOSPITAL ESPECIALIZADO,1023,HOSPITAL_PÚBLICO,RUA FREI CANECA,8,,CENTRO,20211030,(21)23328611,diretoria@hemorio.rj.gov.br,83,83,0,0,0,0,0,0,0,0,0,0,0,0
202602,SUDESTE,RJ,330610,VALENCA,2295075,HOSPITAL GUSTAVO MONTEIRO JUNIOR,ASSOCIACAO DA CASA DE CARIDADE DE CONSERVATORIA,M,5,HOSPITAL GERAL,3999,HOSPITAL_FILANTRÓPICO,RUA OSWALDO FONSECA,02,,CONSERVATORIA,27610470,(24) 2438-1202,hospcon@yahoo.com.br,46,39,0,0,0,0,0,0,0,0,0,0,0,0
202602,SUDESTE,RJ,330610,VALENCA,2295105,HOSPITAL SANTA ISABEL,ASSOCIACAO HOSPITAL SANTA ISABEL,M,5,HOSPITAL GERAL,3999,HOSPITAL_FILANTRÓPICO,RUA OLIMPIA JUNQUEIRA,279,,SANTA ISABEL,27611755,(24)24571117,ahsi.adm25@gmail.com,40,40,0,0,0,0,0,0,0,0,0,0,0,0
202602,SUDESTE,RJ,330610,VALENCA,2295113,IRMANDADE DA SANTA CASA DA MISERICORDIA DE VALENCA,IRMANDADE DA SANTA CASA DA MISERICORDIA DE VALENCA,M,5,HOSPITAL GERAL,3999,HOSPITAL_FILANTRÓPICO,RUA CEL LEITE PINTO,105,,CENTRO,27600126,(24) 99290-5485,santacasavalenca@uol.com.br,12,12,0,0,0,0,0,0,0,0,0,0,0,0
202602,SUDESTE,RJ,330455,RIO DE JANEIRO,2295369,ACAO CRISTA VICENTE MORETTI,ACAO CRISTA VICENTE MORETTI,M,7,HOSPITAL ESPECIALIZADO,3999,HOSPITAL_FILANTRÓPICO,MARAVILHA,308,,BANGU,21810100,,,40,40,0,0,0,0,0,0,0,0,0,0,0,0
202602,SUDESTE,RJ,330455,RIO DE JANEIRO,2295393,HOSPITAL NOSSA SENHORA DA SAUDE,SANTA CASA DA MISERICORDIA DO RIO DE JANEIRO,M,5,HOSPITAL GERAL,3999,HOSPITAL_FILANTRÓPICO,RUA DA GAMBOA,303,,SAUDE,20220322,,,34,0,0,0,0,0,0,0,0,0,0,0,0,0
202602,SUDESTE,RJ,330455,RIO DE JANEIRO,2295407,SMS HOSPITAL MUNICIPAL ROCHA FARIA AP 52,SMS RIO HOSPITAL MUNICIPAL ROCHA FARIA AP 52,M,5,HOSPITAL GERAL,1031,HOSPITAL_PÚBLICO,AV CESARIO DE MELO,3215,,CAMPO GRANDE,23050101,(21)2333-6797,direcao.hmrf@igedes.org.br,198,168,36,16,16,16,0,0,20,0,0,0,0,0
202602,SUDESTE,RJ,330455,RIO DE JANEIRO,2295415,HOSPITAL UNIVERSITARIO GAFFREE E GUINLE,EMPRESA BRASILEIRA DE SERVICOS HOSPITALARES,M,5,HOSPITAL GERAL,2011,HOSPITAL_PRIVADO,MARIZ E BARROS,775,,TIJUCA,20270004,,,167,159,15,11,7,5,0,0,8,6,0,0,0,0
202602,SUDESTE,RJ,330455,RIO DE JANEIRO,2295423,HOSPITAL FEDERAL CARDOSO FONTES,MS HOSPITAL FEDERAL CARDOSO FONTES,M,5,HOSPITAL GERAL,1015,HOSPITAL_PÚBLICO,AVENIDA MENEZES CORTES,3245,,FREGUESIA JPA,22745130,(21)24252255,dirhgj@nerj.rj.saude.gov.br,182,179,28,25,18,18,10,7,0,0,0,0,0,0
202602,SUDESTE,RJ,330430,RIO BONITO,2296241,HOSPITAL REGIONAL DARCY VARGAS,HOSPITAL REGIONAL DARCY VARGAS,M,5,HOSPITAL GERAL,3999,HOSPITAL_FILANTRÓPICO,JOAO CARMO,110,,CENTRO,28800000,,,139,114,15,15,15,15,0,0,0,0,0,0,0,0
202602,SUDESTE,RJ,330455,RIO DE JANEIRO,2296306,SMS HOSPITAL MUNICIPAL SALGADO FILHO AP 32,SMS RIO HOSPITAL MUNICIPAL SALGADO FILHO AP 32,M,5,HOSPITAL GERAL,1031,HOSPITAL_PÚBLICO,ARQUIAS CORDEIRO,370,,MEIER,20770000,,,316,316,16,16,16,16,0,0,0,0,0,0,0,0
202602,SUDESTE,RJ,330455,RIO DE JANEIRO,2296594,UFRJ INSTITUTO DE GINECOLOGIA,UNIVERSIDADE FEDERAL DO RIO DE JANEIRO,M,7,HOSPITAL ESPECIALIZADO,1104,HOSPITAL_PÚBLICO,MONCORVO FILHO,90,,CENTRO,20211340,,diretor@ig.ufrj.br,12,12,0,0,0,0,0,0,0,0,0,0,0,0
202602,SUDESTE,RJ,330455,RIO DE JANEIRO,2296608,HCJ HOSPITAL DE CLINICAS DE JACAREPAGUA,HOSPITAL DE CLINICAS DE JACAREPAGUA LTDA,M,5,HOSPITAL GERAL,2062,HOSPITAL_PRIVADO,RUA BACAIRIS,499,,TAQUARA,22730120,(21) 3987-7000,almeida.camila@amil.com.br,45,0,20,0,20,0,0,0,0,0,0,0,0,0
202602,SUDESTE,RJ,330455,RIO DE JANEIRO,2296616,UFRJ IPPMG INST DE PUER PED MARTAGAO GESTEIRA,UNIVERSIDADE FEDERAL DO RIO DE JANEIRO,M,7,HOSPITAL ESPECIALIZADO,1104,HOSPITAL_PÚBLICO,BRUNO LOBO,50,,CIDADE UNIVERSITARIA,21941912,21 39384816,,78,74,14,10,0,0,10,6,4,4,0,0,0,0
202602,SUDESTE,RJ,330045,BELFORD ROXO,2296764,CASA DE SAUDE E MATERNIDADE NOSSA SENHORA DA GLORIA,CASA DE SAUDE E MATERNIDADE XV DE AGOSTO LTDA,M,7,HOSPITAL ESPECIALIZADO,2062,HOSPITAL_PRIVADO,AV BENJAMIM PINTO DIAS,1677,CENTRO,BELFORD ROXO,26130000,(21)26620660,,40,0,0,0,0,0,0,0,0,0,0,0,0,0
202602,SUDESTE,RJ,330040,BARRA MANSA,2296977,CASA DE SAUDE SANTA MARIA SA,CASA DE SAUDE SANTA MARIA SA,M,5,HOSPITAL GERAL,2054,HOSPITAL_PRIVADO,RUA TENENTE JOSE EDUARDO,585,,ANO BOM,27323240,02433249100,,124,0,10,0,0,0,0,0,10,0,0,0,0,0
202602,SUDESTE,RJ,330414,QUEIMADOS,2297132,HOSPITAL INFANTIL 21 DE JULHO LTDA,HOSPITAL INFANTIL 21 DE JULHO LTDA,M,7,HOSPITAL ESPECIALIZADO,2062,HOSPITAL_PRIVADO,RUA JOAQUIM DOS SANTOS,265,,CENTRO,26383330,2126651266,hiq100@globo.com,79,79,0,0,0,0,0,0,0,0,0,0,0,0
202602,SUDESTE,RJ,330490,SAO GONCALO,2297590,MATERNIDADE MUNICIPAL DR MARIO NIAJAR,MUNICIPIO DE SAO GONCALO,M,7,HOSPITAL ESPECIALIZADO,1244,HOSPITAL_PÚBLICO,ALFREDO BACKER,324,,ALCANTARA,24430380,2725-7390,,77,77,0,0,0,0,0,0,0,0,0,0,0,0
202602,SUDESTE,RJ,330580,TERESOPOLIS,2297795,HOSPITAL DAS CLINICAS DE TERESOPOLIS,FESO FUNDACAO EDUCACIONAL SERRA DOS ORGAOS,M,5,HOSPITAL GERAL,3069,HOSPITAL_FILANTRÓPICO,DELFIM MOREIRA,2211,,VALE PARAISO,25953230,,,217,103,56,15,36,15,0,0,20,0,0,0,0,0
202602,SUDESTE,RJ,330455,RIO DE JANEIRO,2297833,CLINICA SAO VICENTE,HOSPITAIS INTEGRADOS DA GAVEA S A,M,5,HOSPITAL GERAL,2054,HOSPITAL_PRIVADO,JOAO BORGES,204,PARTE,GAVEA,22451100,21 32394700,,148,0,59,0,42,0,0,0,0,0,0,0,17,0
202602,SUDESTE,RJ,330490,SAO GONCALO,2298031,SES RJ HOSPITAL ESTADUAL ALBERTO TORRES GERAL SAO GONCALO,SECRETARIA DO ESTADO DE SAUDE DO RIO DE JANEIRO,E,5,HOSPITAL GERAL,1023,HOSPITAL_PÚBLICO,RUA OSORIO COSTA,S/N,NAO HA,COLUBANDE,24744680,38122646,direcaoheat@gmail.com,243,243,75,75,64,64,11,11,0,0,0,0,0,0
202602,SUDESTE,RJ,330340,NOVA FRIBURGO,2298090,HOSPITAL UNIMED DE NOVA FRIBURGO,UNIMED DE NOVA FRIBURGO SOCIEDADE COOPERATIVA DE SERVICOS ME,M,5,HOSPITAL GERAL,2143,HOSPITAL_PRIVADO,IZELINO MADURO,900,,CHACARA DO PARAISO,28605300,,,144,0,21,0,9,0,2,0,5,0,0,0,5,0
202602,SUDESTE,RJ,330340,NOVA FRIBURGO,2298104,HOSPITAL SERRANO,HOSPITAL SERRANO LTDA,M,5,HOSPITAL GERAL,2062,HOSPITAL_PRIVADO,GENERAL OSORIO,276,,CENTRO,28625630,,,41,0,10,0,10,0,0,0,0,0,0,0,0,0
202602,SUDESTE,RJ,330455,RIO DE JANEIRO,2298120,SMS HOSPITAL MUNICIPAL ALBERT SCHWEITZER AP 51,SMS RIO HOSPITAL MUNICIPAL ALBERT SCHWEITZER AP 51,M,5,HOSPITAL GERAL,1031,HOSPITAL_PÚBLICO,RUA NILOPOLIS,329,,REALENGO,21725090,(21) 2042-2096,faturamento.hmas@vivario.org.br,396,396,71,71,40,40,20,20,11,11,0,0,0,0
202602,SUDESTE,RJ,330100,CAMPOS DOS GOYTACAZES,2298317,HOSPITAL DOS PLANTADORES DE CANA,ASSOCIACAO FLUMINENSE DE ASSIST A MULHER CRIANCA E AO IDOSO,M,5,HOSPITAL GERAL,3999,HOSPITAL_FILANTRÓPICO,AV JOSE ALVES DE AZEVEDO,337,,PQ ROSARIO,28025496,2227377400,filantropia.hpc@gmail.com,286,236,50,38,30,18,0,0,20,20,0,0,0,0
202602,SUDESTE,RJ,330510,SAO JOAO DE MERITI,2298708,HOSPITAL MUNICIPAL DE SAO JOAO DE MERITI ABDON GONCALVES,SECRETARIA MUNICIPAL DE SAUDE DE SAO JOAO DE MERITI,M,5,HOSPITAL GERAL,1244,HOSPITAL_PÚBLICO,AVENIDA PRESIDENTE LINCOLN,S/N,,JARDIM MERITI,25555200,21 2651-1220,,87,67,20,0,20,0,0,0,0,0,0,0,0,0
202602,SUDESTE,RJ,330455,RIO DE JANEIRO,2298724,SES RJ HOSPITAL ESTADUAL ANCHIETA,SECRETARIA DE ESTADO DE SAUDE SES,E,5,HOSPITAL GERAL,1023,HOSPITAL_PÚBLICO,RUA CARLOS SEIDL,785,,CAJU,20930390,,,71,61,10,0,10,0,0,0,0,0,0,0,0,0
202602,SUDESTE,RJ,330455,RIO DE JANEIRO,2298740,HOSPITAL CLINICA GRAJAU,CASA DE SAUDE GRAJAU LTDA,M,5,HOSPITAL GERAL,2062,HOSPITAL_PRIVADO,RUA BARAO DO BOM RETIRO,2484,,GRAJAU,20540342,(21) 25771122,hcgrajau@hcgrajau.com.br,47,0,10,0,10,0,0,0,0,0,0,0,0,0
202602,SUDESTE,RJ,330420,RESENDE,2299216,HOSPITAL SAMER SERVICO DE ASSISTENCIA MEDICA DE RESENDE,HOSPITAIS INTEGRADOS DA GAVEA S A,M,5,HOSPITAL GERAL,2054,HOSPITAL_PRIVADO,RUA CADETE EDSON,38,QUADRA C LOTE AREA 1,MONTESE,27541060,(24) 3358-9018,direcao@samer.com.br,98,2,34,2,16,2,4,0,6,0,0,0,8,0
202602,SUDESTE,RJ,330490,SAO GONCALO,2696746,PRONTO SOCORRO CENTRAL DR ARMANDO GOMES DE SA COUTO,SECRETARIA MUNICIPAL DE SAUDE DE SAO GONCALO,M,5,HOSPITAL GERAL,1244,HOSPITAL_PÚBLICO,PRACA ESTEPHANIA DE CARVALHO,26,PARTE,ZE GAROTO,24440195,,,99,92,12,5,12,5,0,0,0,0,0,0,0,0
202602,SUDESTE,RJ,330490,SAO GONCALO,2696851,HOSPITAL SAO GONCALO LTDA,CLINICA SAO GONCALO LTDA,M,5,HOSPITAL GERAL,2062,HOSPITAL_PRIVADO,PIO XII,138,,SAO GONCALO,24440400,(21)2109-5023,,103,0,30,0,30,0,0,0,0,0,0,0,0,0
202602,SUDESTE,RJ,330080,CACHOEIRAS DE MACACU,2696924,HOSPITAL MUNICIPAL DR CELSO MARTINS,SMSDC DE CACHOEIRAS DE MACACU,M,5,HOSPITAL GERAL,1031,HOSPITAL_PÚBLICO,RUA PREFEITO JOSE DA SILVA,177,,CAMPO DO PRADO,28681300,(21)26492006,faturamentohmcm@gmail.com,82,82,0,0,0,0,0,0,0,0,0,0,0,0
202602,SUDESTE,RJ,330020,ARARUAMA,2696932,SES RJ HOSPITAL ESTADUAL ROBERTO CHABO,SECRETARIA DE ESTADO DE SAUDE DO RIO DE JANEIRO,E,5,HOSPITAL GERAL,1023,HOSPITAL_PÚBLICO,RUA BERNARDO DE VASCONCELOS,477,NAO HA,CENTRO,28970000,(22)35131408,LEONAM.LIMA@HERC.FS.RJ.GOV.BR,91,83,24,17,16,9,8,8,0,0,0,0,0,0
202602,SUDESTE,RJ,330060,BOM JESUS DO ITABAPOANA,2696940,HOSPITAL SAO VICENTE DE PAULO,CENTRO POPULAR PROMELHORAMENTOS DE BOM JESUS,M,5,HOSPITAL GERAL,3999,HOSPITAL_FILANTRÓPICO,RUA TEN JOSE TEIXEIRA,473,,CENTRO,28360000,22 38339010,hsvp@ig.com.br.,327,230,97,25,87,25,10,0,0,0,0,0,0,0
202602,SUDESTE,RJ,330240,MACAE,2697041,HOSPITAL SAO JOAO BATISTA DE MACAE,IRMANDADE DE SAO JOAO BATISTA DE MACAE,M,5,HOSPITAL GERAL,3999,HOSPITAL_FILANTRÓPICO,PRACA VERISSIMO DE MELLO,391,,CENTRO,27913100,(22) 2772-1005,stacasamacae@uol.com.br,143,76,18,10,18,10,0,0,0,0,0,0,0,0
202602,SUDESTE,RJ,330615,VARRE-SAI,2704390,HOSPITAL SAO SEBASTIAO DE VARRESAI,HOSPITAL MUNICIPAL SAO SEBASTIAO DE VARRESAI,M,5,HOSPITAL GERAL,1244,HOSPITAL_PÚBLICO,RUA OCTAVIO MONERAT,10,,CENTRO,28375000,2238433832,,26,26,0,0,0,0,0,0,0,0,0,0,0,0
202602,SUDESTE,RJ,330380,PARATY,2704587,HOSPITAL MUNICIPAL HUGO MIRANDA,SECRETARIA MUNICIPAL DE SAUDE DE PARATY,M,5,HOSPITAL GERAL,1244,HOSPITAL_PÚBLICO,RUA SAO PEDRO DE ALCANTARA,01,,PONTAL,23970000,2433716551,paratyfaturamento@gmail.com,65,63,0,0,0,0,0,0,0,0,0,0,0,0
202602,SUDESTE,RJ,330490,SAO GONCALO,2704595,HOSPITAL INFANTIL DARCY SARMANHO VARGAS,SECRETARIA MUNICIPAL DE SAUDE DE SAO GONCALO,M,7,HOSPITAL ESPECIALIZADO,1244,HOSPITAL_PÚBLICO,PRACA ESTEPHANIA DE CARVALHO,26,PARTE 3,ZE GAROTO,24440195,(21)26056531,,43,37,6,0,0,0,6,0,0,0,0,0,0,0
202602,SUDESTE,RJ,330530,SAO SEBASTIAO DO ALTO,2704633,HOSPITAL SAO SEBASTIAO,ASSOCIACAO HOSPITALAR SAO SEBASTIAO DO ALTO,M,5,HOSPITAL GERAL,3999,HOSPITAL_FILANTRÓPICO,RUA MIN FRANCISCO DORNELLES,69,,BAIRRO STA IRENE,28550000,(22)25591313,hssa494@hotmail.com,52,44,0,0,0,0,0,0,0,0,0,0,0,0
202602,SUDESTE,RJ,330630,VOLTA REDONDA,2708078,HOSPITAL DR NELSON DOS SANTOS GONCALVES,SECRETARIA MUNICIPAL DE SAUDE PMVR,M,5,HOSPITAL GERAL,1031,HOSPITAL_PÚBLICO,RUA DEPUTADO GERALDO DI BIASE,S/N,,ATERRADO,27213080,2433399540,,38,38,0,0,0,0,0,0,0,0,0,0,0,0
202602,SUDESTE,RJ,330455,RIO DE JANEIRO,2708353,IFF FIOCRUZ,INST NACIONAL SAUDE MULHER CRIANCA ADOLES FERNANDES FIGUEIRA,M,7,HOSPITAL ESPECIALIZADO,1139,HOSPITAL_PÚBLICO,AV RUI BARBOSA,716,,FLAMENGO,22250020,(21)25541700,direcao@iff.fiocruz.br,137,137,34,34,0,0,6,6,28,28,0,0,0,0
202602,SUDESTE,RJ,330455,RIO DE JANEIRO,2708361,UFRJ INSTITUTO DE NEUROLOGIA DEOLINDO COUTO,UFRJ INSTITUTO DE NEUROLOGIA DEOLINDO COUTO,M,7,HOSPITAL ESPECIALIZADO,1104,HOSPITAL_PÚBLICO,AVENIDA VENCESLAU BRAS,95,,BOTAFOGO,22290140,(21) 3938-0531/0533,direcao@indc.ufrj.br,6,6,0,0,0,0,0,0,0,0,0,0,0,0
202602,SUDESTE,RJ,330350,NOVA IGUACU,2798662,HGNI HOSPITAL GERAL DE NOVA IGUACU,MUNICIPIO DE NOVA IGUACU,M,5,HOSPITAL GERAL,1244,HOSPITAL_PÚBLICO,AVENIDA HENRIQUE DUQUE ESTRADA MEYER,953,NAO HA,POSSE,26030380,2137799900,direcaogeral.hgni@novaiguacu.rj.gov.br,561,529,74,57,44,32,0,0,30,25,0,0,0,0
202602,SUDESTE,RJ,330030,BARRA DO PIRAI,2799308,CRUZ VERMELHA BRASILEIRA RJ BARRA DO PIRAI,CRUZ VERMELHA BRASILEIRA FILIAL DO ESTADO DO RIO DE JANEIRO,M,7,HOSPITAL ESPECIALIZADO,3999,HOSPITAL_FILANTRÓPICO,ANA NERY,120,SALA 802,CENTRO,27123150,2435114300,patricia.jankee@cruzvermelharj.org.br,100,100,0,0,0,0,0,0,0,0,0,0,0,0
202602,SUDESTE,RJ,330455,RIO DE JANEIRO,2812584,HOSPITAL SAO LOURENCO,HOSPITAL SAO LOURENCO EIRELI,M,5,HOSPITAL GERAL,2240,HOSPITAL_PRIVADO,AVENIDA SANTA CRUZ,3805,,BANGU,21810015,33386300,samirafelippe@gmail.com,49,0,10,0,10,0,0,0,0,0,0,0,0,0
202602,SUDESTE,RJ,330190,ITABORAI,2814161,SES RJ HOSPITAL ESTADUAL TAVARES DE MACEDO,SECRETARIA DE ESTADO DE SAUDE DO RIO DE JANEIRO,E,7,HOSPITAL ESPECIALIZADO,1023,HOSPITAL_PÚBLICO,AVENIDA 22 DE MAIO,S/N,KM 34,VENDA DAS PEDRAS,24805900,2136373522,hetm@saude.rj.gov.br,54,54,0,0,0,0,0,0,0,0,0,0,0,0
202602,SUDESTE,RJ,330455,RIO DE JANEIRO,2821737,CTO CLINICA TRAUMATO ORTOPEDICA,CTO CLINICA TRAUMATO ORTOPEDICA LTDA,M,7,HOSPITAL ESPECIALIZADO,2240,HOSPITAL_PRIVADO,RUA AMERICO BRASILIENSE,91,,MADUREIRA,21351060,21 3390-5636,ctofaturamento@utlook.com,12,0,0,0,0,0,0,0,0,0,0,0,0,0
202602,SUDESTE,RJ,330220,ITAPERUNA,2825376,ASSOCIACAO SANTO ANTONIO DOS POBRES DE ITAPERUNA,ASSOCIACAO SANTO ANTONIO DOS POBRES DE ITAPERUNA,M,5,HOSPITAL GERAL,3999,HOSPITAL_FILANTRÓPICO,RUA EXPEDICIONARIO CABO GAMA,494,,CIDADE NOVA,28300000,(22)38243215,financeiro@asapi.com.br,110,88,0,0,0,0,0,0,0,0,0,0,0,0
202602,SUDESTE,RJ,330455,RIO DE JANEIRO,2881683,AMBULATORIO PERINATAL LARANJEIRAS,REDE DOR SAO LUIZ S A,M,7,HOSPITAL ESPECIALIZADO,2046,HOSPITAL_PRIVADO,CARDOSO JUNIOR,5,LOJA A,LARANJEIRAS,22245000,21 22102004,silvana.moura@rededor.com.br,5,0,0,0,0,0,0,0,0,0,0,0,0,0
202602,SUDESTE,RJ,330510,SAO JOAO DE MERITI,2954885,NEO UNIDAS TERAPIA INTENSIVA NEONATAL LTDA,NEO UNIDAS TERAPIA INTENSIVA NEONATAL LTDA,M,7,HOSPITAL ESPECIALIZADO,2240,HOSPITAL_PRIVADO,RUA GESSYR GONCALVES FONTES,153,PARTE,CENTRO,25520570,21 2560-2660,neounidasrj@gmail.com,20,0,0,0,0,0,0,0,0,0,0,0,0,0
202602,SUDESTE,RJ,330350,NOVA IGUACU,2964244,HOSPITAL VIVER MAIS,HOSPITAL VIVER MAIS LTDA,M,5,HOSPITAL GERAL,2054,HOSPITAL_PRIVADO,OTAVIO ASCOLI,328,PARTE,CENTRO,26215160,2433367070,controladoria@vivermaishospital.com.br,8,0,2,0,2,0,0,0,0,0,0,0,0,0
202602,SUDESTE,RJ,330045,BELFORD ROXO,2969734,HOSPITAL INFANTIL MILENE ISABELY CHRISTOVAM,MUNICIPIO DE BELFORD ROXO,M,5,HOSPITAL GERAL,1244,HOSPITAL_PÚBLICO,AVENIDA JOAQUIM DA COSTA LIMA,S/N,,PQ FERREIRAS,26116200,,,32,32,0,0,0,0,0,0,0,0,0,0,0,0
202602,SUDESTE,RJ,330455,RIO DE JANEIRO,3001202,POLICLINICA DE BOTAFOGO,POLICLINICA DE BOTAFOGO,M,5,HOSPITAL GERAL,3999,HOSPITAL_FILANTRÓPICO,AVENIDA PASTEUR,72,PREDIO,BOTAFOGO,22290240,22751447,presidencia@policlinicadebotafogo.org,33,0,2,0,2,0,0,0,0,0,0,0,0,0
202602,SUDESTE,RJ,330100,CAMPOS DOS GOYTACAZES,3002187,HOSPITAL GERAL DE GUARUS,FUNDACAO MUNICIPAL DE SAUDE,M,5,HOSPITAL GERAL,1155,HOSPITAL_PÚBLICO,SENADOR JOSE CARLOS PEREIRA PINTO,400,,CALABOUCO,28080420,22 81751621,GABPRES.FMS@GMAIL.COM,171,151,20,0,20,0,0,0,0,0,0,0,0,0
202602,SUDESTE,RJ,330455,RIO DE JANEIRO,3003450,CASA DE SAUDE PINHEIRO MACHADO,CASA DE SAUDE PINHEIRO MACHADO LTDA,M,5,HOSPITAL GERAL,2062,HOSPITAL_PRIVADO,PINHEIRO MACHADO,00155,,BOTAFOGO,22231090,21 21254882,CONTABILIDADE@CSPM.COM.BR,40,0,14,0,14,0,0,0,0,0,0,0,0,0
202602,SUDESTE,RJ,330455,RIO DE JANEIRO,3005984,HOSPITAL ITALIANO,SOCIEDADE ITALIANA DE BENEFICENCIA E MUTUO SOCORRO,M,5,HOSPITAL GERAL,3999,HOSPITAL_FILANTRÓPICO,MARECHAL JOFFRE,30,,GRAJAU,20560185,,,58,0,27,0,27,0,0,0,0,0,0,0,0,0
202602,SUDESTE,RJ,330455,RIO DE JANEIRO,3005992,HOSPITAL COPA DOR,REDE DOR SAO LUIZ S A,M,5,HOSPITAL GERAL,2046,HOSPITAL_PRIVADO,RUA FIGUEREDO DE MAGALHAES,875,PARTE,COPACABANA,22031011,2545-3600,scopador@copador.com.br,266,0,153,0,124,0,9,0,0,0,0,0,20,0
202602,SUDESTE,RJ,330455,RIO DE JANEIRO,3006050,HOSPITAL AMERICAN COR,HOSPITAL AMERICAN COR LTDA,M,5,HOSPITAL GERAL,2062,HOSPITAL_PRIVADO,RUA ADOLFO BERGAMINI,206,,ENGENHO DE DENTRO,20730000,,,69,0,21,0,21,0,0,0,0,0,0,0,0,0
202602,SUDESTE,RJ,330455,RIO DE JANEIRO,3008568,CENTRO PEDIATRICO DA LAGOA,IPANEMA SERVICOS DE ASSISTENCIA MEDICO CIRURGICA INFANTIL,M,7,HOSPITAL ESPECIALIZADO,2062,HOSPITAL_PRIVADO,LINEU DE PAULA MACHADO,64,,LAGOA,22470040,,,57,0,31,0,0,0,31,0,0,0,0,0,0,0
202602,SUDESTE,RJ,330330,NITEROI,3012395,CLINICA LUIZ PIRES DE MELLO MATRIZ,CLINICA LUIZ PIRES DE MELLO LTDA,M,7,HOSPITAL ESPECIALIZADO,2062,HOSPITAL_PRIVADO,RUA GONCALVES LEDO,26,,FONSECA,24120160,(21) 2525-1818,,12,0,0,0,0,0,0,0,0,0,0,0,0,0
202602,SUDESTE,RJ,330330,NITEROI,3012476,CASA DE SAUDE NOSSA SENHORA AUXILIADORA S A,CASA DE SAUDE NOSSA SENHORA AUXILIADORA S A,M,5,HOSPITAL GERAL,2054,HOSPITAL_PRIVADO,RUA VEREADOR DUQUE ESTRADA,157,,SANTA ROSA,24240210,2127150404,assistenteadm@csnsa.com.br,42,0,7,0,7,0,0,0,0,0,0,0,0,0
202602,SUDESTE,RJ,330455,RIO DE JANEIRO,3013146,HOSPITAL DI CAMP,HOSPITAL DI CAMP LTDA,M,5,HOSPITAL GERAL,2062,HOSPITAL_PRIVADO,ALBARDAO,630,,CAMPO GRANDE,23070130,2131981757,,94,0,7,0,0,0,0,0,0,0,0,0,7,0
202602,SUDESTE,RJ,330330,NITEROI,3013383,HOSPITAL DE CLINICAS ALAMEDA,CASA DE SAUDE SANTA RITA DE CASSIA LTDA,M,5,HOSPITAL GERAL,2062,HOSPITAL_PRIVADO,SAO BOAVENTURA,321,,FONSECA,24130005,21 35783636,adm@hospitalalameda.com.br,107,0,30,0,20,0,8,0,2,0,0,0,0,0
202602,SUDESTE,RJ,330170,DUQUE DE CAXIAS,3014673,HOSPITAL DANIEL LIPP LTDA,HOSPITAL DANIEL LIPP LTDA,M,5,HOSPITAL GERAL,2062,HOSPITAL_PRIVADO,CONDE DE PORTO ALEGRE,271,285,JARDIM VINTE E CINCO,25070350,21 36728700,hedarei@yahoo.com.br,43,0,15,0,9,0,4,0,2,0,0,0,0,0
202602,SUDESTE,RJ,330170,DUQUE DE CAXIAS,3014681,HOSPITAL MARIO LIONI,AMICO SAUDE LTDA,M,5,HOSPITAL GERAL,2054,HOSPITAL_PRIVADO,RUA ANA NERI,190,,25 DE AGOSTO,25070420,(21) 3805-1000,almeida.camila@amil.com.br,75,0,18,0,10,0,8,0,0,0,0,0,0,0
202602,SUDESTE,RJ,330330,NITEROI,3016501,CASA DE SAUDE E MATERNIDADE SANTA MARTHA S A,CASA DE SAUDE E MATERNIDADE SANTA MARTHA SA,M,5,HOSPITAL GERAL,2054,HOSPITAL_PRIVADO,DR MARIO VIANA,653,,SANTA ROSA,24241001,,,100,0,26,0,20,0,0,0,6,0,0,0,0,0
202602,SUDESTE,RJ,330350,NOVA IGUACU,3019527,CASA DE SAUDE NOSSA SENHORA DE FATIMA N IGUACU SA,CASA DE SAUDE E MAT NOSSA SENHORA DE FATIMA DE NOVA IGUACU,M,5,HOSPITAL GERAL,2054,HOSPITAL_PRIVADO,R CORONEL BERNARDINO DE MELO,1465,,CENTRO,26255140,(21)2125-3115,csfatima@csfatima.com.br,113,0,50,0,30,0,16,0,4,0,0,0,0,0
202602,SUDESTE,RJ,330455,RIO DE JANEIRO,3020584,DAY CLINIC RIO,DAY CLINIC MADUREIRA LTDA,M,7,HOSPITAL ESPECIALIZADO,2062,HOSPITAL_PRIVADO,R GUARAPARI,41,SL501 A 510 601 602,MADUREIRA,21351120,21 3043-0609,administracao@dcm-rio.com.br,2,0,0,0,0,0,0,0,0,0,0,0,0,0
202602,SUDESTE,RJ,330330,NITEROI,3022080,NEOTIN NEONATAL,NEOTIN NEONATAL TERAPIA INTENSIVA LTDA,M,7,HOSPITAL ESPECIALIZADO,2062,HOSPITAL_PRIVADO,RUA TAPAJOS,325,,SAO FRANCISCO,24360420,21325254040,comercial@hmsaofrancisco.com.br,40,0,40,0,0,0,0,0,40,0,0,0,0,0
202602,SUDESTE,RJ,330320,NILOPOLIS,3024032,PRONIL HOSPITAL DE CLINICAS ANTONIO PAULINO,PRONIL CASA DE SAUDE E PRONTO SOCORRO INFANTIL LTDA,M,5,HOSPITAL GERAL,2062,HOSPITAL_PRIVADO,RUA JOAO PESSOA,1741,,CENTRO,26525015,26919595,RH2@PRONIL.COM.BR,132,0,33,0,33,0,0,0,0,0,0,0,0,0
202602,SUDESTE,RJ,330490,SAO GONCALO,3029131,HOSPITAL DO CORACAO SAMCORDIS,HOSPITAL SAMCORDIS LTDA,M,5,HOSPITAL GERAL,2062,HOSPITAL_PRIVADO,RUA DOUTOR NILO PECANHA,391,,ESTRELA DO NORTE,24435300,(21) 37158008,cpd@samcordis.com.br,81,0,18,0,18,0,0,0,0,0,0,0,0,0
202602,SUDESTE,RJ,330390,PETROPOLIS,3030415,BENEFICENCIA PORTUGUESA DE PETROPOLIS,SMH SOCIEDADE MEDICO HOSPITALAR LTDA,M,5,HOSPITAL GERAL,2062,HOSPITAL_PRIVADO,AVENIDA PORTUGAL,236,,VALPARAISO,25655374,024)2244-4200,smh@hospitalsmh.com.br,80,0,20,0,10,0,0,0,0,0,0,0,10,0
202602,SUDESTE,RJ,330455,RIO DE JANEIRO,3034984,HOSPITAL QUINTA DOR,REDE DOR SAO LUIZ SA,M,5,HOSPITAL GERAL,2046,HOSPITAL_PRIVADO,RUA ALMIRANTE BALTAZAR,383,435 467,SAO CRISTOVAO,20941150,2134613600,diretoriasecretaria@quintador.com.br,262,0,147,0,96,0,19,0,0,0,0,0,32,0
202602,SUDESTE,RJ,330470,SANTO ANTONIO DE PADUA,3040119,HOSPITAL HELIO MONTEZANO DE OLIVEIRA,FUNDACAO JOSE KEZEN,M,5,HOSPITAL GERAL,1155,HOSPITAL_PÚBLICO,AV JOAO JASBICK,520,,AEROPORTO,28470000,2238534089,,102,98,0,0,0,0,0,0,0,0,0,0,0,0
202602,SUDESTE,RJ,330455,RIO DE JANEIRO,3046281,CASA DE SAUDE NOSSA SENHORA DO CARMO,CASA DE SAUDE NOSSA SENHORA DO CARMO LTDA,M,7,HOSPITAL ESPECIALIZADO,2062,HOSPITAL_PRIVADO,RUA JAGUARUNA,105,,CAMPO GRANDE,23080160,,,120,0,75,0,49,0,5,0,10,0,0,0,11,0
202602,SUDESTE,RJ,330455,RIO DE JANEIRO,3046303,CLINICA DR ALOAN,HOSPITAL DE CLINICAS DR ALOAN LTDA,M,5,HOSPITAL GERAL,2240,HOSPITAL_PRIVADO,CHAVES FARIA,64,96,SAO CRISTOVAO,20910140,2122332225,,42,0,18,0,18,0,0,0,0,0,0,0,0,0
202602,SUDESTE,RJ,330455,RIO DE JANEIRO,3048721,HOSPITAL DR BADIM,J BADIM S A,M,5,HOSPITAL GERAL,2054,HOSPITAL_PRIVADO,SAO FRANCISCO XAVIER,390,,TIJUCA,20550013,,DIRETORIA@BADIM.COM.BR,158,0,59,0,59,0,0,0,0,0,0,0,0,0
202602,SUDESTE,RJ,330350,NOVA IGUACU,3051692,EMCOR,EMCOR HOSPITAL DO CORACAO E DE CLINICAS DE NOVA IGUACU LTDA,M,7,HOSPITAL ESPECIALIZADO,2062,HOSPITAL_PRIVADO,RUA NELSON RAMOS,733,,CENTRO,26210140,3759-8100,emcor.br@ig.com.br,36,4,7,2,7,2,0,0,0,0,0,0,0,0
202602,SUDESTE,RJ,330455,RIO DE JANEIRO,3057496,RRM REDE RIO DE MEDICINA,RRM REDE RIO DE MEDICINA LTDA,M,5,HOSPITAL GERAL,2062,HOSPITAL_PRIVADO,DELGADO DE CARVALHO,22,,TIJUCA,20260280,21-38729922,administracao.ht@assimmedical.com.br,54,0,18,0,18,0,0,0,0,0,0,0,0,0
202602,SUDESTE,RJ,330455,RIO DE JANEIRO,3058204,PROCOR PRONTO SOCORRO CLINICO E CARDIOLOGICO,PROCOR PRONTO SOCORRO CLINICO E CARDIOLOGICO LTDA,M,7,HOSPITAL ESPECIALIZADO,2062,HOSPITAL_PRIVADO,CAMBAUBA,280,,ILHA DO GOVERNADOR,21940001,,,73,0,0,0,0,0,0,0,0,0,0,0,0,0
202602,SUDESTE,RJ,330455,RIO DE JANEIRO,3058212,HOSPITAL DE IRAJA,HOSPITAL DE IRAJA QUATRO AMIGOS LTDA,M,5,HOSPITAL GERAL,2062,HOSPITAL_PRIVADO,RUA PEREIRA DE ARAUJO,44,,IRAJA,21235090,35120645,financeiro@hospitaliraja.com.br,47,0,18,0,18,0,0,0,0,0,0,0,0,0
202602,SUDESTE,RJ,330455,RIO DE JANEIRO,3058336,CLINICA CIRURGICA SANTA BARBARA,CLINICA CIRURGICA SANTA BARBARA LTDA,M,5,HOSPITAL GERAL,2062,HOSPITAL_PRIVADO,RUA PAULO BARRETO,41,E 51,BOTAFOGO,22280010,,,53,0,13,0,7,0,0,0,6,0,0,0,0,0
202602,SUDESTE,RJ,330330,NITEROI,3065634,CHN COMPLEXO HOSPITALAR DE NITEROI,IMPAR SERVICOS HOSPITALARES SA,M,5,HOSPITAL GERAL,2054,HOSPITAL_PRIVADO,RUA LA SALLE ENTR SUPL R DR CELESTINO 113 C ENTR,12,R MARQUES DE OLINDA,CENTRO,24020096,21 2729-1000,,210,0,10,0,0,0,0,0,10,0,0,0,0,0
202602,SUDESTE,RJ,330455,RIO DE JANEIRO,3075338,SAINT ROMAN,CASA DE SAUDE SAINT ROMAN LTDA,M,7,HOSPITAL ESPECIALIZADO,2062,HOSPITAL_PRIVADO,RUA ALMIRANTE ALEXANDRINO,1342,1354 E 1368,SANTA TEREZA,20241260,38618100,marcelloratto@saintroman.com.br,100,0,0,0,0,0,0,0,0,0,0,0,0,0
202602,SUDESTE,RJ,330455,RIO DE JANEIRO,3094766,NIG BARRA,CLINICA BARRA DA TIJUCA,M,15,UNIDADE MISTA,2062,HOSPITAL_PRIVADO,RUA EINSTEIN,130,,BARRA DA TIJUCA,22611240,2124938867,administrativo@plenosaude.com.br,54,0,0,0,0,0,0,0,0,0,0,0,0,0
202602,SUDESTE,RJ,330455,RIO DE JANEIRO,3094987,NIG LEBLON,CASA GERIATRICA LEBLON LTDA,M,7,HOSPITAL ESPECIALIZADO,2062,HOSPITAL_PRIVADO,JUQUIA,18,PREDIO,LEBLON,22441080,2122743146,atendimento@nig-leblon.com.br,32,0,0,0,0,0,0,0,0,0,0,0,0,0
202602,SUDESTE,RJ,330455,RIO DE JANEIRO,3095002,NIG FLAMENGO,CASA GERIATRICA PAISSANDU LTDA,M,7,HOSPITAL ESPECIALIZADO,2062,HOSPITAL_PRIVADO,PAISSANDU,231,,FLAMENGO,22210080,11 95815921,FELIPE.FERRAZ@PREMIERHOSPITAL.COM.BR,50,0,0,0,0,0,0,0,0,0,0,0,0,0
202602,SUDESTE,RJ,330455,RIO DE JANEIRO,3095142,CENTRO REUMATOLOGICO BOTAFOGO,CREB CENTRO DE REUMATOLOGIA E ORTOPEDIA BOTAFOGO LTDA,M,5,HOSPITAL GERAL,2054,HOSPITAL_PRIVADO,RUA VOLUNTARIOS DA PATRIA,408,,BOTAFOGO,22270010,2131828282,CONTATO@CNESRIO.COM.BR,3,0,0,0,0,0,0,0,0,0,0,0,0,0
202602,SUDESTE,RJ,330455,RIO DE JANEIRO,3096513,SOS CORACAO,S O S CORACAO LTDA,M,7,HOSPITAL ESPECIALIZADO,2240,HOSPITAL_PRIVADO,JAGUARUNA,105,PARTE,CAMPO GRANDE,23052090,021 33843543,soscoracao@csnsc.com.br,5,0,0,0,0,0,0,0,0,0,0,0,0,0
202602,SUDESTE,RJ,330350,NOVA IGUACU,3096629,PSIL NOVA IGUACU,CENTRO PEDIATRICO DE NOVA IGUACU LTDA,M,21,PRONTO SOCORRO ESPECIALIZADO,2240,HOSPITAL_PRIVADO,RUA ANTONIO RABELO GUIMARAES,195,,CALIFORNIA,26216140,(21)27679815,grupocpni@gamil.com,4,0,0,0,0,0,0,0,0,0,0,0,0,0
202602,SUDESTE,RJ,330455,RIO DE JANEIRO,3113205,CASA DE PORTUGAL,CASA DE PORTUGAL,M,5,HOSPITAL GERAL,3999,HOSPITAL_FILANTRÓPICO,RUA DO BISPO,72,,RIO COMPRIDO,20261063,3987 7300,assuntos.regulatorios@hospitalcasa.com.br,144,0,68,0,68,0,0,0,0,0,0,0,0,0
202602,SUDESTE,RJ,330330,NITEROI,3127451,CLIPE CLINICA PEDIATRICA LTDA,CLIPE CLINICA PEDIATRICA LTDA,M,7,HOSPITAL ESPECIALIZADO,2062,HOSPITAL_PRIVADO,RUA TIRADENTES,12,E 18,INGA,24210510,21 26222040,,60,0,24,0,0,0,4,0,20,0,0,0,0,0
202602,SUDESTE,RJ,330510,SAO JOAO DE MERITI,3130339,CASA DE SAUDE E MATERNIDADE TEREZINHA DE JESUS LTDA,CASA DE SAUDE E MATERNIDADE TEREZINHA DE JESUS LTDA,M,5,HOSPITAL GERAL,2062,HOSPITAL_PRIVADO,GESSYR GONCALVES FONTES,153,,CENTRO,25520570,,,81,0,30,0,10,0,0,0,20,0,0,0,0,0
202602,SUDESTE,RJ,330100,CAMPOS DOS GOYTACAZES,3132471,HOSPITAL GERAL PRONTO CARDIO,HOSPITAL GERAL PRONTO CARDIO LTDA,M,5,HOSPITAL GERAL,2062,HOSPITAL_PRIVADO,RUA DR LACERDA SOBRINHO,225,,CENTRO,28010076,(22)2737-6060,,38,0,9,0,9,0,0,0,0,0,0,0,0,0
202602,SUDESTE,RJ,330350,NOVA IGUACU,3152626,UPNI,URGENCIA PEDIATRICA DE NOVA IGUACU LTDA,M,7,HOSPITAL ESPECIALIZADO,2062,HOSPITAL_PRIVADO,RUA BERNARDINO DE MELO,1465,,CENTRO,26250060,(21)26673724,,37,0,28,0,0,0,16,0,12,0,0,0,0,0
202602,SUDESTE,RJ,330452,RIO DAS OSTRAS,3193993,HOSPITAL GRAND MATER,HOSPITAL GRAND MATER LTDA,M,5,HOSPITAL GERAL,2062,HOSPITAL_PRIVADO,RUA RIO DE JANEIRO,192,QD16 LT11 12 22 23,EXTENSAO DO BOSQUE,28893334,22 27646406,financeiro@clinicamaterdei.com.br,10,0,0,0,0,0,0,0,0,0,0,0,0,0
202602,SUDESTE,RJ,330610,VALENCA,3211649,HOSPITAL DE CLINICAS MARQUES DE VALENCA,UNIMED MARQUES DE VALENCA COOPERATIVA TRABALHO MEDICO LTDA,M,5,HOSPITAL GERAL,2143,HOSPITAL_PRIVADO,AVENIDA DO CONTORNO,800,,JARDIM VALENCA,27603370,(24) 2453-9700,hcmv@mvalenca.unimed.com.br,20,0,0,0,0,0,0,0,0,0,0,0,0,0
202602,SUDESTE,RJ,330455,RIO DE JANEIRO,3248720,ORTHOS CLINICA,ORTHOS CLINICA DO APARELHO LOCOMOTOR LTDA,M,7,HOSPITAL ESPECIALIZADO,2240,HOSPITAL_PRIVADO,LEOPOLDINA REGO,774,ANEXO 778,PENHA,21021522,21 25642648,,2,0,0,0,0,0,0,0,0,0,0,0,0,0
202602,SUDESTE,RJ,330330,NITEROI,3296806,HOSPITAL SAO LUCAS,HOSPITAL SAO LUCAS DE NITEROI ASSIM MEDICAL LTDA,M,5,HOSPITAL GERAL,2062,HOSPITAL_PRIVADO,RUA DR MARCH,207,,BARRETO,24110650,21 27202090,administracao.hsl@assimmedical.com.br,52,0,0,0,0,0,0,0,0,0,0,0,0,0
202602,SUDESTE,RJ,330100,CAMPOS DOS GOYTACAZES,3315916,CLINICA CIRURGICA E MATERNIDADE LILIA NEVES,CLINICA CIRURGICA E MATERNIDADE LILIA NEVES LTDA,M,5,HOSPITAL GERAL,2062,HOSPITAL_PRIVADO,RUA CONSELHEIRO OTAVIANO,129,,CENTRO,28010140,(22)27333455,,40,0,2,0,0,0,0,0,2,0,0,0,0,0
202602,SUDESTE,RJ,330100,CAMPOS DOS GOYTACAZES,3315924,UTI NEONATAL NICOLA ALBANO,CEPLIN INSTITUTO DE NEONATOLOGIA E PEDIATRIA LTDA,M,7,HOSPITAL ESPECIALIZADO,2062,HOSPITAL_PRIVADO,RUA CONSELHEIRO OTAVIANO,129,,CENTRO,28010140,22 27333755,neoadm@utinicolaalbano.com.br,59,0,58,0,0,0,10,0,48,0,0,0,0,0
202602,SUDESTE,RJ,330455,RIO DE JANEIRO,3333868,HOSPITAL RIOMAR,HOSPITAL DE CLINICAS RIOMAR BARRA LTDA,M,5,HOSPITAL GERAL,2062,HOSPITAL_PRIVADO,AVENIDA CANDIDO PORTINARI,555,,BARRA DA TIJUCA,22793312,,legalizacao.obras@rededor.com.br,84,0,25,0,15,0,0,0,0,0,0,0,10,0
202602,SUDESTE,RJ,330455,RIO DE JANEIRO,3357783,CLINICA ENIO SERRA,CLINICA ENIO SERRA LTDA,M,5,HOSPITAL GERAL,2062,HOSPITAL_PRIVADO,SOARES CABRAL,36,,LARANJEIRAS,22240070,21 21256912,PEFCONTABIL@BOL.COM.BR,45,0,17,0,17,0,0,0,0,0,0,0,0,0
202602,SUDESTE,RJ,330240,MACAE,3410374,UTI NEONATAL NICOLA ALBANO,UTI NEONATAL NICOLA ALBANO LTDA,M,7,HOSPITAL ESPECIALIZADO,2062,HOSPITAL_PRIVADO,RUA MARECHAL DEODORO,565,,CENTRO,27910310,(22)27626436,neoadm@utinicolaalbano.com.br,22,0,21,0,0,0,0,0,21,0,0,0,0,0
202602,SUDESTE,RJ,330330,NITEROI,3450678,CLINICA PATER SAUDE MENTAL ALDEIA,CLINICA PATER LTDA,M,7,HOSPITAL ESPECIALIZADO,2062,HOSPITAL_PRIVADO,CAETANO MONTEIRO,1800,,BADU,24320570,21 27194465,CONCEICAOLEGALIZACAO@GMAIL.COM,70,0,0,0,0,0,0,0,0,0,0,0,0,0
202602,SUDESTE,RJ,330210,ITAOCARA,3470350,HOSPITAL MUNICIPAL DE ITAOCARA,MUNICIPIO DE ITAOCARA,M,5,HOSPITAL GERAL,1244,HOSPITAL_PÚBLICO,PRACA TOLEDO PIZZA,151,,CENTRO,28570000,(22)38612250,hospital_hmi@hotmaill.com,44,44,0,0,0,0,0,0,0,0,0,0,0,0
202602,SUDESTE,RJ,330455,RIO DE JANEIRO,3521133,HOSPITAL CEMERU,AMESC ASSOCIACAO MEDICA ESPIRITA CRISTA,M,5,HOSPITAL GERAL,3999,HOSPITAL_FILANTRÓPICO,AVENIDA FELIPE CARDOSO,1025,,SANTA CRUZ,23510000,2124183389,SOCIETARIA.CONTABILIDADE@CEMERU.COM,115,0,38,0,19,0,9,0,10,0,0,0,0,0
202602,SUDESTE,RJ,330455,RIO DE JANEIRO,3521168,HOSPITAL ILHACOR,CASA DE SAUDE SAO BENTO LTDA,M,5,HOSPITAL GERAL,2062,HOSPITAL_PRIVADO,RUA MANUEL BONFIM,76,,ZUMBI,21930200,,,32,0,0,0,0,0,0,0,0,0,0,0,0,0
202602,SUDESTE,RJ,330455,RIO DE JANEIRO,3531228,SEMIU SERVICOS DE ESP MED E INT DE URGENCIA,SEMIU SERVICOS DE ESPECIALIDADES MEDICAS AMBULATORIAIS E CON,M,5,HOSPITAL GERAL,2062,HOSPITAL_PRIVADO,AV VICENTE DE CARVALHO,1159,,VILA DA PENHA,21210623,21 33915457,gestao@semiu.com.br,175,0,37,0,22,0,0,0,0,0,0,0,15,0
202602,SUDESTE,RJ,330455,RIO DE JANEIRO,3541207,CALREN HOSPITAL DO CALCULO RENAL,CALREN HOSPITAL DE URGENCIAS UROLOGICAS LTDA,M,7,HOSPITAL ESPECIALIZADO,2240,HOSPITAL_PRIVADO,RUA GENERAL ORLANDO GAISEL,100,XXXX,RECREIO DOS BANDEIRA,22790280,(21) 2430-2500,calrenhospital@yahoo.com.br,10,0,1,0,1,0,0,0,0,0,0,0,0,0
202602,SUDESTE,RJ,330455,RIO DE JANEIRO,3543579,HOSPITAL QUALI IPANEMA,INSTITUTO CIRURGICO GABRIEL DE LUCENA LTDA,M,5,HOSPITAL GERAL,2062,HOSPITAL_PRIVADO,RUA BARAO DA TORRE,145,151 E 151 A,IPANEMA,22411001,,,25,0,12,0,12,0,0,0,0,0,0,0,0,0
202602,SUDESTE,RJ,330250,MAGE,3556441,CEMEP,CEMEP CENTRO MEDICO DE PIABETA LTDA,M,7,HOSPITAL ESPECIALIZADO,2062,HOSPITAL_PRIVADO,RUA CARAMURU,108,,PIABETA INHOMIRIM,25931806,(21)27391639,cemepcentromedico@yahoo.com.br,4,0,0,0,0,0,0,0,0,0,0,0,0,0
202602,SUDESTE,RJ,330590,TRAJANO DE MORAES,3584968,HOSPITAL MUNICIPAL FRANCISCO LIMONGI,MUNICIPIO DE TRAJANO DE MORAES,M,5,HOSPITAL GERAL,1244,HOSPITAL_PÚBLICO,RUA NEY FORTUNA,30,ATRAS DO CAMPO,CENTRO,28750000,(22)25641102,hflimongi@hotmail.com,41,41,0,0,0,0,0,0,0,0,0,0,0,0
202602,SUDESTE,RJ,330330,NITEROI,3587053,CENTRO ORTOPEDICO,CENTRO ORTOPEDICO SAO LUCAS LTDA,M,5,HOSPITAL GERAL,2062,HOSPITAL_PRIVADO,GAL PEREIRA DA SILVA,278,,ICARAI,24220031,21 27193535,,53,0,14,0,14,0,0,0,0,0,0,0,0,0
202602,SUDESTE,RJ,330330,NITEROI,3594432,HOSPITAL NITEROI DOR,HOSPITAL FLUMINENSE S A,D,5,HOSPITAL GERAL,2054,HOSPITAL_PRIVADO,SETE DE SETEMBRO,301,ENTR SUPL RUA MARI,SANTA ROSA,24230251,21 26079150,legalizacao.obras@rededor.com.br,158,7,91,0,85,0,6,0,0,0,0,0,0,0
202602,SUDESTE,RJ,330455,RIO DE JANEIRO,3603539,HOSPITAL ISRAELITA ALBERT SABIN,ASSOCIACAO BENEFICENTE ISRAELITA DO RIO DE JANEIRO,M,5,HOSPITAL GERAL,3999,HOSPITAL_FILANTRÓPICO,PROFESSOR GABIZO,319,,MARACANA,20271065,21 21768800,ALFREDO.PAULO@BADIM.COM.BR,56,0,10,0,10,0,0,0,0,0,0,0,0,0
202602,SUDESTE,RJ,330520,SAO PEDRO DA ALDEIA,3621316,HOSPITAL PEDIATRICO LAGOS,HOSPITAL PEDIATRICO LAGOS,M,7,HOSPITAL ESPECIALIZADO,2062,HOSPITAL_PRIVADO,RUA TEIXEIRA BRANDAO,19,,ESTACAO,28941186,(22) 3199 1356,contato@hplagos.med.br,43,0,33,0,0,0,13,0,20,0,0,0,0,0
202602,SUDESTE,RJ,330455,RIO DE JANEIRO,3784630,HOSPITAL DO MEIER,RRM REDE RIO DE MEDICINA LTDA,M,5,HOSPITAL GERAL,2062,HOSPITAL_PRIVADO,TENENTE COSTA,160,,MEIER,20775080,21 31549350,luciana.pereira@assimmedical.com.br,80,0,10,0,10,0,0,0,0,0,0,0,0,0
202602,SUDESTE,RJ,330190,ITABORAI,3784916,SES RJ HOSP EST PREF JOAO BATISTA CAFFARO,SECRETARIA DE ESTADO DE SAUDE SES,E,5,HOSPITAL GERAL,1023,HOSPITAL_PÚBLICO,OSORIO COSTA,S/N,NAO HA,CENTRO,24800001,21 26359395,mbiasi@ideas.med.br,128,85,50,7,50,7,0,0,0,0,0,0,0,0
202602,SUDESTE,RJ,330455,RIO DE JANEIRO,3947262,HOSPITAL CASA SANTA CRUZ HOSPITAL GERAL ADMINISTRACAO E GE,HOSPITAL CASA SANTA CRUZ HOSPITAL GERAL ADMINISTRACAO E GE,M,5,HOSPITAL GERAL,2062,HOSPITAL_PRIVADO,RUA NESTOR,00131,,SANTA CRUZ,23515680,,assuntos.regulatorios@hospitalcasa.com.br,84,0,30,0,20,0,10,0,0,0,0,0,0,0
202602,SUDESTE,RJ,330390,PETROPOLIS,3972976,HOSPITAL UNIMED,UNIMED PETROPOLIS COOPERATIVA DE TRABALHO MEDICO,M,5,HOSPITAL GERAL,2143,HOSPITAL_PRIVADO,RUA DO EXPEDICIONARIO,144,,BINGEN,25660290,2291-9840,diretoriahu@unimedpetropolis.com.br,64,0,4,0,0,0,0,0,4,0,0,0,0,0
202602,SUDESTE,RJ,330020,ARARUAMA,3988732,HCLAGOS,HOSPITAL DAS CLINICAS DA REGIAO DOS LAGOS S A,M,5,HOSPITAL GERAL,2054,HOSPITAL_PRIVADO,AV NILO PECANHA,835,EDIFICIO,CENTRO,28979285,2226656040,hclagos@yahoo.com.br,25,0,7,0,7,0,0,0,0,0,0,0,0,0
202602,SUDESTE,RJ,330455,RIO DE JANEIRO,4002806,CLINIPAM,CLINIPAM CLINICA PARANAENSE DE ASSISTENCIA MEDICA LTDA,M,7,HOSPITAL ESPECIALIZADO,2062,HOSPITAL_PRIVADO,ESTRAD DOS TRES RIOS,610,,FREGUESIA,22745005,21 21040705,IVANA.PORTO@HAPVIDA.COM.BR,13,0,0,0,0,0,0,0,0,0,0,0,0,0
202602,SUDESTE,RJ,330455,RIO DE JANEIRO,4012666,CLINIPAM CLINICA PARANAENS DE ASSISTENCIA MEDICA,CLINIPAM CLINICA PARANAENS DE ASSISTENCIA MEDICA LTDA,M,7,HOSPITAL ESPECIALIZADO,2062,HOSPITAL_PRIVADO,ESTRADA DOSTRES RIOS,542,,FREGUESIA,22745005,2121040705,IVANA.PORTO@HAPVIDA.COM.BR,31,0,10,0,0,0,0,0,10,0,0,0,0,0
202602,SUDESTE,RJ,330420,RESENDE,4042859,UTI INFANTIL DO MEDIO PARAIBA,UTI INFANTIL DO MEDIO PARAIBA LTDA,M,7,HOSPITAL ESPECIALIZADO,2062,HOSPITAL_PRIVADO,RUA ELZA DA SILVA DUARTE,71,PISO TERREO,CAMPO DO MANEJO,27520005,(24) 3028-0144,rh@utisupere.com.br,10,0,9,0,0,0,5,0,4,0,0,0,0,0
202602,SUDESTE,RJ,330455,RIO DE JANEIRO,4068432,PLACI BARRA,HOSPITAL PLACI BARRA LTDA,M,5,HOSPITAL GERAL,2062,HOSPITAL_PRIVADO,AVENIDA LUIS CARLOS PRESTES,180,,BARRA DA TIJUCA,22775055,,t.nogueira@placi.com.br,34,0,0,0,0,0,0,0,0,0,0,0,0,0
202602,SUDESTE,RJ,330550,SAQUAREMA,4089189,HOSPITAL MUNICIPAL NOSSA SENHORA DE NAZARETH,MUNICIPIO DE SAQUAREMA,M,5,HOSPITAL GERAL,1244,HOSPITAL_PÚBLICO,FABIO LUCIO DOS SANTOS,158,BARREIRA,VERDE VALE,28994434,22 26514821,SAUDE@SAQUAREMA.RJ.GOV.BR,87,87,20,20,10,10,10,10,0,0,0,0,0,0
202602,SUDESTE,RJ,330040,BARRA MANSA,4090101,SEST SERVICO SOCIAL DO TRANSPORTE,SEST SERVICO SOCIAL DO TRANSPORTE,M,15,UNIDADE MISTA,3077,HOSPITAL_FILANTRÓPICO,JOAO BRABO,05,,BARBARA,27330600,61 33157000,CNPJ@SESTSENAT.ORG.BR,4,0,0,0,0,0,0,0,0,0,0,0,0,0
202602,SUDESTE,RJ,330455,RIO DE JANEIRO,4090438,HOSPITAL CASA EGAS MONIZ HOSPITAL GERAL ADMINISTRACAO E GEST,HOSPITAL CASA EGAS MONIZ HOSPITAL GERAL ADMINISTRACAO E GEST,M,5,HOSPITAL GERAL,2062,HOSPITAL_PRIVADO,AV HENRIQUE VALADARES,158,,CENTRO,20231031,(21) 3497-1803,assuntos.regulatorios@hospitalcasa.com.br,81,0,31,0,21,0,0,0,10,0,0,0,0,0
202602,SUDESTE,RJ,330040,BARRA MANSA,4104269,PLAZA MEDICAL SERVICOS ESPECIALIZADOS EM SAUDE,PLAZA MEDICAL SERVICOS ESPECIALIZADOS EM SAUDE LTDA,M,7,HOSPITAL ESPECIALIZADO,2062,HOSPITAL_PRIVADO,TENENTE JOSE EDUARDO,200,,ANO BOM,27323240,24 33420298,G2CCONTABILIDADE@UOL.COM.BR,10,0,10,0,0,0,0,0,10,0,0,0,0,0
202602,SUDESTE,RJ,330280,MENDES,4123069,SAO MARCELINO CHAMPAGNAT,MUNICIPIO DE MENDES,M,5,HOSPITAL GERAL,1244,HOSPITAL_PÚBLICO,RJ127 KM30,S/N,,GONZALES,26700000,,,61,61,0,0,0,0,0,0,0,0,0,0,0,0
202602,SUDESTE,RJ,330455,RIO DE JANEIRO,4171330,HOSPITAL CASA MENSSANA,HOSPITAL CASA MENSSANA HOSPITAL GERAL ADM E GESTAO HOSP,M,7,HOSPITAL ESPECIALIZADO,2062,HOSPITAL_PRIVADO,RUA MARECHAL JOFRE,30,,GRAJAU,20560185,,,46,0,0,0,0,0,0,0,0,0,0,0,0,0
202602,SUDESTE,RJ,330455,RIO DE JANEIRO,4172140,ORPEXPLOIT BRASIL RESIDENCIAIS E CLINICAS PARA IDOSOS,ORPEXPLOIT BRASIL RESIDENCIAIS E CLINICAS,M,7,HOSPITAL ESPECIALIZADO,2062,HOSPITAL_PRIVADO,PAULO DE FRONTIN,756,,RIO COMPRIDO,20261243,,legalizacao@bslsaude.com.br,60,0,0,0,0,0,0,0,0,0,0,0,0,0
202602,SUDESTE,RJ,330100,CAMPOS DOS GOYTACAZES,4174941,HOSPITAL NURSING CARE,HOSPITAL NURSING CARE LTDA,M,5,HOSPITAL GERAL,2062,HOSPITAL_PRIVADO,AVENIDA DR ARTHUR BERNARDES,1583,1599,FLAMBOYANT II,28015325,22 27242982,ATENDIMENTO@HOSPITALNURSINGCARE.COM.BR,50,0,0,0,0,0,0,0,0,0,0,0,0,0
202602,SUDESTE,RJ,330455,RIO DE JANEIRO,4176030,HOSPITAL DE CLINICAS RIO MAR BARRA HIG,HOSPITAL INTEGRADOS DA GAVEA S A,M,5,HOSPITAL GERAL,2054,HOSPITAL_PRIVADO,AVENIDA CANDIDO PORTINARI,555,,BARRA DA TIJUCA,22793312,,legalizacao.obras@rededor.com.br,84,0,25,0,15,0,0,0,0,0,0,0,10,0
202602,SUDESTE,RJ,330455,RIO DE JANEIRO,4228391,MATERNIDADE PERINATAL BARRA,REDE DOR SAO LUIZ S A,M,7,HOSPITAL ESPECIALIZADO,2046,HOSPITAL_PRIVADO,AVENIDA EMBAIXADOR ABELARDO BUENO,201,LOT 02 PAL 46985,BARRA DA TIJUCA,22775040,2137222000,silvana.moura@rededor.com.br,151,10,77,0,13,0,0,0,64,0,0,0,0,0
202602,SUDESTE,RJ,330240,MACAE,4249216,NOVO HOSPITAL DA UNIMED,UNIMED DE MACAE COOPERATIVA DE ASSISTENCIA A SAUDE,M,5,HOSPITAL GERAL,2143,HOSPITAL_PRIVADO,ESTRADA HEROINA LIMA VIEIRA AZEVEDO,73,,GLORIA,27933030,(22) 2105-8008,diretoriahospital@costadosol.unimed.com.br,153,0,57,0,37,0,10,0,10,0,0,0,0,0
202602,SUDESTE,RJ,330580,TERESOPOLIS,4278399,NEONATAL TERESOPOLIS,REDE DOR SAO LUIZ S A,M,7,HOSPITAL ESPECIALIZADO,2046,HOSPITAL_PRIVADO,DELFIM MOREIRA,2149,3 ANDAR PARTE,VALE DO PARAISO,25976016,21 80537012,marcus.costaf@rededor.com.br,12,0,0,0,0,0,0,0,0,0,0,0,0,0
202602,SUDESTE,RJ,330095,COMENDADOR LEVY GASPARIAN,4296702,CLINICA MEDICA TRIUNFO,CLINICA MEDICATRIUNFO LTDA,M,7,HOSPITAL ESPECIALIZADO,2062,HOSPITAL_PRIVADO,EST UNIAO INDUSTRIA,S/N,KM 142,ZONA RURAL,25875000,(32) 3224-3374,MODERNOSCONTABILIDADE@HOTMAIL.COM,50,0,0,0,0,0,0,0,0,0,0,0,0,0
202602,SUDESTE,RJ,330455,RIO DE JANEIRO,4316908,CENTRO PEDIATRICO DE SAUDE INTEGRADA,CENTRO PEDIATRICO DE SAUDE INTEGRADA LTDA,M,7,HOSPITAL ESPECIALIZADO,2062,HOSPITAL_PRIVADO,AV LINEU DE PAULA MACHADO,64,,LAGOA,22470040,,analistadp@prontobaby.com.br,16,0,0,0,0,0,0,0,0,0,0,0,0,0
202602,SUDESTE,RJ,330455,RIO DE JANEIRO,4549082,LARANJEIRAS PLASTIC DAY,LARANJEIRAS HOSPITAL E CLINICA CIRURGICA LTDA,M,5,HOSPITAL GERAL,2062,HOSPITAL_PRIVADO,SOARES CABRAL,00038,,LARANJEIRAS,22240070,21 41059920,CAAFF.ASSESSORIA.RJ@GMAIL.COM,5,0,0,0,0,0,0,0,0,0,0,0,0,0
202602,SUDESTE,RJ,330455,RIO DE JANEIRO,4575474,SMS MATERNIDADE DA ROCINHA AP 21,SMS RIO MATERNIDADE DA ROCINHA AP 21,M,7,HOSPITAL ESPECIALIZADO,1031,HOSPITAL_PÚBLICO,AV NIEMEYER,776,,SAO CONRADO,22450221,,,9,9,0,0,0,0,0,0,0,0,0,0,0,0
202602,SUDESTE,RJ,330340,NOVA FRIBURGO,4613988,SES RJ HOSPITAL ESTADUAL ONCOLOGICO DE NOVA FRIBURGO,SECRETARIA DE ESTADO DE SAUDE SES,E,7,HOSPITAL ESPECIALIZADO,1023,HOSPITAL_PÚBLICO,AVENIDA HAMBURGO,2379,,PONTE DA SAUDADE,28615230,,,49,40,9,0,9,0,0,0,0,0,0,0,0,0
202602,SUDESTE,RJ,330490,SAO GONCALO,4628799,HOSPITAL GERAL DE SAO GONCALO,MUNICIPIO DE SAO GONCALO,M,5,HOSPITAL GERAL,1244,HOSPITAL_PÚBLICO,RUA SA CARVALHO,686,,VILA IARA,24440710,,,94,54,40,0,40,0,0,0,0,0,0,0,0,0
202602,SUDESTE,RJ,330630,VOLTA REDONDA,4643488,PLAZA MEDICAL SERVICOS ESPECIALIZADOS EM SAUDE LTDA,PLAZA MEDICAL SERVICOS ESPECIALIZADOS EM SAUDE LTDA,M,7,HOSPITAL ESPECIALIZADO,2062,HOSPITAL_PRIVADO,NOSSA SENHORA DAS GRACAS,235,PARTE,SAO GERALDO,27253610,24 33420298,G2CCONTABILIDADE@UOL.COM.BR,11,1,10,0,0,0,0,0,10,0,0,0,0,0
202602,SUDESTE,RJ,330455,RIO DE JANEIRO,4734785,IPANEMA SERV DE ASSIST MED CIR INF,IPANEMA SERV DE ASSIST MED CIR INF LTDA,M,7,HOSPITAL ESPECIALIZADO,2062,HOSPITAL_PRIVADO,AV EPITACIO PESSOA,5030,,LAGOA,22471006,,analistadp@prontobaby.com.br,1,0,0,0,0,0,0,0,0,0,0,0,0,0
202602,SUDESTE,RJ,330490,SAO GONCALO,4766679,VISATTO SERVICOS MEDICOS OFTALMOLOGICOS LTDA,VISATTO SERVICOS MEDICOS OFTALMOLOGICOS LTDA,M,7,HOSPITAL ESPECIALIZADO,2062,HOSPITAL_PRIVADO,DR NILO PECANHA,56,SALAS 04 05 06 07,CENTRO,24445360,(22) 98824-3382,VISATTOFINANCEIRO@GMAIL.COM,1,1,0,0,0,0,0,0,0,0,0,0,0,0
202602,SUDESTE,RJ,330170,DUQUE DE CAXIAS,4832256,HOSPITAL MUNICIPAL DO CORACAO SAO JOSE,SECRETARIA MUNICIPAL DE SAUDE DE DUQUE DE CAXIAS,M,7,HOSPITAL ESPECIALIZADO,1031,HOSPITAL_PÚBLICO,RUA NOBRE DE LACERDA,111,,VILA FLAVIA,25010260,,,48,18,30,0,30,0,0,0,0,0,0,0,0,0
202602,SUDESTE,RJ,330100,CAMPOS DOS GOYTACAZES,4888030,HOSPITAL DE OLHOS DE CAMPOS,HOSPITAL DE OLHOS DE CAMPOS LTDA,M,7,HOSPITAL ESPECIALIZADO,2062,HOSPITAL_PRIVADO,28 DE MARCO,545,,PARQUE SANTO AMARO,28020740,22 21312647,CONTATO@ESCRIMAR.COM.BR,1,0,0,0,0,0,0,0,0,0,0,0,0,0
202602,SUDESTE,RJ,330390,PETROPOLIS,4901541,SAUDE MAIS CENTRO MEDICO LDTA,SAUDE MAIS CENTRO MEDICO LDTA,M,5,HOSPITAL GERAL,2062,HOSPITAL_PRIVADO,UNIAO E INDUSTRIA,2501,PARTE 01,CORREAS,25720062,24 22363738,DIRECAOHCC@GMAIL.COM,91,0,45,0,45,0,0,0,0,0,0,0,0,0
202602,SUDESTE,RJ,330240,MACAE,4906349,HOSPITAL MACAE,PACIFICO OPERACOES HOSPITALARES S A,M,5,HOSPITAL GERAL,2054,HOSPITAL_PRIVADO,AVENIDA ALUIZIO DA SILVA GOMES,787,,GLORIA,27930560,(22) 2763-4000,legalizacao.obras@rededor.com.br,98,0,35,0,25,0,0,0,10,0,0,0,0,0
202602,SUDESTE,RJ,330455,RIO DE JANEIRO,4922816,REVIT HOSPITAIS,REVIT HOSPITAIS LTDA,M,5,HOSPITAL GERAL,2062,HOSPITAL_PRIVADO,R JARDIM BOTANICO,660,,JARDIM BOTANICO,22461002,(21) 2508-1637,FINANCEIRO@ELDRY.COM.BR,15,0,0,0,0,0,0,0,0,0,0,0,0,0
202602,SUDESTE,RJ,330490,SAO GONCALO,4930371,HOSPITAL SAO LUCAS DE NITEROI ASSIM MEDICAL,HOSPITAL SAO LUCAS DE NITEROI ASSIM MEDICAL LTDA,M,5,HOSPITAL GERAL,2062,HOSPITAL_PRIVADO,R CORONEL SERRADO,688,,ZE GAROTO,24440001,(21) 2102-9782,,20,0,0,0,0,0,0,0,0,0,0,0,0,0
202602,SUDESTE,RJ,330455,RIO DE JANEIRO,4935306,HOSPITAL BARRA DOR II,HOSPITAL ESPERANCA SA,M,5,HOSPITAL GERAL,2054,HOSPITAL_PRIVADO,AVENIDA NELSON MUFARREJ,255,,BARRA DA TIJUCA,22775050,(21)24303600,marcus.costaf@rededor.com.br,203,0,56,0,36,0,0,0,0,0,0,0,20,0
202602,SUDESTE,RJ,330455,RIO DE JANEIRO,5034302,TIJUTRAUMA 613,CENTRO ORTOPEDICO TRAUMATOLOGICO TIJUCA LTDA,M,7,HOSPITAL ESPECIALIZADO,2062,HOSPITAL_PRIVADO,ANTONIO BASILIO,613,,TIJUCA,20511190,,,62,0,0,0,0,0,0,0,0,0,0,0,0,0
202602,SUDESTE,RJ,330420,RESENDE,5042062,NEOVIDA RESENDE,CENTRO DE TERAPIA INTENSIVA NEOVIDA RESENDE LTDA,M,7,HOSPITAL ESPECIALIZADO,2062,HOSPITAL_PRIVADO,RUA CADETE EDSON,38,1 ANDAR,MONTESE,27541060,(24) 3355-8114/8390,neovidaresende@gmail.com,17,0,15,0,0,0,5,0,10,0,0,0,0,0
202602,SUDESTE,RJ,330330,NITEROI,5042488,MATERNIDADE MUNICIPAL DRA ALZIRA REIS VIEIRA FERREIRA,FUNDACAO MUNICIPAL DE SAUDE DE NITEROI,M,7,HOSPITAL ESPECIALIZADO,1155,HOSPITAL_PÚBLICO,RUA CARLOS ERMELINDO MARINS,S/N,,JURUJUBA,24370195,2136110107,admmarvf2@gmail.com,32,32,0,0,0,0,0,0,0,0,0,0,0,0
202602,SUDESTE,RJ,330280,MENDES,5057531,HOSPITAL MUNICIPAL SANTA MARIA,MUNICIPIO DE MENDES,M,5,HOSPITAL GERAL,1244,HOSPITAL_PÚBLICO,RUA CAPITAO MEXIAS,112,,CENTRO,26700000,2424652240,,22,21,0,0,0,0,0,0,0,0,0,0,0,0
202602,SUDESTE,RJ,330320,NILOPOLIS,5073898,DOMINGOS LOURENCO HOSPITAL E MATERNIDADE,CLINICA MATERNO INFANTIL DOMINGOS LOURENCO LTDA,M,7,HOSPITAL ESPECIALIZADO,2240,HOSPITAL_PRIVADO,RUA ALFREDO GONCALVES FILGUEIRAS,230,,CENTRO,26525060,21 32369300,assdir@domingoslourenco.com.br,61,0,31,0,1,0,0,0,30,0,0,0,0,0
202602,SUDESTE,RJ,330460,SANTA MARIA MADALENA,5095824,HOSPITAL BASILEU ESTRELA,MUNICIPIO DE SANTA MARIA MADALENA,M,5,HOSPITAL GERAL,1244,HOSPITAL_PÚBLICO,RUA BARAO DE MACABU,17,,CENTRO,28770000,2225611768,,23,23,0,0,0,0,0,0,0,0,0,0,0,0
202602,SUDESTE,RJ,330100,CAMPOS DOS GOYTACAZES,5108969,HOSPITAL UNIMED,UNIMED CAMPOS COOPERATIVA TRABALHO MEDICO,M,5,HOSPITAL GERAL,2143,HOSPITAL_PRIVADO,RUA VISCONDE DE ITABORAI,347,,PQ ROSARIO,28027142,22 21010650,,125,0,29,0,19,0,4,0,6,0,0,0,0,0
202602,SUDESTE,RJ,330455,RIO DE JANEIRO,5158044,HOSPITAL NAVAL MARCILIO DIAS,COMANDO DA MARINHA,M,5,HOSPITAL GERAL,1015,HOSPITAL_PÚBLICO,CESAR ZAMA,185,,LINS DE VASCONCELOS,20725090,,,561,0,67,0,41,0,6,0,10,0,0,0,10,0
202602,SUDESTE,RJ,330455,RIO DE JANEIRO,5160308,PRONTOBABY HOSPITAL DA CRIANCA,PRONTOBABY HOSPITAL DA CRIANCA LTDA,M,7,HOSPITAL ESPECIALIZADO,2062,HOSPITAL_PRIVADO,RUA ADOLFO MOTA 81,81,,TIJUCA,20540100,,,119,0,41,0,0,0,41,0,0,0,0,0,0,0
202602,SUDESTE,RJ,330455,RIO DE JANEIRO,5188326,LLAK MEDICINA NEONATAL LTDA MATRIZ,LLAK MEDICINA NEONATAL LTDA,M,7,HOSPITAL ESPECIALIZADO,2062,HOSPITAL_PRIVADO,RUA SILVA CARDOSO,711,3 ANDAR,BANGU,21810031,2124132003,ursula@neonatal.com.br,2,0,1,0,0,0,0,0,1,0,0,0,0,0
202602,SUDESTE,RJ,330350,NOVA IGUACU,5237424,HOSPITAL CATARINA,HOSPITAL CLINICO CIRURGICO CATARINA LTDA,M,5,HOSPITAL GERAL,2062,HOSPITAL_PRIVADO,AVENIDA ABILIO AUGUSTO TAVORA 2451,2451,LOTE 10,DA LUZ,26260045,(21) 97148-8942,CONTATO@HOSPITALCATARINA.COM.BR,5,0,0,0,0,0,0,0,0,0,0,0,0,0
202602,SUDESTE,RJ,330330,NITEROI,5264359,GERIATRIC S,RICARDO RODRIG E MARENIZIA B S RODRIG CONSULTORIOS LTDA,M,15,UNIDADE MISTA,2054,HOSPITAL_PRIVADO,ALMIRANTE ARY PARREIRAS,712,,VITAL BRASIL,24230322,21 93160792,,10,0,0,0,0,0,0,0,0,0,0,0,0,0
202602,SUDESTE,RJ,330411,PORTO REAL,5307864,HOSPITAL GERAL MUNICIPAL SAO FRANCISCO DE ASSIS,MUNICIPIO DE PORTO REAL,M,5,HOSPITAL GERAL,1244,HOSPITAL_PÚBLICO,AVENIDA RENATO MONTEIRO,1235,,CENTRO,27570000,2433534201,controleavaliacaopr@gmail.com,64,60,10,6,10,6,0,0,0,0,0,0,0,0
202602,SUDESTE,RJ,330455,RIO DE JANEIRO,5328942,CLINICA PEDIATRICA DA BARRA,CLINICA PEDIATRICA DA BARRA LTDA,M,21,PRONTO SOCORRO ESPECIALIZADO,2062,HOSPITAL_PRIVADO,AV DAS AMERICAS,4666,328 329,BARRA DA TIJUCA,22631004,21 34311000,pediatria@cmb.com.br,14,0,0,0,0,0,0,0,0,0,0,0,0,0
202602,SUDESTE,RJ,330555,SEROPEDICA,5349893,HOSPITAL MATERNIDADE MUNICIPAL DE SEROPEDICA,MUNICIPIO DE SEROPEDICA,M,7,HOSPITAL ESPECIALIZADO,1244,HOSPITAL_PÚBLICO,AV HALBERT ALVES DOS SANTOS,S/N,,INCRA,23890600,2126821532,hmmseropedica@hotmail.com,29,29,0,0,0,0,0,0,0,0,0,0,0,0
202602,SUDESTE,RJ,330455,RIO DE JANEIRO,5354684,UROCLIN,CLINICA ESPECIALIZADA EM UROLOGIA DE CAMPO GRANDE LTDA,M,7,HOSPITAL ESPECIALIZADO,2062,HOSPITAL_PRIVADO,RUA GENERAL ORLANDO GEISEL,100,LT 12 PAL 19672 Q117,RECREIO DOS BANDEIRA,22790280,21 24302504,UROLOGIACLIN@GMAIL.COM,1,0,0,0,0,0,0,0,0,0,0,0,0,0
202602,SUDESTE,RJ,330455,RIO DE JANEIRO,5355699,HOSPITAL DE CLINICAS SANTA CRUZ,HOSPITAL DE CLINICAS SANTA CRUZ LTDA,M,5,HOSPITAL GERAL,2062,HOSPITAL_PRIVADO,RUA FELIPE CARDOSO,759,,SANTA CRUZ,23510006,21039198,segurancatrab@hospitalmemorialsantacruz.com.br,46,0,10,0,10,0,0,0,0,0,0,0,0,0
202602,SUDESTE,RJ,330455,RIO DE JANEIRO,5358833,UFRJ INSTITUTO DE DOENCAS DO TORAX,UNIVERSIDADE FEDERAL DO RIO DE JANEIRO,M,7,HOSPITAL ESPECIALIZADO,1104,HOSPITAL_PÚBLICO,RUA PROFESSOR RODOLPHO PAULO ROCCO,255,01D58,ILHA DO FUNDAO,21941913,21 3938-2887,direcao@idt.ufrj.br,8,8,0,0,0,0,0,0,0,0,0,0,0,0
202602,SUDESTE,RJ,330170,DUQUE DE CAXIAS,5364515,HSCOR,HS COR HOSPITAL DO CORACAO DE DUQUE DE CAXIAS LTDA,M,5,HOSPITAL GERAL,2062,HOSPITAL_PRIVADO,GENERAL MITRE,110,,JARDIM 25 DE AGOSTO,25075100,21 21968012,,79,18,40,10,30,10,0,0,0,0,0,0,10,0
202602,SUDESTE,RJ,330455,RIO DE JANEIRO,5409063,HOSPITAL RIO LARANJEIRAS,HOSPITAL RIO LARANJEIRAS LTDA,M,5,HOSPITAL GERAL,2240,HOSPITAL_PRIVADO,DAS LARANJEIRAS,72,,LARANJEIRAS,22240000,21 31818647,assuntos.regulatorios@hospitalcasa.com.br,96,0,30,0,30,0,0,0,0,0,0,0,0,0
202602,SUDESTE,RJ,330240,MACAE,5412447,HOSPITAL PUBLICO MUNICIPAL DE MACAE HPM,MUNICIPIO DE MACAE,M,5,HOSPITAL GERAL,1244,HOSPITAL_PÚBLICO,ROD RJ 168,S/N,KM 04,VIRGEM SANTA,27910000,2227730061,hpmm@pop.com.br,274,258,46,34,30,30,6,4,10,0,0,0,0,0
202602,SUDESTE,RJ,330455,RIO DE JANEIRO,5414830,CLINICA CRISTO REI,CLINICA CRISTO REI LTDA,M,5,HOSPITAL GERAL,2062,HOSPITAL_PRIVADO,AVENIDA LOBO JUNIOR,695,,PENHA CIRCULAR,21020124,,,91,0,7,0,7,0,0,0,0,0,0,0,0,0
202602,SUDESTE,RJ,330200,ITAGUAI,5435153,UNIDADE BASICA DE SAUDE DR ALFREDO DE CARVALHO MAIO,UNIDADE BASICA DE SAUDE DR ALFREDO DE CARVALHO MAIO,M,15,UNIDADE MISTA,1244,HOSPITAL_PÚBLICO,RUA SAO BENEDITO,S/N,LT 22 23 E 24 QD13,VILA GENY,23826010,2137812799,ubsvilageny@itaguai.rj.gov.br,1,1,0,0,0,0,0,0,0,0,0,0,0,0
202602,SUDESTE,RJ,330045,BELFORD ROXO,5445329,CONTEX SOLUCOES E SERVICOS LTDA,CONTEX SOLUCOES E SERVICOS LTDA,M,7,HOSPITAL ESPECIALIZADO,2062,HOSPITAL_PRIVADO,BENJAMIM PINTO DIAS,1677,,CENTRO,26130001,21 26676676,CONTEX@GMAIL.COM,64,64,0,0,0,0,0,0,0,0,0,0,0,0
202602,SUDESTE,RJ,330320,NILOPOLIS,5478898,SES RJ HOSPITAL ESTADUAL VEREADOR MELCHIADES CALAZANS,SECRETARIA DE ESTADO DE SAUDE DO RIO DE JANEIRO,E,7,HOSPITAL ESPECIALIZADO,1023,HOSPITAL_PÚBLICO,RUA JOAO DE CASTRO,1250,,CABUIS,26540390,37611648,faturamento.htob@gmail.com,99,86,6,6,6,6,0,0,0,0,0,0,0,0
202602,SUDESTE,RJ,330350,NOVA IGUACU,5650852,SES RJ INSTITUTO ESTADUAL DE ONCOLOGIA DA BAIXADA,SECRETARIA DE ESTADO DE SAUDE SES,E,7,HOSPITAL ESPECIALIZADO,1023,HOSPITAL_PÚBLICO,AV BALTIMORE,23,,JARDIM ESPLANADA,26013320,,,100,90,10,0,10,0,0,0,0,0,0,0,0,0
202602,SUDESTE,RJ,330420,RESENDE,5681359,HOSPITAL MILITAR DE RESENDE,HOSPITAL MILITAR DE RESENDE,M,5,HOSPITAL GERAL,1015,HOSPITAL_PÚBLICO,RODOVIA PRESIDENTE DUTRA,306,,INDEPENDENCIA,27534970,(24) 3388-4753,,46,0,0,0,0,0,0,0,0,0,0,0,0,0
202602,SUDESTE,RJ,330070,CABO FRIO,5691710,PROCOR,L H EMPREENDIMENTOS MEDICOS LTDA,M,5,HOSPITAL GERAL,2062,HOSPITAL_PRIVADO,RUA ARIZIO GOMES DA COSTA,184,,JARDIM FLAMBOYANT,28905320,22 26457051,,58,0,0,0,0,0,0,0,0,0,0,0,0,0
202602,SUDESTE,RJ,330455,RIO DE JANEIRO,5717256,SMS HOSPITAL MUNICIPAL RONALDO GAZOLLA AP 33,EMPRESA PUBLICA DE SAUDE DO RIO DE JANEIRO S A RIOSAUDE,M,5,HOSPITAL GERAL,2011,HOSPITAL_PRIVADO,AV PASTOR MARTIN LUTHER KING,10976,,ACARI,21531010,(21)2088-4600,hospitalronaldogazolla.riosaude@gmail.com,425,425,245,245,245,245,0,0,0,0,0,0,0,0
202602,SUDESTE,RJ,330330,NITEROI,5738296,NEOTIN PEC,NEOTIN PEC UNIDADES MEDICAS INTENSIVAS LTDA,M,7,HOSPITAL ESPECIALIZADO,2062,HOSPITAL_PRIVADO,GUARARAPES,90,,SAO FRANCISCO,24360150,21 36179876,MARCELLO.TORRES@HMSAOFRANCISCO.COM.BR,7,0,0,0,0,0,0,0,0,0,0,0,0,0
202602,SUDESTE,RJ,330330,NITEROI,5738318,NEOTIN CIRURGIAS,NEOTIN CIRURGIAS LTDA,M,7,HOSPITAL ESPECIALIZADO,2062,HOSPITAL_PRIVADO,GUARARAPES,90,,SAO FRANCISCO,24360150,21 36179876,MARCELLO.TORRES@HMSAOFRANCISCO.COM.BR,60,0,30,0,0,0,10,0,20,0,0,0,0,0
202602,SUDESTE,RJ,330045,BELFORD ROXO,5811406,INSTITUTO ELISA DE CASTRO,INSTITUTO ELISA DE CASTRO,M,5,HOSPITAL GERAL,3999,HOSPITAL_FILANTRÓPICO,DJALMA RIBEIRO DE ANDRADE,5,,AREIA BRANCA,26112140,21 25322055,FISCALLDA@LDACONSULTORIA.COM,94,94,0,0,0,0,0,0,0,0,0,0,0,0
202602,SUDESTE,RJ,330040,BARRA MANSA,5829593,ANGIO BARRA,ANGIO BARRA MANSA HEMODINAMICA E CIRURGIAS CARDIOVASCULARES,M,7,HOSPITAL ESPECIALIZADO,2240,HOSPITAL_PRIVADO,PINTO RIBEIRO,205,ANDAR 2,CENTRO,27310420,24 33485060,,5,0,0,0,0,0,0,0,0,0,0,0,0,0
202602,SUDESTE,RJ,330170,DUQUE DE CAXIAS,5837618,HGF HOSPITAL GERAL NOSSA SENHORA DE FATIMA,HOSPITAL GERAL NOSSA SENHORA DE FATIMA LTDA,M,5,HOSPITAL GERAL,2062,HOSPITAL_PRIVADO,RUA VOLUNTARIOS DA PATRIA,257,CONJ PART,JARDIM 25 DE AGOSTO,25075030,,,55,0,10,0,10,0,0,0,0,0,0,0,0,0
202602,SUDESTE,RJ,330040,BARRA MANSA,5878640,HOSPITAL MATERNIDADE THERESA SACCHI DE MOURA,HOSPITAL MATERNO INFANTIL DE BARRA MANSA,M,7,HOSPITAL ESPECIALIZADO,1031,HOSPITAL_PÚBLICO,RUA TEN JOSE EDUARDO,200,,ANO BOM,27323240,02433245991,,38,38,0,0,0,0,0,0,0,0,0,0,0,0
202602,SUDESTE,RJ,330045,BELFORD ROXO,5886740,MATERNIDADE MUNICIPAL DE BELFORD ROXO,MUNICIPIO DE BELFORD ROXO,M,7,HOSPITAL ESPECIALIZADO,1244,HOSPITAL_PÚBLICO,AVENIDA BENJAMIN PINTO DIAS,S/N,,CENTRO,26116200,,,1,1,0,0,0,0,0,0,0,0,0,0,0,0
202602,SUDESTE,RJ,330045,BELFORD ROXO,5892732,DESAM,DESENVOLVIMENTO DE ASSISTENCIA MULTIPLA DESAM,M,5,HOSPITAL GERAL,3999,HOSPITAL_FILANTRÓPICO,BENJAMIM PINTO DIAS,1000,HOSPITAL,CENTRO,26130001,24 24712980,ADM@DESAM.COM.BR,31,0,0,0,0,0,0,0,0,0,0,0,0,0
202602,SUDESTE,RJ,330070,CABO FRIO,5903394,HOSPITAL MUNICIPAL DA MULHER EM CABO FRIO,HOSPITAL MUNICIPAL DA MULHER EM CABO FRIO,M,7,HOSPITAL ESPECIALIZADO,1031,HOSPITAL_PÚBLICO,FLORISBELA PENA,S/N,,BRAGA,28908050,22 26462506,CONTABILIDADE_SAUDE@CABOFRIO.RJ.GOV.BR,50,41,0,0,0,0,0,0,0,0,0,0,0,0
202602,SUDESTE,RJ,330455,RIO DE JANEIRO,5942292,CLINICA REVITALIS BARRA,CLINICA REVITALIS BARRA LTDA,M,7,HOSPITAL ESPECIALIZADO,2062,HOSPITAL_PRIVADO,EST BARRA DA TIJUCA,01020,,ITANHANGA,22641003,(21) 2529-2977,REVITALIS@CLINICAREVITALIS.COM.BR,47,0,0,0,0,0,0,0,0,0,0,0,0,0
202602,SUDESTE,RJ,330390,PETROPOLIS,5968879,CLINICA POUSADA DAS BROMELIAS,CASA DE SAUDE SANTA MONICA LTDA,M,7,HOSPITAL ESPECIALIZADO,2062,HOSPITAL_PRIVADO,RUA BISPO DOM JOSE PEREIRA ALVES,235,CASA,VALPARAISO,25685140,2422482289,pousada.das.bromelias@hotmail.com,30,0,0,0,0,0,0,0,0,0,0,0,0,0
202602,SUDESTE,RJ,330170,DUQUE DE CAXIAS,6007317,HOSPITAL MUNICIPAL MOACYR RODRIGUES DO CARMO,SECRETARIA MUNICIPAL DE SAUDE DE DUQUE DE CAXIAS,M,5,HOSPITAL GERAL,1031,HOSPITAL_PÚBLICO,ROD WASHINGTON LUIS,3200,,VILA SAO LUIZ,25085009,26721090 26723857,cnes.hmmrc.upa@gmail.com,309,299,30,20,30,20,0,0,0,0,0,0,0,0
202602,SUDESTE,RJ,330455,RIO DE JANEIRO,6043941,HOSPITAL CENTRAL DA AERONAUTICA HCA,HOSPITAL CENTRAL DA AERONAUTICA HCA,M,5,HOSPITAL GERAL,1015,HOSPITAL_PÚBLICO,RUA BARAO DE ITAPAGIPE,167,,RIO COMPRIDO,20261000,(21)3501-3100,dmd.hca@gmail.com,82,0,19,0,9,0,0,0,10,0,0,0,0,0
202602,SUDESTE,RJ,330100,CAMPOS DOS GOYTACAZES,6050476,HEMOCARDIO LTDA CARDIOCAMPOS,HEMOCARDIO LTDA,M,7,HOSPITAL ESPECIALIZADO,2240,HOSPITAL_PRIVADO,RUA SALDANHA MARINHO,480,1 ANDAR,CENTRO,28010272,2227345859,hemocardio@gmail.com,4,0,0,0,0,0,0,0,0,0,0,0,0,0
202602,SUDESTE,RJ,330452,RIO DAS OSTRAS,6069134,HOSPITAL MUNICIPAL DRA NAELMA MONTEIRO DA SILVA,MUNICIPIO RIO DAS OSTRAS,M,5,HOSPITAL GERAL,1244,HOSPITAL_PÚBLICO,RUA NILDON LUSTOSA,S/N,,PARQUE ZABULAO,28893800,22 27716329,hmro@pmro.rj.gov.br,63,57,6,0,6,0,0,0,0,0,0,0,0,0
202602,SUDESTE,RJ,330010,ANGRA DOS REIS,6086497,ANGRACOR SERVICOS HOSPITALARES LTDA,ANGRACOR SERVICOS HOSPITALARES LTDA,M,5,HOSPITAL GERAL,2240,HOSPITAL_PRIVADO,RUA MILTON BASILIO PEREIRA,455,,PARQUE DAS PALMEIRAS,23906270,2433650630,,5,0,5,0,5,0,0,0,0,0,0,0,0,0
202602,SUDESTE,RJ,330170,DUQUE DE CAXIAS,6121705,UTI RIO SERVICOS MEDICOS LTDA,UTI RIO SERVICOS MEDICOS LTDA,M,5,HOSPITAL GERAL,2240,HOSPITAL_PRIVADO,RUA CONDE DE PORTO ALEGRE,271,PARTE,25 DE AGOSTO,25070350,21-3672-8700,leandrohdl@uol.com.br,51,0,50,0,0,0,10,0,40,0,0,0,0,0
202602,SUDESTE,RJ,330185,GUAPIMIRIM,6146376,HOSPITAL MUNICIPAL JOSE RABELLO DE MELLO,PREFEITURA MUNICIPAL DE GUAPIMIRIM,M,5,HOSPITAL GERAL,1244,HOSPITAL_PÚBLICO,RUA OSVALDO CRUZ,0,,BANANAL,25946497,2126323169,sms@guapimirim.rj.gov.br,82,72,10,0,10,0,0,0,0,0,0,0,0,0
202602,SUDESTE,RJ,330455,RIO DE JANEIRO,6176666,HOSPITAL RIOS DOR,MEDISE MEDICINA DIAGNOSTICO E SERVICOS S A,M,5,HOSPITAL GERAL,2054,HOSPITAL_PRIVADO,DOS TRES RIOS,1316,1366 FREGUESIA,JACAREPAGUA,22745005,21 22833448,,142,0,54,0,29,0,7,0,0,0,0,0,18,0
202602,SUDESTE,RJ,330455,RIO DE JANEIRO,6183948,CASA DE SAUDE SAO JOAO DE DEUS,SAMOC S A SOCIEDADE ASSITENCIAL MEDICA E ODONTO CIRURGICA,M,5,HOSPITAL GERAL,2054,HOSPITAL_PRIVADO,ALMIRANTE ALEXANDRINO,2696,,SANTA TEREZA,20241263,(21)3233-1018,,8,0,7,0,7,0,0,0,0,0,0,0,0,0
202602,SUDESTE,RJ,330023,ARMACAO DOS BUZIOS,6200702,HOSPITAL MUNICIPAL DR RODOLPHO PERISSE,PREFEITURA MUNICIPAL DE ARMACAO DOS BUZIOS,M,5,HOSPITAL GERAL,1031,HOSPITAL_PÚBLICO,ESTRADA DOS BUZIOS,S/N,HOSPITAL,SAO JOSE,28958580,2226237622,saudebuzios@gmail.com,93,91,10,10,10,10,0,0,0,0,0,0,0,0
202602,SUDESTE,RJ,330440,RIO CLARO,6232094,HOSPITAL MUNICIPAL NOSSA SENHORA DA PIEDADE,SECRETARIA MUNICIPAL DE SAUDE DE RIO CLARO,M,5,HOSPITAL GERAL,1244,HOSPITAL_PÚBLICO,RODOVIA FRANCISCO SATURNINO BRAGA,9831,,GUARITA,27460000,24 33321611/33321798,fusarc.infdados@rioclaro.rj.gov.br,43,43,0,0,0,0,0,0,0,0,0,0,0,0
202602,SUDESTE,RJ,330455,RIO DE JANEIRO,6257100,UNIDADE INTEGRADA DE SAUDE MENTAL,COMANDO DA MARINHA,M,7,HOSPITAL ESPECIALIZADO,1015,HOSPITAL_PÚBLICO,MARECHAL SEREJO,539,,JACAREPAGUA,22743380,(21) 3312-4900,uism.secom@marinha.mil.br,56,0,0,0,0,0,0,0,0,0,0,0,0,0
202602,SUDESTE,RJ,330045,BELFORD ROXO,6291724,NEOPED,NEOPED UNIDADE NEONATAL E PEDIATRICA LTDA,M,7,HOSPITAL ESPECIALIZADO,2240,HOSPITAL_PRIVADO,BENJAMIN PINTO DIAS,1000,PARTE,CENTRO,26130000,21 26622400,josealbertovieira@globo.com,4,0,1,0,0,0,0,0,1,0,0,0,0,0
202602,SUDESTE,RJ,330040,BARRA MANSA,6392415,INTENSI BABY,CENTRO PERINATAL E PEDIATRICO SANTA MARIA LTDA,M,7,HOSPITAL ESPECIALIZADO,2062,HOSPITAL_PRIVADO,RUA TENENTE JOSE EDUARDO,585,,ANO BOM,27323240,33221788,intensibaby@gmail.com.br,10,0,6,0,0,0,2,0,4,0,0,0,0,0
202602,SUDESTE,RJ,330455,RIO DE JANEIRO,6427138,HOSPITAL DE CLINICAS SAO MATHEUS,AMA ASSISTENCIA MEDICA ALTERNATIVA LTDA,M,5,HOSPITAL GERAL,2062,HOSPITAL_PRIVADO,SILVA CARDOSO,689,,BANGU,21810031,21 24017396,clinicama@ig.com.br,136,0,32,0,20,0,0,0,12,0,0,0,0,0
202602,SUDESTE,RJ,330510,SAO JOAO DE MERITI,6518893,SES RJ HOSPITAL DA MULHER HELONEIDA STUDART,SECRETARIA DE ESTADO DE SAUDE SES,E,7,HOSPITAL ESPECIALIZADO,1023,HOSPITAL_PÚBLICO,AUTOMOVEL CLUBE,S/N,LOTE 1745,JARDIM JOSE BONIFACI,25565171,21 26519600,,134,134,30,30,10,10,0,0,20,20,0,0,0,0
202602,SUDESTE,RJ,330630,VOLTA REDONDA,6635148,HOSPITAL UNIMED,UNIMED DE VOLTA REDONDA COOPERATIVA DE TRABALHO MEDICO,M,5,HOSPITAL GERAL,2143,HOSPITAL_PRIVADO,DOS METALURGICOS,2490,,CASA DE PEDRA,27258000,24 21027007,NUCLEOFISCAL@UNIMEDVR.COM.BR,253,10,50,10,30,10,9,0,11,0,0,0,0,0
202602,SUDESTE,RJ,330455,RIO DE JANEIRO,6638309,QUALI DIAGNOSE,LORD SERVICOS MEDICOS LTDA,M,5,HOSPITAL GERAL,2062,HOSPITAL_PRIVADO,BARAO DA TORRE,00145,NUM 00151 151 A,IPANEMA,22411001,21 86343108,GER.ADMINISTRATIVA@QUALIIPANEMA.COM.BR,10,0,0,0,0,0,0,0,0,0,0,0,0,0
202602,SUDESTE,RJ,330500,SAO JOAO DA BARRA,6656951,CENTRO MUNICIPAL DE EMERGENCIA,MUNICIPIO DE SAO JOAO DA BARRA,M,20,PRONTO SOCORRO GERAL,1244,HOSPITAL_PÚBLICO,BR 356,S/N,FUNDOS,CENTRO,28200000,,,34,34,0,0,0,0,0,0,0,0,0,0,0,0
202602,SUDESTE,RJ,330455,RIO DE JANEIRO,6670504,LLAK MEDICINA NEONATAL BANGU,LLAK MEDICINA NEONATAL LTDA,M,7,HOSPITAL ESPECIALIZADO,2062,HOSPITAL_PRIVADO,SILVA CARDOSO,689,3 ANDAR,BANGU,21810031,21 24132003,llak@neonatal.com.br,25,0,0,0,0,0,0,0,0,0,0,0,0,0
202602,SUDESTE,RJ,330455,RIO DE JANEIRO,6681573,HOSPITAL NORTE DOR,HOSPITAL NORTE DOR DE CASCADURA SA,M,5,HOSPITAL GERAL,2054,HOSPITAL_PRIVADO,RUA CAROLINA MACHADO,38,,CASCADURA,21351021,21 37473600,diretoria@nortedor.com.br,146,0,40,0,40,0,0,0,0,0,0,0,0,0
202602,SUDESTE,RJ,330455,RIO DE JANEIRO,6716849,SMS CENTRO DE EMERGENCIA REGIONAL CER LEBLON AP 21,SMS RIO CENTRO DE EMERGENCIA REGIONAL CER LEBLON AP 21,M,20,PRONTO SOCORRO GERAL,1031,HOSPITAL_PÚBLICO,RUA MARIO RIBEIRO,1080,,LEBLON,22430160,2529-9227,coord.adm.cerleblon@fas.org.br,15,1,14,0,14,0,0,0,0,0,0,0,0,0
202602,SUDESTE,RJ,330455,RIO DE JANEIRO,6716938,SMS CENTRO DE EMERGENCIA REGIONAL CER BARRA AP 40,SMS RIO CENTRO DE EMERGENCIA REGIONAL CER BARRA AP 40,M,20,PRONTO SOCORRO GERAL,1031,HOSPITAL_PÚBLICO,AVENIDA AYRTON SENNA,2000,,BARRA DA TIJUCA,22793000,35507060,coord.emerg.barra.riosaude@gmail.com,6,0,0,0,0,0,0,0,0,0,0,0,0,0
202602,SUDESTE,RJ,330330,NITEROI,6734014,HOSPITAL ICARAI,CLINICA SAO GONCALO LTDA,M,5,HOSPITAL GERAL,2062,HOSPITAL_PRIVADO,RUA MARQUES DE PARANA,233,,CENTRO,24030215,3176-5000-RM :5114,,256,0,0,0,0,0,0,0,0,0,0,0,0,0
202602,SUDESTE,RJ,330455,RIO DE JANEIRO,6753469,HOSPITAL CENTRAL DO EXERCITO,HOSPITAL CENTRAL DO EXERCITO,M,5,HOSPITAL GERAL,1015,HOSPITAL_PÚBLICO,FRANCISCO MANUEL,126,PAVLH DIRECAO,BENFICA,20911270,21 38917269,tesouraria@hce.eb.mil.br,61,0,0,0,0,0,0,0,0,0,0,0,0,0
202602,SUDESTE,RJ,330330,NITEROI,6861873,SAO FRANCISCO HOSPITAL MATERNIDADE,NEOTIN NEONATAL TERAPIA INTENSIVA LTDA,M,7,HOSPITAL ESPECIALIZADO,2062,HOSPITAL_PRIVADO,TAPAJOS,325,ANTIGO 81,SAO FRANCISCO,24360200,,comercial@hmsaofrancisco.com.br,118,5,34,0,4,0,10,0,20,0,0,0,0,0
202602,SUDESTE,RJ,330455,RIO DE JANEIRO,6878865,HOSPITAL E MATERNDADE SANTA LUCIA,ESHO EMPRESA DE SERVICOS HOSPITALARES S A,M,5,HOSPITAL GERAL,2054,HOSPITAL_PRIVADO,R VOL PATRIA 435 E R CAPSALOMAO 25 27 29 31 33 35,435,,BOTAFOGO,22270000,(21) 21264000,almeida.camila@amil.com.br,78,0,26,0,16,0,0,0,10,0,0,0,0,0
202602,SUDESTE,RJ,330455,RIO DE JANEIRO,6995462,SMS HOSPITAL MUNICIPAL PEDRO II AP 53,SMS RIO HOSPITAL MUNICIPAL PEDRO II AP 53,M,5,HOSPITAL GERAL,1031,HOSPITAL_PÚBLICO,RUA DO PRADO,325,,SANTA CRUZ,23555012,3365 5201,cnes.hmp2@spdm-pais.org.br,331,322,63,54,34,34,10,10,10,10,9,0,0,0
202602,SUDESTE,RJ,330455,RIO DE JANEIRO,7002017,MS INCA HOSPITAL DO CANCER IV CUIDADOS PALIATIVOS,MS INCA HC IV HOSPITAL DO CANCER IV,M,7,HOSPITAL ESPECIALIZADO,1015,HOSPITAL_PÚBLICO,RUA VISCONDE SANTA ISABEL,274,,VILA ISABEL,20560120,21 3207 4058,hc4@inca.gov.br,56,56,0,0,0,0,0,0,0,0,0,0,0,0
202602,SUDESTE,RJ,330285,MESQUITA,7011857,SES RJ COMPLEXO REG MESQUITA MATERNID E CLINICA MULHER,FUNDACAO SAUDE DO ESTADO DO RIO DE JANEIRO,E,7,HOSPITAL ESPECIALIZADO,1260,HOSPITAL_PÚBLICO,DR CARVALHAES,400,,ROCHA SOBRINHO,26572530,21 23345010,ANA.FERNANDES@FS.GOV.BR,128,128,10,10,0,0,0,0,10,10,0,0,0,0
202602,SUDESTE,RJ,330455,RIO DE JANEIRO,7027397,SMS HOSPITAL MATERNIDADE MARIA AMELIA B DE HOLLANDA AP 10,SMS RIO HOSPITAL MATERNIDADE MARIA AMELIA B HOLLANDA AP 10,M,7,HOSPITAL ESPECIALIZADO,1031,HOSPITAL_PÚBLICO,RUA MONCORVO FILHO,67,,CENTRO,20211340,2122241949,hmmabh.faturamento@gmail.com,123,122,13,12,0,0,0,0,13,12,0,0,0,0
202602,SUDESTE,RJ,330455,RIO DE JANEIRO,7041624,SMS MATERNIDADE DA MULHER MARISKA RIBEIRO AP 51,SMS RIO HOSPITAL MUNICIPAL DA MULHER MARISKA RIBEIRO AP 51,M,7,HOSPITAL ESPECIALIZADO,1031,HOSPITAL_PÚBLICO,PRACA 1 DE MAIO,S/N,,BANGU,21830006,21 2042-2912,diretoria.hmmr@cejam.org.br,123,123,10,10,0,0,0,0,10,10,0,0,0,0
202602,SUDESTE,RJ,330630,VOLTA REDONDA,7052987,HINJA,HOSPITAL JARDIM AMALIA LTDA,M,5,HOSPITAL GERAL,2062,HOSPITAL_PRIVADO,DR MIGUEL COUTO,70,,JARDIM AMALIA,27251260,0024 03482001,HIMJA@UOL.COM.BR,22,0,2,0,2,0,0,0,0,0,0,0,0,0
202602,SUDESTE,RJ,330455,RIO DE JANEIRO,7065515,HOSPITAL SAO FRANCISCO NA PROVIDENCIA DE DEUS,ASSOCIACAO LAR SAO FRANCISCO DE ASSIS NA PROVIDENCIA DE DEUS,E,5,HOSPITAL GERAL,3999,HOSPITAL_FILANTRÓPICO,RUA CONDE DE BONFIM,1033,,TIJUCA,20530001,21 32944500,coordfaturamento.hsf@alsf.org.br,244,90,55,26,55,26,0,0,0,0,0,0,0,0
202602,SUDESTE,RJ,330420,RESENDE,7149328,HOSPITAL UNIMED RESENDE,UNIMED RESENDE RJ COOPERATIVA DE TRABALHO MEDICO,M,5,HOSPITAL GERAL,2143,HOSPITAL_PRIVADO,RUA ELZA DA SILVA DUARTE,71,,MANEJO,27520005,(24) 2108-9912,adm@hospitalunimedresende.com.br,70,0,10,0,10,0,0,0,0,0,0,0,0,0
202602,SUDESTE,RJ,330455,RIO DE JANEIRO,7158726,ESPACO CLIF,ESPACO CLIF MENTE E VIDA SA,M,7,HOSPITAL ESPECIALIZADO,2054,HOSPITAL_PRIVADO,RUA DAS PALMEIRAS,46,,BOTAFOGO,22270070,,,20,0,0,0,0,0,0,0,0,0,0,0,0,0
202602,SUDESTE,RJ,330100,CAMPOS DOS GOYTACAZES,7162723,ONCOBEDA II,ONCOBEDA SERVICOS MEDICOS LTDA ME,M,5,HOSPITAL GERAL,2062,HOSPITAL_PRIVADO,RUA SALDANHA MARINHO,387,,CENTRO,28010271,27330101,,32,0,5,0,5,0,0,0,0,0,0,0,0,0
202602,SUDESTE,RJ,330455,RIO DE JANEIRO,7166494,SMS HOSPITAL MUNICIPAL EVANDRO FREIRE AP 31,SMS RIO HOSPITAL MUNICIPAL EVANDRO FREIRE AP 31,M,5,HOSPITAL GERAL,1031,HOSPITAL_PÚBLICO,ESTRADA DO GALEAO,2920,,PORTUGUESA ILHA DO G,21931582,21 38122400,faturamento.hmef@cejam.org.br,103,103,30,30,30,30,0,0,0,0,0,0,0,0
202602,SUDESTE,RJ,330100,CAMPOS DOS GOYTACAZES,7170645,COMUNIDADE S8,COMUNIDADE S8,M,7,HOSPITAL ESPECIALIZADO,3999,HOSPITAL_FILANTRÓPICO,FAZENDA PEDRA LISA,S/N,,MORRO DO COCO,28178000,,comunidades8@comunidades8.org.br,42,0,0,0,0,0,0,0,0,0,0,0,0,0
202602,SUDESTE,RJ,330455,RIO DE JANEIRO,7185081,SES RJ HOSPITAL ESTADUAL TRANSPLANTE CANCER E CIR INFANTIL,SECRETARIA DE ESTADO DE SAUDE SES,E,7,HOSPITAL ESPECIALIZADO,1023,HOSPITAL_PÚBLICO,RUA LUIZ BELTRAO,147,RUA DAS TULIPAS 209,VILA VALQUEIRE,21330400,2133699650,administracao@hcrianca.com.br,83,77,26,20,0,0,10,10,16,10,0,0,0,0
202602,SUDESTE,RJ,330330,NITEROI,7202180,PLACI NITEROI,SETRE SERVICO DE TRATAMENTO E REABILITACAO ESPECIALIZADA LTD,M,5,HOSPITAL GERAL,2062,HOSPITAL_PRIVADO,MARTINS TORRES,98,,SANTA ROSA,24240705,21 34357385,RECEPCAO@PLACI.COM.BR,37,0,0,0,0,0,0,0,0,0,0,0,0,0
202602,SUDESTE,RJ,330170,DUQUE DE CAXIAS,7244339,HOSPITAL CAXIAS DOR,REDE DOR SAO LUIZ S A,M,5,HOSPITAL GERAL,2046,HOSPITAL_PRIVADO,AVENIDA BRIGADEIRO LIMA E SILVA,821,755 AREA A4 QD 13,25 DE AGOSTO,25071182,2134613488,diretoria@caxiasdor.com.br,220,0,114,0,49,0,28,0,15,0,0,0,22,0
202602,SUDESTE,RJ,330455,RIO DE JANEIRO,7251491,UNIMED RIO HOSPITAL BARRA DA TIJUCA,UNIMED RIO EMPREENDIMENTOS MEDICOS E HOSPITALARES LTDA,M,5,HOSPITAL GERAL,2062,HOSPITAL_PRIVADO,AV AYRTON SENNA,2550,,BARRA DA TIJUCA,22775003,21 3883-1000,,225,0,65,0,55,0,10,0,0,0,0,0,0,0
202602,SUDESTE,RJ,330455,RIO DE JANEIRO,7267975,SES RJ INSTITUTO ESTADUAL DO CEREBRO PAULO NIEMEYER,SECRETARIA DE ESTADO DE SAUDE DO RIO DE JANEIRO,E,7,HOSPITAL ESPECIALIZADO,1023,HOSPITAL_PÚBLICO,RUA DO REZENDE,156,NAO HA,CENTRO,20231092,021-38124105,hvillacorta@ideas.med.br,110,95,59,44,44,38,15,6,0,0,0,0,0,0
202602,SUDESTE,RJ,330455,RIO DE JANEIRO,7317530,HOSPITAL SAMARITANO,ESHO EMPRESA DE SERVICOS HOSPITALARES S A,M,5,HOSPITAL GERAL,2054,HOSPITAL_PRIVADO,RUA BAMBINA,98,,BOTAFOGO,22251050,(21) 3444-1000,edgar.araujo@amil.com.br,73,0,29,0,29,0,0,0,0,0,0,0,0,0
202602,SUDESTE,RJ,330390,PETROPOLIS,7337159,CLINICA REVITALIS,CLINICA PARA TRATAMENTO DE DEPENDENTES QUIMICOS REVITALIS,M,7,HOSPITAL ESPECIALIZADO,2062,HOSPITAL_PRIVADO,ESTRADA BERNARDO COUTINHO,2241,,ARARAS,25725022,2225-0430,revitalis@clinicarevitalis.com.br,108,0,0,0,0,0,0,0,0,0,0,0,0,0
202602,SUDESTE,RJ,330010,ANGRA DOS REIS,7354746,HOSPITAL MUNICIPAL DA JAPUIBA HMJ,FUNDACAO HOSPITALAR JORGE ELIAS MIGUEL,M,5,HOSPITAL GERAL,1155,HOSPITAL_PÚBLICO,RUA JAPORANGA,1700,,JAPUIBA,23934055,24 33686556,HGJ.dtec@angra.rj.gov.br,157,157,20,20,20,20,0,0,0,0,0,0,0,0
202602,SUDESTE,RJ,330030,BARRA DO PIRAI,7415273,CONSULTORIO UNIMED 24 HORAS,UNIMED CENTRO SUL FLUMINENSE COOPERATIVA DE TRABALHO MEDICO,M,5,HOSPITAL GERAL,2143,HOSPITAL_PRIVADO,RUA FRANKLIN DE MORAES,67,,CENTRO,27135000,24 24471700,,23,0,0,0,0,0,0,0,0,0,0,0,0,0
202602,SUDESTE,RJ,330455,RIO DE JANEIRO,7421710,HOSPITAL PASTEUR,AMICO SAUDE LTDA,M,5,HOSPITAL GERAL,2054,HOSPITAL_PRIVADO,AVENIDA AMARO CAVALCANTI,495,,MEIER,20735040,(21) 2104-4400,adm@hospitalpasteur.com.br,287,0,65,0,39,0,10,0,16,0,0,0,0,0
202602,SUDESTE,RJ,330200,ITAGUAI,7436734,HOSPITAL GERAL DE ITAGUAI,C M M A CENTRO MEDICO MOISES ABRAAO LTDA,M,5,HOSPITAL GERAL,2062,HOSPITAL_PRIVADO,ARI PARREIRAS,S/N,QUADRA03 LOTE 03 E 0,CENTRO,23815541,21 33953403,,94,37,20,0,10,0,10,0,0,0,0,0,0,0
202602,SUDESTE,RJ,330350,NOVA IGUACU,7454007,NEOVIDA NOVA IGUACU,NEOVIDA C INFANTIL DE T I E URG DE CAXIAS LTDA EPP,M,7,HOSPITAL ESPECIALIZADO,2062,HOSPITAL_PRIVADO,RUA NELSON RAMOS,733,,CENTRO,26210140,2126539619,neovidacentroinfantil@gamil.com,29,0,28,0,0,0,0,0,28,0,0,0,0,0
202602,SUDESTE,RJ,330455,RIO DE JANEIRO,7458940,HOSPITAL BARRA DOR PEDIATRIA,HOSPITAL ESPERANCA S A,M,5,HOSPITAL GERAL,2054,HOSPITAL_PRIVADO,AVENIDA AYRTON SENNA,3079,ANTIGO 2 541 AREA 2,BARRA DA TIJUCA,22775002,21 24303600,SECRETARIA@BARRADOR.COM.BR,30,0,10,0,0,0,10,0,0,0,0,0,0,0
202602,SUDESTE,RJ,330455,RIO DE JANEIRO,7474059,HOSPITAL SAO LUCAS,IMPAR SERVICOS HOSPITALARES SA,M,5,HOSPITAL GERAL,2054,HOSPITAL_PRIVADO,TRAV FREDERICO PAMPLONA,32,29 32 S C RAMOS 173,COPACABANA,22061080,(21) 2545-4407,nadia@saolucascopacabana.com.br,184,0,54,0,54,0,0,0,0,0,0,0,0,0
202602,SUDESTE,RJ,330455,RIO DE JANEIRO,7516800,SES RJ HOSPITAL ESTADUAL EDUARDO RABELLO,FUNDACAO SAUDE DO ESTADO DO RIO DE JANEIRO,E,5,HOSPITAL GERAL,1260,HOSPITAL_PÚBLICO,DO PRE,S/N,,SENADOR VASCONCELOS,23013550,21 3408-9190,DOMINGOS.LIMA@FS.RJ.GOV.BR,69,62,7,0,7,0,0,0,0,0,0,0,0,0
202602,SUDESTE,RJ,330550,SAQUAREMA,7529384,SES RJ HOSPITAL ESTADUAL DOS LAGOS NOSSA SENHORA DE NAZARETH,SECRETARIA DE ESTADO DE SAUDE SES,E,5,HOSPITAL GERAL,1023,HOSPITAL_PÚBLICO,MANOEL DOMINGOS DOS SANTOS,725,,BARREIROS,28994621,22 9971-63518,hosp.est.doslagos.helagos@gmail.com,89,69,23,10,10,10,0,0,13,0,0,0,0,0
202602,SUDESTE,RJ,330190,ITABORAI,7550944,HOSPITAL ADVENTISTA SILVESTRE UNIDADE ITABORAI,INSTITUICAO ADVENTISTA ESTE BRAS DE PREV E ASS A SAUDE,M,5,HOSPITAL GERAL,3999,HOSPITAL_FILANTRÓPICO,RUA DESEMBARGADOR FERREIRA PINTO,721,PARTE,CENTRO,24800205,(21) 37856200,,13,0,8,0,8,0,0,0,0,0,0,0,0,0
202602,SUDESTE,RJ,330350,NOVA IGUACU,7580126,HOSPITAL GERAL PRONTONIL,HGP HOSPITAL GERAL PRONTONIL,M,5,HOSPITAL GERAL,2062,HOSPITAL_PRIVADO,OSCAR SOARES,515,PARTE,CALIFONIA,26220098,213892-7229,miranda@prontonil.com.br,102,0,44,0,34,0,10,0,0,0,0,0,0,0
202602,SUDESTE,RJ,330350,NOVA IGUACU,7591136,HOSPITAL IGUASSU MATERNIDADE MUNICIPAL MARIANA BULHOES,SECRETARIA MUNICIPAL DE SAUDE DE NOVA IGUACU,M,7,HOSPITAL ESPECIALIZADO,1244,HOSPITAL_PÚBLICO,RUA CORONEL ALFREDO SOARES,S/N,,CENTRO,26255150,31023123,direcaogeral.mmmb@gmail.com,30,0,25,0,0,0,0,0,25,0,0,0,0,0
202602,SUDESTE,RJ,330452,RIO DAS OSTRAS,7605331,CENTRO MEDICO INTEGRADO SANTA TERESINHA,INTERMEDICAL SERVICOS DE GESTAO ORGANIZACAO E LOGISTICA EM,M,5,HOSPITAL GERAL,2062,HOSPITAL_PRIVADO,AVENIDA GOVERNADOR ROBERTO SILVEIRA,S/N,QD0A8 LT014,COSTAZUL,28895266,22 27645751,,10,0,10,0,10,0,0,0,0,0,0,0,0,0
202602,SUDESTE,RJ,330455,RIO DE JANEIRO,7605935,HOSPITAL BANGU,REDE DOR SAO LUIZ S A,M,5,HOSPITAL GERAL,2046,HOSPITAL_PRIVADO,FRANCISCO REAL,00732,NUM 00722 LOT 1 PA,PADRE MIGUEL,21810042,21 31075600,legalizacao.obras@rededor.com.br,51,0,19,0,19,0,0,0,0,0,0,0,0,0
202602,SUDESTE,RJ,330452,RIO DAS OSTRAS,7612036,PRONTO SOCORRO MUNICIPAL RIO DAS OSTRAS,PREFEITURA MUNICIPAL DE RIO RIO DAS OSTRAS,M,5,HOSPITAL GERAL,1244,HOSPITAL_PÚBLICO,LAERCIO LUCIO DE CARVALHO,1075,,PARQUE ZABULAO,28893437,22 27641823,,46,42,0,0,0,0,0,0,0,0,0,0,0,0
202602,SUDESTE,RJ,330455,RIO DE JANEIRO,7642415,SAMARITANO BARRA,HOSPITAL ALVORADA TAGUATINGA LTDA,M,5,HOSPITAL GERAL,2054,HOSPITAL_PRIVADO,AV JORGE CURI,550,BLOCO B,BARRA DA TIJUCA,22640102,21 31422760,jusanramos@amil.com.br,32,0,8,0,8,0,0,0,0,0,0,0,0,0
202602,SUDESTE,RJ,330455,RIO DE JANEIRO,7642423,HOSPITAL VITORIA AMC,HOSPITAL ALVORADA TAGUATINGA LTDA,M,5,HOSPITAL GERAL,2054,HOSPITAL_PRIVADO,AVENIDA JORGE CURI,550,BLOCO C D,BARRA DA TIJUCA,22793334,,jusanramos@amil.com.br,239,0,50,0,34,0,16,0,0,0,0,0,0,0
202602,SUDESTE,RJ,330240,MACAE,7655703,HOSPITAL PUBLICO MUNICIPAL DA SERRA HPMS,MUNICIPIO DE MACAE,M,5,HOSPITAL GERAL,1244,HOSPITAL_PÚBLICO,RUA JOAO MANOEL DA SILVA,600,,TRAPICHE,27945000,(22) 2793-3914,assessoriahpms@gmail.com,31,31,0,0,0,0,0,0,0,0,0,0,0,0
202602,SUDESTE,RJ,330455,RIO DE JANEIRO,7659415,HOSPITAL OESTE DOR,REDE DOR SAO LUIZ S A,M,5,HOSPITAL GERAL,2046,HOSPITAL_PRIVADO,RUA OLINDA ELLIS,93,,CAMPO GRANDE,23045160,2124143600,legalizacao.obras@rededor.com.br,139,0,62,0,28,0,7,0,14,0,0,0,13,0
202602,SUDESTE,RJ,330040,BARRA MANSA,7711697,CASA CLINICA DE ATENCAO A SAUDE AMPLIADA SOCIEDADE EMPRESA,CASA CLINICA DE ATENCAO A SAUDE AMPLIADA SOCIEDADE EMPRESA,M,7,HOSPITAL ESPECIALIZADO,2062,HOSPITAL_PRIVADO,RUA ABDO FELIPE,156,,ANO BOM,27345030,02433230140,,21,0,0,0,0,0,0,0,0,0,0,0,0,0
202602,SUDESTE,RJ,330455,RIO DE JANEIRO,7859341,HOSPITAL SAO VICENTE DE PAULO,HOSPITAL SAO VICENTE DE PAULO,M,5,HOSPITAL GERAL,3999,HOSPITAL_FILANTRÓPICO,GONCALVES CRESPO,430,,TIJUCA,20270320,21 25632121,juridico@hsvp.org.br,131,0,20,0,10,0,0,0,0,0,0,0,10,0
202602,SUDESTE,RJ,330185,GUAPIMIRIM,7877528,PENSIONATO N S APARECIDA,PENSIONATO PROTEGIDO NOSSA SENHORA APARECIDA LTDA,M,7,HOSPITAL ESPECIALIZADO,2062,HOSPITAL_PRIVADO,AVENIDA CAFE FILHO,123,,CITROLANDIA,25942220,,,60,0,0,0,0,0,0,0,0,0,0,0,0,0
202602,SUDESTE,RJ,330330,NITEROI,7884680,HOSPITAL ITAIPU,UNIMED SAO GONCALO NITEROI SOC COOP SERV MED HOSP LTDA,M,5,HOSPITAL GERAL,2143,HOSPITAL_PRIVADO,ESTRADA FRANCISCO DA CRUZ NUNES,5599,,PIRATININGA,24350310,21 26085430,diretoria@hospitalitaipu.com.br,179,0,65,0,50,0,15,0,0,0,0,0,0,0
202602,SUDESTE,RJ,330455,RIO DE JANEIRO,7898843,HOSPITAL PANAMERICANO,CASA DE SAUDE SANTA THEREZINHA S A,M,5,HOSPITAL GERAL,2062,HOSPITAL_PRIVADO,MOURA BRITO,138,,TIJUCA,20520060,998118321,almeida.camila@amil.com.br,109,0,22,0,22,0,0,0,0,0,0,0,0,0
202602,SUDESTE,RJ,330620,VASSOURAS,7938861,CIS CENTRO INTEGRADO DE SAUDE,FUNDACAO EDUCACIONAL SEVERINO SOMBRA,M,5,HOSPITAL GERAL,3069,HOSPITAL_FILANTRÓPICO,AVENIDA RUI BARBOSA,17,,SANTA AMALIA,27700000,24 24718381,,23,0,9,0,5,0,0,0,4,0,0,0,0,0
202602,SUDESTE,RJ,330455,RIO DE JANEIRO,7954549,HOSPITAL ILHA DO GOVERNADOR,HOSPITAL ILHA DO GOVERNADOR LTDA,M,5,HOSPITAL GERAL,2062,HOSPITAL_PRIVADO,ESTRADA DO DENDE,668,,TAUA,21920610,32168000,assuntos.regulatorios@hospitalcasa.com.br,113,0,37,0,37,0,0,0,0,0,0,0,0,0
202602,SUDESTE,RJ,330455,RIO DE JANEIRO,8080798,GLORIA DOR,GLORIA DOR OPERACOES HOSPITALARES LTDA,M,5,HOSPITAL GERAL,2062,HOSPITAL_PRIVADO,RUA SANTO AMARO,80,886 88 90 E 92 SUP R,GLORIA,22211230,(21) 3262-2000,LEGALIZACAO.OBRAS@REDEDOR.COM.BR,218,0,81,0,30,0,14,0,20,0,0,0,17,0
202602,SUDESTE,RJ,330220,ITAPERUNA,9020462,HOSPITAL UNIMED NORTE FLUMINENSE,UNIMED DO NORTE FLUMINENSE COOP TRABALHO MEDICO,M,5,HOSPITAL GERAL,2143,HOSPITAL_PRIVADO,BUARQUE DE NAZARETH,226,ANEXO 221 E 234,CENTRO,28300000,22 38232450,jroberto@itaperuna.unimed.com.br,33,0,0,0,0,0,0,0,0,0,0,0,0,0
202602,SUDESTE,RJ,330455,RIO DE JANEIRO,9027645,PLACI BOTAFOGO,SOCIEDADE HOSPITALAR 4 DE JULHO LTDA,M,5,HOSPITAL GERAL,2062,HOSPITAL_PRIVADO,GENERAL POLIDORO,144,,BOTAFOGO,22280005,21 25165306,nathalia.tostes@aptalicenciamentos.com.br,90,0,0,0,0,0,0,0,0,0,0,0,0,0
202602,SUDESTE,RJ,330455,RIO DE JANEIRO,9065946,HOSPITAL COPA STAR,REDE DOR SAO LUIZ S A,M,5,HOSPITAL GERAL,2046,HOSPITAL_PRIVADO,RUA FIGUEIREDO MAGALHAES,700,,COPACABANA,22031012,34613620,LEGALIZACAO.OBRAS@REDEDOR.COM.BR,142,0,67,0,46,0,0,0,0,0,0,0,21,0
202602,SUDESTE,RJ,330630,VOLTA REDONDA,9074457,SES RJ HOSP REGIONAL MEDIO PARAIBA DRA ZILDA ARNS NEUMANN,SECRETARIA ESTADUAL DE SAUDE DO RIO DE JANEIRO,E,5,HOSPITAL GERAL,1023,HOSPITAL_PÚBLICO,RODOVIA PRESIDENTE DUTRA,S/N,KM 257 258,RIO DAS FLORES,27257420,(24) 3512-5002,MBIASI@IDEAS.MED.BR,242,174,144,76,109,56,35,20,0,0,0,0,0,0
202602,SUDESTE,RJ,330205,ITALVA,9089497,ASSOCIACAO BENEFICIENTE E ASSISTENCIA MAGNUS DE ITALVA,ASSOCIACAO BENEFICIENTE E ASSISTENCIA MAGNUS DE ITALVA,M,5,HOSPITAL GERAL,3999,HOSPITAL_FILANTRÓPICO,CORONEL LUIS SALLES,208,,CENTRO,28250000,22 27832485,,56,0,0,0,0,0,0,0,0,0,0,0,0,0
202602,SUDESTE,RJ,330455,RIO DE JANEIRO,9151532,HOSPITAL CASA DE PORTUGAL HOSPITAL GERAL ADMINISTRACAO,HOSPITAL CASA DE PORTUGAL HOSPITAL GERAL ADMINISTRACAO,M,5,HOSPITAL GERAL,2062,HOSPITAL_PRIVADO,RUA DO BISPO,S/N,PARTE,RIO COMPRIDO,20261064,(21) 2218-5354,assuntos.regulatorios@hospitalcasa.com.br,100,0,68,0,68,0,0,0,0,0,0,0,0,0
202602,SUDESTE,RJ,330455,RIO DE JANEIRO,9198024,HOSPITAL RIO BOTAFOGO,HOSPITAL RIO BOTAFOGO LTDA,M,5,HOSPITAL GERAL,2062,HOSPITAL_PRIVADO,BARAO DE LUCENA,95,,BOTAFOGO,22260020,21 3216-8000,assuntos.regulatorios@hospitalcasa.com.br,70,0,28,0,28,0,0,0,0,0,0,0,0,0
202602,SUDESTE,RJ,330455,RIO DE JANEIRO,9214763,HOSPITAL CASA SAO BERNARDO,HOSPITAL CASA SAO BERNARDO HOSPITAL GERAL,M,5,HOSPITAL GERAL,2062,HOSPITAL_PRIVADO,AVENIDA DAS AMERICAS,3250,,BARRA DA TIJUCA,22640102,,assuntos.regulatorios@hospitalcasa.com.br,135,0,78,0,70,0,0,0,0,0,0,0,8,0
202602,SUDESTE,RJ,330025,ARRAIAL DO CABO,9409858,PRONTO SOCORRO DE ARRAIAL DO CABO,PRONTO SOCORRO DE ARRAIAL DO CABO,M,20,PRONTO SOCORRO GERAL,1031,HOSPITAL_PÚBLICO,AVENIDA GETULIO VARGAS,S/N,,CANAA,28930000,(22) 2622 2107,,3,3,0,0,0,0,0,0,0,0,0,0,0,0
202602,SUDESTE,RJ,330455,RIO DE JANEIRO,9426752,HOSPITAL BARRA PLASTICA,YP CLINICA CIRURGICA DA BARRA LTDA,M,7,HOSPITAL ESPECIALIZADO,2062,HOSPITAL_PRIVADO,RUA DAUT PERES,114,,BARRA DA TIJUCA,22640070,3251-1070/3253-5228,atendimento.barraplastica@gmail.com,21,0,0,0,0,0,0,0,0,0,0,0,0,0
202602,SUDESTE,RJ,330210,ITAOCARA,9441085,TOTAL MED SERVICOS MEDICOS LTDA ME,TOTAL MED SERVICOS MEDICOS LTDA ME,M,15,UNIDADE MISTA,2062,HOSPITAL_PRIVADO,RUA NILO PECANHA,564,SALA 789101112,CENTRO,28570000,2238618421,,3,0,0,0,0,0,0,0,0,0,0,0,0,0
202602,SUDESTE,RJ,330455,RIO DE JANEIRO,9461086,HOSPITAL SEMIU,SEMIU CENTRO MEDICO LTDA,M,5,HOSPITAL GERAL,2062,HOSPITAL_PRIVADO,AVENIDA VICENTE DE CARVALHO,1159,,VILA DA PENHA,21210623,21 34578800,GESTAO@SEMIU.COM.BR,175,0,37,0,22,0,0,0,0,0,0,0,15,0
202602,SUDESTE,RJ,330150,CORDEIRO,9491619,HOSPITAL DE CORDEIRO,MUNICIPIO DE CORDEIRO,M,5,HOSPITAL GERAL,1244,HOSPITAL_PÚBLICO,RUA ABEL VENTURA RIBEIRO DE MORAES,361,,CENTRO,28540000,,,40,40,0,0,0,0,0,0,0,0,0,0,0,0
202602,SUDESTE,RJ,330455,RIO DE JANEIRO,9505512,HOSPITAL PREMIUM,HOSPITAL CASA HOSPITAL DO CANCER,M,7,HOSPITAL ESPECIALIZADO,2062,HOSPITAL_PRIVADO,RUA DO BISPO,18,LOTE 1 PAL 10328,RIO COMPRIDO,20261064,02135503800,,82,0,27,0,27,0,0,0,0,0,0,0,0,0
202602,SUDESTE,RJ,330455,RIO DE JANEIRO,9567933,HOSPITAL MEMORIAL FUAD CHIDID,HOSPITAL MEMORIAL FUAD CHIDID LTDA,M,5,HOSPITAL GERAL,2062,HOSPITAL_PRIVADO,JOSE DOS REIS,81,23 27 59 71 73 75,ENGENHO DE DENTRO,20756115,,,92,0,29,0,29,0,0,0,0,0,0,0,0,0
202602,SUDESTE,RJ,330455,RIO DE JANEIRO,9614133,INTERMEDICA,NOTRE DAME INTERMEDICA SAUDE S A,M,5,HOSPITAL GERAL,2054,HOSPITAL_PRIVADO,SILVA TELES,00052,,ANDARAI,20541110,21 2570-6336,t_roberto.calheiros@hapvida.com.br,50,0,9,0,9,0,0,0,0,0,0,0,0,0
202602,SUDESTE,RJ,330455,RIO DE JANEIRO,9640665,LOG HEALTH,LOG HEALTH LOGISTICA GESTAO EM SAUDE DE,M,5,HOSPITAL GERAL,2062,HOSPITAL_PRIVADO,RUA ADOLFO BERGAMINI,206,PARTE,ENGENHO DE DENTRO,20730000,(21)3899-6342,,21,0,21,0,21,0,0,0,0,0,0,0,0,0
202602,SUDESTE,RJ,330100,CAMPOS DOS GOYTACAZES,9666389,VILA VERDE,NOVOS RUMOS SAUDE MENTAL LTDA,M,7,HOSPITAL ESPECIALIZADO,2062,HOSPITAL_PRIVADO,VOLUNTARIOS DA PATRIA,194,,CENTRO,28035260,22 998021806,SOCIETARIO3@MAXIMUMCONTABIL.COM.BR,2,0,0,0,0,0,0,0,0,0,0,0,0,0
202602,SUDESTE,RJ,330455,RIO DE JANEIRO,9739459,CENTRO HOSPITALAR AMEP JACAREPAGUA,HSJ HOSPITAL SEMIU DE JACAREPAGUA LTDA,M,5,HOSPITAL GERAL,2062,HOSPITAL_PRIVADO,MARECHAL MIGUEL SALAZAR MENDES DE MORAIS,254,,TAQUARA,22770330,21 86691518,GEANFRANCO@UOL.COM.BR,4,0,0,0,0,0,0,0,0,0,0,0,0,0
202602,SUDESTE,RJ,330630,VOLTA REDONDA,9761322,HOSPITAL VIVER MAIS,HOSPITAL VIVER MAIS S A,M,5,HOSPITAL GERAL,2054,HOSPITAL_PRIVADO,CENTO E CINQUENTA E SEIS,380,,LARANJAL,27255005,24 33430773,HOSPITALVIVERMAIS@GMAIL.COM,59,0,10,0,10,0,0,0,0,0,0,0,0,0
202602,SUDESTE,RJ,330390,PETROPOLIS,9762558,H C C CENTRO DE TERAPIA INTENSIVA E CIRURGICA LTDA,H C C CENTRO DE TERAPIA INTENSIVA E CIRURGICA LTDA,M,5,HOSPITAL GERAL,2062,HOSPITAL_PRIVADO,ESTRADA UNIAO E INDUSTRIA,2501,PARTE,CORREAS,25720062,(24) 22363738,faturamentohcc.hcc@gmail.com,91,1,45,0,45,0,0,0,0,0,0,0,0,0
202602,SUDESTE,RJ,330455,RIO DE JANEIRO,9796282,HOSPITAL PRO CRIANCA,HOSPITAIS INTEGRADOS DA GAVEA S A,M,7,HOSPITAL ESPECIALIZADO,2054,HOSPITAL_PRIVADO,RUA DONA MARIANA,220,,BOTAFOGO,22280020,32394685,legalizacao.obras@rededor.com.br,58,0,13,0,0,0,13,0,0,0,0,0,0,0
202602,SUDESTE,RJ,330455,RIO DE JANEIRO,9837426,HOSPITAL GLORIA DOR,HOSPITAIS INTEGRADOS DA GAVEA S A,E,5,HOSPITAL GERAL,2054,HOSPITAL_PRIVADO,RUA SANTO AMARO,80,86 88 90 92 C ENTRA,GLORIA,22211230,(21) 3262-2000,LEGALIZACAO.OBRAS@REDEDOR.COM.BR,218,0,81,0,30,0,14,0,20,0,0,0,17,0
202602,SUDESTE,RJ,330330,NITEROI,9839674,ESSENCIAL HOSPITAL DE TRANSICAO,ESSENCIAL CARE ASSISTENCIA MEDICA,M,5,HOSPITAL GERAL,2062,HOSPITAL_PRIVADO,AVENIDA RUI BARBOSA,716,,SAO FRANCISCO,24360440,,,30,0,0,0,0,0,0,0,0,0,0,0,0,0
202602,SUDESTE,RJ,330270,MARICA,9895124,ERNESTO CHE GUEVARA SMSM,HOSPITAL MUNICIPAL DR ERNESTO CHE GUEVARA,M,5,HOSPITAL GERAL,1031,HOSPITAL_PÚBLICO,ROD ERNANI DO AMARAL PEIXOTO,23269,QD GLD LT 2,SAO JOSE DO IMBASSAI,24931000,21-26372667,ernestocheguevaramarica@gmail.com,118,103,25,10,20,10,5,0,0,0,0,0,0,0
202602,SUDESTE,RJ,330010,ANGRA DOS REIS,9903496,PLAZA MEDICAL SERVICOS ESPECIALIZADOS EM SAUDE LTDA,PLAZA MEDICAL SERVICOS ESPECIALIZADOS EM SAUDE LTDA,M,5,HOSPITAL GERAL,2062,HOSPITAL_PRIVADO,RUA DOUTOR COUTINHO,84,2 ANDAR,CENTRO,23900620,24 21022121,,20,0,20,0,0,0,5,0,15,0,0,0,0,0
202602,SUDESTE,RJ,330490,SAO GONCALO,9912584,CLISSIL,CLISSIL CLINICA SAO SILVESTRE,M,7,HOSPITAL ESPECIALIZADO,2240,HOSPITAL_PRIVADO,RUA DR NILO PECANHA,940,,NOVA CIDADE,24440000,,,20,0,0,0,0,0,0,0,0,0,0,0,0,0
202602,SUDESTE,RJ,330110,CANTAGALO,9921710,CTI JOAO PAULO II,CENTRO DE TRATAMENTO INTENSIVO DE CANTAGALO LTDA,M,5,HOSPITAL GERAL,2062,HOSPITAL_PRIVADO,MIGUEL SANTOS,25,,CHACARA QUEIMADA,28500000,22 25510125,sandro@contavel.com,10,0,10,0,10,0,0,0,0,0,0,0,0,0
202603,SUDESTE,RJ,330330,NITEROI,12505,HOSPITAL UNIVERSITARIO ANTONIO PEDRO,EMPRESA BRASILEIRA DE SERVICOS HOSPITALARES,M,5,HOSPITAL GERAL,2011,HOSPITAL_PRIVADO,RUA MARQUES DO PARANA,303,,CENTRO,24033900,(21) 26299114,uac.huap@ebserh.gov.br,240,213,34,34,16,16,0,0,8,8,0,0,10,10
202603,SUDESTE,RJ,330330,NITEROI,12513,HOSPITAL MUNICIPAL CARLOS TORTELLY,FUNDACAO MUNICIPAL DE SAUDE,M,5,HOSPITAL GERAL,1155,HOSPITAL_PÚBLICO,ATHAYDE PARREIRAS,266,,NITEROI,24070090,(21) 2729-9342,,126,126,0,0,0,0,0,0,0,0,0,0,0,0
202603,SUDESTE,RJ,330330,NITEROI,12521,SES RJ HOSPITAL ESTADUAL AZEVEDO LIMA,SECRETARIA DE ESTADO DE SAUDE SES,E,5,HOSPITAL GERAL,1023,HOSPITAL_PÚBLICO,DR TEIXEIRA DE FREITAS,30,,FONSECA,24130616,2126271448,faturamento@fs.rj.gov.br,251,228,45,30,35,30,0,0,10,0,0,0,0,0
202603,SUDESTE,RJ,330330,NITEROI,12548,HOSPITAL DA POLICIA MILITAR DE NITEROI,HOSPITAL DA POLICIA MILITAR DE NITEROI,M,5,HOSPITAL GERAL,1023,HOSPITAL_PÚBLICO,RUA MARTINS TORRES,245,,SANTA ROSA,24240705,(21)2715-4765,subdirtec?_hpmnit@pmerj.rj.gov.br,27,0,0,0,0,0,0,0,0,0,0,0,0,0
202603,SUDESTE,RJ,330330,NITEROI,12556,HOSPITAL ORENCIO DE FREITAS,FUNDACAO MUNICIPAL DE SAUDE DE NITEROI,M,5,HOSPITAL GERAL,1155,HOSPITAL_PÚBLICO,MACHADO,S/N,,BARRETO,24111000,021 26203434,direcaohof@gmail.com,73,67,6,0,6,0,0,0,0,0,0,0,0,0
202603,SUDESTE,RJ,330330,NITEROI,12599,HOSPITAL GETULIO VARGAS FILHO,FUNDACAO MUNICIPAL DE SAUDE,M,7,HOSPITAL ESPECIALIZADO,1155,HOSPITAL_PÚBLICO,TEIXEIRA DE FREITAS,S/N,,FONSECA,24130616,,,81,79,17,17,0,0,10,10,7,7,0,0,0,0
202603,SUDESTE,RJ,330330,NITEROI,12610,HOSPITAL DE OLHOS SANTA BEATRIZ,HOSPITAL OFTALMOLOGICO SANTA BEATRIZ LTDA,M,7,HOSPITAL ESPECIALIZADO,2062,HOSPITAL_PRIVADO,ALAMEDA SAO BOAVENTURA,586,,FONSECA,24120191,(21)26268000,diretoria@hosb.com.br,44,20,0,0,0,0,0,0,0,0,0,0,0,0
202603,SUDESTE,RJ,330330,NITEROI,12718,HOSPITAL PSIQUIATRICO DE JURUJUBA,FUNDACAO MUNICIPAL DE SAUDE DE NITEROI,M,7,HOSPITAL ESPECIALIZADO,1155,HOSPITAL_PÚBLICO,AV SILVIO PICANCO,S/N,,CHARITAS,24370005,(21)26107678,hospitalpsiquiatricodejurujuba@saude.niteroi.rj.gov.br,45,45,0,0,0,0,0,0,0,0,0,0,0,0
202603,SUDESTE,RJ,330330,NITEROI,12769,SES RJ INSTITUTO ESTADUAL DE DOENCAS DO TORAX ARY PARREIRAS,SECRETARIA DE ESTADO DE SAUDE DO RIO DE JANEIRO,E,7,HOSPITAL ESPECIALIZADO,1023,HOSPITAL_PÚBLICO,RUA DR LUIZ PALMIER,762,,BARRETO,24110310,(21)27290008,dg@ietap.fs.rj.gov.br,84,35,10,0,10,0,0,0,0,0,0,0,0,0
202603,SUDESTE,RJ,330330,NITEROI,12823,SEAP RJ HOSPITAL DE CUST E TRAT PSIQUIATRICO HENRIQUE ROXO,SECRETARIA DE ESTADO DE ADMINISTRACAO PENITENCIARIA,E,7,HOSPITAL ESPECIALIZADO,1023,HOSPITAL_PÚBLICO,RUA PROFESSOR HEITOR CARRILHO,S/N,,CENTRO,24030230,,seaphr@gmail.com,155,155,0,0,0,0,0,0,0,0,0,0,0,0
202603,SUDESTE,RJ,330630,VOLTA REDONDA,25135,HOSPITAL MUNICIPAL SAO JOAO BATISTA,SERVICO AUTONOMO HOSPITALAR,M,5,HOSPITAL GERAL,1120,HOSPITAL_PÚBLICO,RUA NOSSA SENHORA DAS GRACAS,235,,SAO GERALDO,27253610,2433424144,sah@hsjb.org.br,161,155,9,9,9,9,0,0,0,0,0,0,0,0
202603,SUDESTE,RJ,330630,VOLTA REDONDA,25143,HOSPITAL MUNICIPAL DR MUNIR RAFFUL,HOSPITAL MUNICIPAL DR MUNIR RAFFUL,M,5,HOSPITAL GERAL,1031,HOSPITAL_PÚBLICO,AV JARAGUA,1020,,RETIRO,27277130,2433399393,hmr@epdvr.com.br,183,179,10,6,10,6,0,0,0,0,0,0,0,0
202603,SUDESTE,RJ,330630,VOLTA REDONDA,25186,H FOA ECOSSISTEMA EM SAUDE E EDUCACAO ESCOLA MEDICA,FUNDACAO OSWALDO ARANHA,M,5,HOSPITAL GERAL,3069,HOSPITAL_FILANTRÓPICO,DR MIGUEL COUTO,70,,JARDIM AMALIA,27251260,24 33408371,direcao.executiva@hfoa.org.br,74,34,38,5,8,5,14,0,16,0,0,0,0,0
202603,SUDESTE,RJ,330630,VOLTA REDONDA,26050,HOSPITAL SANTA CECILIA,INSTITUTO DO CANCER DO CEARA,M,5,HOSPITAL GERAL,3999,HOSPITAL_FILANTRÓPICO,41 C,160,,VILA SANTA CECILIA,27255430,24 33443262,contabilidade@icc.org.br,125,18,30,6,20,6,5,0,5,0,0,0,0,0
202603,SUDESTE,RJ,330455,RIO DE JANEIRO,32247,HOSP CASA EVANGELICO HOSP GERAL ADM E GESTAO HOSP,HOSP CASA EVANGELICO HOSP GERAL ADM E GESTAO HOSP,M,5,HOSPITAL GERAL,2062,HOSPITAL_PRIVADO,RUA BOM PASTOR,295,CASA 1 PARTE CASA 1,TIJUCA,20521060,,,130,0,58,0,48,0,0,0,10,0,0,0,0,0
202603,SUDESTE,RJ,330045,BELFORD ROXO,52825,SOPHIA MEDIC SERVICOS MEDICOS E CIRURGICOS LTDA,SOPHIA MEDIC SERVICOS MEDICOS E CIRURGICOS LTDA,M,7,HOSPITAL ESPECIALIZADO,2062,HOSPITAL_PRIVADO,BENJAMIM PINTO DIAS,1677,SALA PARTE HOSPITAL,CENTRO,26130001,21 41231376,MEDIC.SOPHIA@GMAIL.COM,50,50,0,0,0,0,0,0,0,0,0,0,0,0
202603,SUDESTE,RJ,330330,NITEROI,55859,PROCEM CENTRO DE ESPECIALIDADES MEDICAS,C R P T ASSISTENCIA MEDICA E HOSPITALAR LTDA,M,7,HOSPITAL ESPECIALIZADO,2062,HOSPITAL_PRIVADO,TIRADENTES,12,E 18 PARTE,INGA,24210510,21 26210826,financeiro@clinicaprocem.com.br,60,0,24,0,0,0,4,0,20,0,0,0,0,0
202603,SUDESTE,RJ,330455,RIO DE JANEIRO,89338,HOSPITAL DOUTOR MARCOS MORAES,HOSPITAL DE ONCOLOGIA DO MEIER S A,M,5,HOSPITAL GERAL,2054,HOSPITAL_PRIVADO,ARISTIDES CAIRE,00027,,MEIER,20775090,21 30316762,TRIBUTARIO.GESTAO@ONCOCLINICAS.COM,86,0,10,0,10,0,0,0,0,0,0,0,0,0
202603,SUDESTE,RJ,330250,MAGE,103616,UNIDADE 24 HORAS DE SANTO ALEIXO,MUNICIPIO DE MAGE,M,20,PRONTO SOCORRO GERAL,1244,HOSPITAL_PÚBLICO,AVENIDA OTHON LINCH BEZERRA DE MELLO,329,ANT PRED CENTRO ADM,SANTO ALEIXO,25912206,,,14,14,0,0,0,0,0,0,0,0,0,0,0,0
202603,SUDESTE,RJ,330330,NITEROI,105317,HOSPITAL MUNICIPAL OCEANICO DR GILSON CANTARINO HMOGC,FUNDACAO MUNICIPAL DE SAUDE DE NITEROI,M,5,HOSPITAL GERAL,1155,HOSPITAL_PÚBLICO,DOUTOR RAUL DE OLIVEIRA RODRIGUES,382,,PIRATININGA,24350630,21 31803948,CONTABILIDADESAUDEDENITEROI@GMAIL.COM,80,80,10,10,10,10,0,0,0,0,0,0,0,0
202603,SUDESTE,RJ,330490,SAO GONCALO,113115,HOSPITAL MUNICIPAL RETAGUARDA GONCALENSE,SECRETARIA MUNICIPAL DE SAUDE DE SAO GONCALO,M,5,HOSPITAL GERAL,1244,HOSPITAL_PÚBLICO,RUA JOAO DE SOUZA,410,,CENTRO,24445370,,,86,59,27,0,27,0,0,0,0,0,0,0,0,0
202603,SUDESTE,RJ,330490,SAO GONCALO,113891,HOSPITAL DO CANCER E DO CORACAO HCCOR,SECRETARIA MUNICIPAL DE SAUDE DE SAO GONCALO,M,7,HOSPITAL ESPECIALIZADO,1244,HOSPITAL_PÚBLICO,ESTRADA DE PACHECO,216,A,LAGOINHA,24440400,,,47,47,10,10,10,10,0,0,0,0,0,0,0,0
202603,SUDESTE,RJ,330190,ITABORAI,131237,HOSPITAL MUNICIPAL SAO JUDAS TADEU,PREFEITURA MUNICIPAL DE ITABORAI,M,5,HOSPITAL GERAL,1244,HOSPITAL_PÚBLICO,AV 22 DE MAIO,S/N,,OUTEIRO DAS PEDRAS,24812222,21 2645-4508,gabinete.saude@itaborai.rj.gov.br,30,30,0,0,0,0,0,0,0,0,0,0,0,0
202603,SUDESTE,RJ,330170,DUQUE DE CAXIAS,155055,MATERNIDADE SANTA CRUZ DA SERRA,MUNICIPIO DE DUQUE DE CAXIAS,M,7,HOSPITAL ESPECIALIZADO,1244,HOSPITAL_PÚBLICO,AV AUTOMOVEL CLUBE,275,,SANTA CRUZ DA SERRA,25272405,,rh.maternidade.stserra@gmail.com,105,105,0,0,0,0,0,0,0,0,0,0,0,0
202603,SUDESTE,RJ,330414,QUEIMADOS,182974,HOSPITAL E MATERNIDADE MUNICIPAL DE QUEIMADOS,MUNICIPIO DE QUEIMADOS,M,7,HOSPITAL ESPECIALIZADO,1244,HOSPITAL_PÚBLICO,RUA DEUSINHO DE FREITAS,13,,CENTRO,26325290,26657800,,32,32,0,0,0,0,0,0,0,0,0,0,0,0
202603,SUDESTE,RJ,330360,PARACAMBI,219436,MATERNIDADE LAURINDO JOSE FERREIRA,MUNICIPIO DE PARACAMBI,M,7,HOSPITAL ESPECIALIZADO,1244,HOSPITAL_PÚBLICO,AVENIDA JONAS LEAL,17,,LAGES,26600000,,,15,15,0,0,0,0,0,0,0,0,0,0,0,0
202603,SUDESTE,RJ,330020,ARARUAMA,221015,HOSPITAL MUNICIPAL DR JAQUELINE PRATES CNPJ 31 135 0460001 4,HOSPITAL MUNICIPAL DRA JAQUELINE PRATES,M,5,HOSPITAL GERAL,1031,HOSPITAL_PÚBLICO,MAJOR FELIX MOREIRA,267,,CENTRO,28979102,22 97402349,sesau01@gmail.com,70,70,0,0,0,0,0,0,0,0,0,0,0,0
202603,SUDESTE,RJ,330350,NOVA IGUACU,679550,SES RJ HOSPITAL ESTADUAL DR RICARDO CRUZ,SECRETARIA DE ESTADO DE SAUDE SES,E,5,HOSPITAL GERAL,1023,HOSPITAL_PÚBLICO,AVENIDA GOVERNADOR ROBERTO SILVEIRA,1385,,CENTRO,26285060,26586670,hospitalestadualdrricardocruz@gmail.com,300,160,140,0,100,0,40,0,0,0,0,0,0,0
202603,SUDESTE,RJ,330455,RIO DE JANEIRO,697524,HOSPITAL DE AERONAUTICA DOS AFONSOS,HOSPITAL DE AERONAUTICA DOS AFONSOS,M,5,HOSPITAL GERAL,1015,HOSPITAL_PÚBLICO,AVENIDA MARECHAL FONTENELLE,1628,CAMPO DOS AFONSOS,CAMPO DOS AFONSOS,21740002,32896800,secdir.haaf@fab.mil.br,81,0,7,0,7,0,0,0,0,0,0,0,0,0
202603,SUDESTE,RJ,330510,SAO JOAO DE MERITI,726095,HOSPITAL MATERNIDADE SAO JOAO DE MERITI,MUNICIPIO DE SAO JOAO DE MERITI,M,7,HOSPITAL ESPECIALIZADO,1244,HOSPITAL_PÚBLICO,RUA VIRGILIO DE AZAMBUJA MONTEIRO,13,,CENTRO,25520410,,hospitalmaternidade.sjm@gmail.com,68,48,12,0,0,0,0,0,12,0,0,0,0,0
202603,SUDESTE,RJ,330455,RIO DE JANEIRO,759384,QUALITY CARE,QUALITY CARE SOLUCOES MEDICAS INTEGRADAS LTDA,M,5,HOSPITAL GERAL,2062,HOSPITAL_PRIVADO,RUA MENA BARRETO,165,,BOTAFOGO,22271100,2130903400,contratos@qualitylifehc.com.br,32,0,0,0,0,0,0,0,0,0,0,0,0,0
202603,SUDESTE,RJ,330200,ITAGUAI,767190,HOSPITAL COSTA VERDE,UNIMED COSTA VERDE RJ,M,5,HOSPITAL GERAL,2143,HOSPITAL_PRIVADO,HAROLDO RODRIGUES JESUS,160,QUADRA3 LOTE 36,MONTE SERRAT,23810840,21 26881739,CONTABILIDADE@COSTAVERDE.UNIMED.COM.BR,34,0,4,0,4,0,0,0,0,0,0,0,0,0
202603,SUDESTE,RJ,330350,NOVA IGUACU,807842,MATERNIDADE NEOMATER,HOSPITAL E MATERNIDADE NEOMATER LTDA,M,7,HOSPITAL ESPECIALIZADO,2062,HOSPITAL_PRIVADO,OTAVIO ASCOLI,328,,CENTRO,26215160,02128823050,diretoria@maternidadeneomater.com.br,124,0,67,0,9,0,0,0,58,0,0,0,0,0
202603,SUDESTE,RJ,330030,BARRA DO PIRAI,850160,UPA 24 HORAS BARRA DO PIRAI,FUNDO MUNICIPAL DE SAUDE DE BARRA DO PIRAI,M,20,PRONTO SOCORRO GERAL,1244,HOSPITAL_PÚBLICO,RUA FRANKLIN DE MORAES,67,,CENTRO,27140000,,contasmedicas.sms@barradopirai.rj.gov.br,5,5,0,0,0,0,0,0,0,0,0,0,0,0
202603,SUDESTE,RJ,330070,CABO FRIO,919373,HOSPITAL UNIVERSITARIO REITOR HESIO CORDEIRO HURHC,UNIVERSIDADE DO ESTADO DO RIO DE JANEIRO,E,5,HOSPITAL GERAL,1147,HOSPITAL_PÚBLICO,RUA ARIZIO GOMES DA COSTA,186,,JARDIM FLAMBOYANT,28905320,22 26401250,FRANCISCO.BARBOSA.NETO@UERJ.BR,28,20,8,0,8,0,0,0,0,0,0,0,0,0
202603,SUDESTE,RJ,330070,CABO FRIO,928143,CLINICA VISION,CLINICA VISION LTDA,M,7,HOSPITAL ESPECIALIZADO,2062,HOSPITAL_PRIVADO,RAUL VEIGA,153,LOJA 01,CENTRO,28907090,32 32154727,GERENCIA@RICARDOMARTIN.COM.BR,2,2,0,0,0,0,0,0,0,0,0,0,0,0
202603,SUDESTE,RJ,330170,DUQUE DE CAXIAS,978213,HOSPITAL MUNICIPAL INFANTIL PADRE GUILHERME,MUNICIPIO DE DUQUE DE CAXIAS,M,5,HOSPITAL GERAL,1244,HOSPITAL_PÚBLICO,RUA EVARISTO DE MORAIS,S/N,,VILA BERNADETE,25272560,,cnes.hmpg@gmail.com,31,31,0,0,0,0,0,0,0,0,0,0,0,0
202603,SUDESTE,RJ,330270,MARICA,2266733,HOSPITAL MUNICIPAL CONDE MODESTO LEAL,MUNICIPIO DE MARICA,M,5,HOSPITAL GERAL,1120,HOSPITAL_PÚBLICO,RUA DOMICIO DA GAMA,433,,CENTRO,24900815,(21)26371713,superintendenciadesaudemarica@gmail.com,105,101,0,0,0,0,0,0,0,0,0,0,0,0
202603,SUDESTE,RJ,330400,PIRAI,2267187,HOSPITAL FLAVIO LEAL,CASA DE CARIDADE DE PIRAI,M,5,HOSPITAL GERAL,3999,HOSPITAL_FILANTRÓPICO,RUA ROBERTO SILVEIRA,50,,CENTRO,27175000,(24) 35115600,hospitalpirai@bol.com.br,64,50,10,7,10,7,0,0,0,0,0,0,0,0
202603,SUDESTE,RJ,330415,QUISSAMA,2267209,HOSPITAL MUNICIPAL MARIANA MARIA DE JESUS,SECRETARIA MUNICIPAL DE SAUDE DE QUISSAMA,M,5,HOSPITAL GERAL,1031,HOSPITAL_PÚBLICO,AV AMILCAR PEREIRA DA SILVA,138,,MATO DE PIPA,28737000,2227689100,hospital@quissama.rj.gov.br,73,73,6,6,6,6,0,0,0,0,0,0,0,0
202603,SUDESTE,RJ,330015,APERIBE,2267454,HOSPITAL MUNICIPAL AUGUSTINHO GESUALD BLANC,MUNICIPIO DE APERIBE,M,5,HOSPITAL GERAL,1244,HOSPITAL_PÚBLICO,RUA ANTONIO JOSE MOREIRA,359,,SAO VICENTE DE PAULA,28495000,2238641710,saude.aperibe@bol.com.br,35,35,0,0,0,0,0,0,0,0,0,0,0,0
202603,SUDESTE,RJ,330110,CANTAGALO,2267713,HOSPITAL DE CANTAGALO,SANTA CASA DE CARIDADE DE CANTAGALO,M,5,HOSPITAL GERAL,3999,HOSPITAL_FILANTRÓPICO,MIGUEL SANTOS,S/N,,PRIMEIRO,28500000,,,98,81,15,10,15,10,0,0,0,0,0,0,0,0
202603,SUDESTE,RJ,330025,ARRAIAL DO CABO,2267802,HOSPITAL GERAL DE ARRAIAL DO CABO,SECRETARIA MUNICIPAL DE SAUDE DE ARRAIAL DO CABO,M,5,HOSPITAL GERAL,1031,HOSPITAL_PÚBLICO,AV GETULIO VARGAS,S/N,,CANAA,28930000,(22)26222107,fatura_saude@yahoo.com.br,84,75,9,0,9,0,0,0,0,0,0,0,0,0
202603,SUDESTE,RJ,330160,DUAS BARRAS,2267810,HOSPITAL MUNICIPAL DR ANTONIO CARLOS DA SILVA MONNERAT,SECRETARIA MUNICIPAL DE SAUDE DE DUAS BARRAS,M,5,HOSPITAL GERAL,1244,HOSPITAL_PÚBLICO,AV GETULIO VARGAS,199,,CENTRO,28650000,2225341177,,30,30,0,0,0,0,0,0,0,0,0,0,0,0
202603,SUDESTE,RJ,330570,SUMIDOURO,2268051,HOSPITAL MUNICIPAL DR JOAO PEREIRA MARTINS,SMS SUMIDOURO,M,5,HOSPITAL GERAL,1244,HOSPITAL_PÚBLICO,RUA CARLOS ALBERTO P MOURA JUNIOR,02,,N SRA DE FATIMA,28637000,(24)25311164,,25,25,0,0,0,0,0,0,0,0,0,0,0,0
202603,SUDESTE,RJ,330450,RIO DAS FLORES,2268329,HOSPITAL GERAL DR LUIZ PINTO,MUNICIPIO DE RIO DAS FLORES,M,5,HOSPITAL GERAL,1244,HOSPITAL_PÚBLICO,RUA MARCELINO DO VALLE,13,,INGLESES,27660322,(24)24581300,faturamentorf@gmail.com,27,26,0,0,0,0,0,0,0,0,0,0,0,0
202603,SUDESTE,RJ,330190,ITABORAI,2268922,HOSPITAL MUNICIPAL DESEMBARGADOR LEAL JUNIOR HMDLJ,PREFEITURA MUNICIPAL DE ITABORAI,M,5,HOSPITAL GERAL,1244,HOSPITAL_PÚBLICO,ESTRADA PREFEITO ALVARO DE CARVALHO JUNIOR,S/N,,NANCILANDIA,24801064,(21)26458070,hmdlj@itaborai.rj.gov.br,139,139,0,0,0,0,0,0,0,0,0,0,0,0
202603,SUDESTE,RJ,330455,RIO DE JANEIRO,2269341,SMS HOSPITAL MUNICIPAL JESUS AP 22,SMS RIO HOSPITAL MUNICIPAL JESUS AP 22,M,7,HOSPITAL ESPECIALIZADO,1031,HOSPITAL_PÚBLICO,OITO DE DEZEMBRO,717,,VILA ISABEL,20550200,,dica.hmjesus@gmail.com,95,95,8,8,0,0,8,8,0,0,0,0,0,0
202603,SUDESTE,RJ,330455,RIO DE JANEIRO,2269384,HOSPITAL FEDERAL DO ANDARAI,MS HOSPITAL DO ANDARAI,M,5,HOSPITAL GERAL,1015,HOSPITAL_PÚBLICO,RUA GASTAO PENALVA,119,,ANDARAI,20540220,(21) 25757000,,282,242,44,4,38,0,2,0,0,0,4,4,0,0
202603,SUDESTE,RJ,330455,RIO DE JANEIRO,2269392,POLICLINICA PIQUET CARNEIRO,UERJ POLICLINICA PIQUET CARNEIRO,E,5,HOSPITAL GERAL,1147,HOSPITAL_PÚBLICO,AV MARECHAL RONDOM,381,,SAO FRANCISCO XAVIER,20950003,2125667000,servccp@ppc.uerj.br,8,8,0,0,0,0,0,0,0,0,0,0,0,0
202603,SUDESTE,RJ,330455,RIO DE JANEIRO,2269406,CLINICA DA GAVEA,CLINICA DA GAVEA S A,M,7,HOSPITAL ESPECIALIZADO,2054,HOSPITAL_PRIVADO,ESTRADA DA GAVEA,151,,GAVEA,22451262,21 2274-7022,clinicadagavea@clinicadagavea.com.br,300,0,0,0,0,0,0,0,0,0,0,0,0,0
202603,SUDESTE,RJ,330455,RIO DE JANEIRO,2269430,INSTITUTO DE PSIQUIATRIA DA UFRJ IPUB,INSTITUTO DE PSIQUIATRIA DA UFRJ IPUB,M,7,HOSPITAL ESPECIALIZADO,1104,HOSPITAL_PÚBLICO,AVENIDA VENCESLAU BRAS,71,FUNDOS,BOTAFOGO,22290140,(21)39380500,gabdiretor@ipub.ufrj.br,167,167,0,0,0,0,0,0,0,0,0,0,0,0
202603,SUDESTE,RJ,330455,RIO DE JANEIRO,2269481,SMS HOSPITAL MUNICIPAL DA PIEDADE AP 32,SMS RIO HOSPITAL MUNICIPAL DA PIEDADE AP 32,M,5,HOSPITAL GERAL,1031,HOSPITAL_PÚBLICO,RUA DA CAPELA,96,,PIEDADE,20740310,(21)31116540,hmpiedade@rio.rj.gov.br,132,122,10,0,10,0,0,0,0,0,0,0,0,0
202603,SUDESTE,RJ,330455,RIO DE JANEIRO,2269678,SES RJ IECAC INST EST DE CARDIOLOGIA ALOYSIO DE CASTRO,FUNDACAO SAUDE DO ESTADO DO RIO DE JANEIRO,E,7,HOSPITAL ESPECIALIZADO,1260,HOSPITAL_PÚBLICO,RUA DAVID CAMPISTA,326,,HUMAITA,22261010,23321570,faturamento@iecac.fundacaosaude.rj.gov.br,105,97,26,18,26,18,0,0,0,0,0,0,0,0
202603,SUDESTE,RJ,330455,RIO DE JANEIRO,2269724,SMS HOSPITAL MUNICIPAL NOSSA SENHORA DO LORETO AP 31,SMS RIO HOSPITAL MUNICIPAL NOSSA SENHORA DO LORETO AP 31,M,7,HOSPITAL ESPECIALIZADO,1031,HOSPITAL_PÚBLICO,RUA TAIFEIRO OSMAR DE MORAES,26,,GALEAO,21941455,(21)33931983/0610,hmnsloreto@gmail.com,36,36,0,0,0,0,0,0,0,0,0,0,0,0
202603,SUDESTE,RJ,330455,RIO DE JANEIRO,2269775,MS HOSPITAL DE IPANEMA,MS HOSPITAL DE IPANEMA,M,5,HOSPITAL GERAL,1015,HOSPITAL_PÚBLICO,RUA ANTONIO PARREIRAS,67,,IPANEMA,22411020,(21)31112318,hospitaldeipanema@hgi.rj.saude.gov.br,133,123,10,0,10,0,0,0,0,0,0,0,0,0
202603,SUDESTE,RJ,330455,RIO DE JANEIRO,2269783,UERJ HOSPITAL UNIV PEDRO ERNESTO,UERJ HUPE HOSPITAL UNIVERSITARIO PEDRO ERNESTO,E,5,HOSPITAL GERAL,1147,HOSPITAL_PÚBLICO,BOULEVARD 28 DE SETEMBRO,77,,VILA ISABEL,20551900,(21)2868-8000,faturamento.hupe@uerj.br,521,518,102,102,71,71,6,6,25,25,0,0,0,0
202603,SUDESTE,RJ,330455,RIO DE JANEIRO,2269821,MS INCA II HOSPITAL DO CANCER II,MS INCA II HOSPITAL DO CANCER II,M,7,HOSPITAL ESPECIALIZADO,1015,HOSPITAL_PÚBLICO,RUA DO EQUADOR,831,,SANTO CRISTO,20220410,(21)3207-2804,faturamento.hc2@inca.gov.br,83,83,6,6,6,6,0,0,0,0,0,0,0,0
202603,SUDESTE,RJ,330455,RIO DE JANEIRO,2269880,HOSPITAL GERAL DE BONSUCESSO RJ,GRUPO HOSPITALAR CONCEICAO SA,M,5,HOSPITAL GERAL,2011,HOSPITAL_PRIVADO,LONDRES,616,,BONSUCESSO,21041000,(21) 3977-9500,planejamento_hgb@hfb.saude.gov.br,373,334,54,37,17,17,11,8,12,12,0,0,14,0
202603,SUDESTE,RJ,330455,RIO DE JANEIRO,2269899,HOSPITAL MARIO KROEFF,FUNDACAO EDUCACIONAL SEVERINO SOMBRA,E,7,HOSPITAL ESPECIALIZADO,3069,HOSPITAL_FILANTRÓPICO,RUA MAGE,326,,PENHA CIRCULAR,21020130,(21) 21369657,faturamento@mariokroeff.org.br,70,60,10,0,10,0,0,0,0,0,0,0,0,0
202603,SUDESTE,RJ,330455,RIO DE JANEIRO,2269945,SMS HOSPITAL MATERNIDADE ALEXANDER FLEMING AP 33,SMS RIO HOSPITAL MATERNIDADE ALEXANDER FLEMING AP 33,M,7,HOSPITAL ESPECIALIZADO,1031,HOSPITAL_PÚBLICO,RUA JORGE SCHMIDT,331,,MARECHAL HERMES,21610645,24583343,direcaohmaf2021@gmail.com,90,90,10,10,0,0,0,0,10,10,0,0,0,0
202603,SUDESTE,RJ,330455,RIO DE JANEIRO,2269988,MS HSE HOSPITAL DOS SERVIDORES DO ESTADO,MINISTERIO DA SAUDE,M,5,HOSPITAL GERAL,1015,HOSPITAL_PÚBLICO,SACADURA CABRAL,178,2 ANDAR,CENTRO,20221160,,,394,377,43,26,27,10,8,8,8,8,0,0,0,0
202603,SUDESTE,RJ,330455,RIO DE JANEIRO,2269996,SMS IMAS JULIANO MOREIRA AP 40,SMS RIO IMAS JULIANO MOREIRA AP 40,M,7,HOSPITAL ESPECIALIZADO,1031,HOSPITAL_PÚBLICO,ESTRADA RODRIGUES CALDAS,3400,,JACAREPAGUA,22713375,(21)3432-2358,imasjulianomoreira.nig@gmail.com,1,1,0,0,0,0,0,0,0,0,0,0,0,0
202603,SUDESTE,RJ,330455,RIO DE JANEIRO,2270021,MATERNIDADE ESCOLA DA UFRJ,UFRJ MATERNIDADE ESCOLA,M,7,HOSPITAL ESPECIALIZADO,1104,HOSPITAL_PÚBLICO,RUA DAS LARANJEIRAS,180,,LARANJEIRAS,22240003,(21)22059064,matesc@me.ufrj.br,57,57,16,16,0,0,0,0,16,16,0,0,0,0
202603,SUDESTE,RJ,330455,RIO DE JANEIRO,2270056,SMS HOSPITAL MATERNIDADE PAULINO WERNECK AP 31,SMS RIO HOSPITAL MATERNIDADE PAULINO WERNECK AP 31,M,7,HOSPITAL ESPECIALIZADO,1031,HOSPITAL_PÚBLICO,ESTRADA DA CACUIA,745,,ILHA DO GOVERNADOR,21921001,(21)3512-9805,diretoria.hmpw@cejam.org.br,32,24,2,0,0,0,0,0,2,0,0,0,0,0
202603,SUDESTE,RJ,330455,RIO DE JANEIRO,2270161,SEAP CGSP RJ HOSPITAL DR HAMILTON AGOSTINHO VIEIRA CASTRO,SECRETARIA DE ESTADO DE ADMINISTRACAO PENITENCIARIA,E,20,PRONTO SOCORRO GERAL,1023,HOSPITAL_PÚBLICO,GEN EMILIO MOUREL FILHO,1100,,BANGU,21854010,,,64,64,0,0,0,0,0,0,0,0,0,0,0,0
202603,SUDESTE,RJ,330455,RIO DE JANEIRO,2270188,SEAP RJ CENTRO TRAT EM DEPENDENCIA QUIMICA ROBERTO MEDEIROS,SECRETARIA DE ESTADO DE ADMINISTRACAO PENITENCIARIA,E,7,HOSPITAL ESPECIALIZADO,1023,HOSPITAL_PÚBLICO,GEN EMILIO MOUREL FILHO,1100,,BANGU,21854010,,seaprm@seap.rj.gov.br,145,145,0,0,0,0,0,0,0,0,0,0,0,0
202603,SUDESTE,RJ,330455,RIO DE JANEIRO,2270196,SEAP CGSP RJ SANATORIO PENAL,SECRETARIA DE ESTADO DE ADMINISTRACAO PENITENCIARIA,E,5,HOSPITAL GERAL,1023,HOSPITAL_PÚBLICO,GUANDU DO SENA,1902,,BANGU,21810011,23324826,sanatoriopenal@gmail.com,112,109,0,0,0,0,0,0,0,0,0,0,0,0
202603,SUDESTE,RJ,330455,RIO DE JANEIRO,2270234,SES RJ HOSPITAL ESTADUAL GETULIO VARGAS,SECRETARIA DE ESTADO DE SAUDE SES,E,5,HOSPITAL GERAL,1023,HOSPITAL_PÚBLICO,LOBO JUNIOR,2293,,PENHA,21020124,,,282,255,64,37,56,37,8,0,0,0,0,0,0,0
202603,SUDESTE,RJ,330455,RIO DE JANEIRO,2270242,SMS HOSPITAL MUNICIPAL BARATA RIBEIRO AP 10,SMS RIO HOSPITAL MUNICIPAL BARATA RIBEIRO AP 10,M,7,HOSPITAL ESPECIALIZADO,1031,HOSPITAL_PÚBLICO,RUA VISCONDE DE NITEROI,1450,,MANGUEIRA,20943001,2122841812,hmbribeiro@rio.rj.gov.br,132,132,0,0,0,0,0,0,0,0,0,0,0,0
202603,SUDESTE,RJ,330455,RIO DE JANEIRO,2270269,SMS HOSPITAL MUNICIPAL MIGUEL COUTO AP 21,SMS RIO HOSPITAL MUNICIPAL MIGUEL COUTO AP 21,M,5,HOSPITAL GERAL,1031,HOSPITAL_PÚBLICO,MARIO RIBEIRO,117,,GAVEA,22430160,21 3111-3711,hmmcdrh@gmail.com,342,342,44,44,35,35,5,5,4,4,0,0,0,0
202603,SUDESTE,RJ,330455,RIO DE JANEIRO,2270390,SMS HOSPITAL MATERNIDADE HERCULANO PINHEIRO AP 33,SMS RIO HOSPITAL MATERNIDADE HERCULANO PINHEIRO AP 33,M,7,HOSPITAL ESPECIALIZADO,1031,HOSPITAL_PÚBLICO,AV MIN EDGARD ROMERO,276,,MADUREIRA,21360200,(21)2088-6124,maternidadeherculanopinheiro@gmail.com,62,53,4,4,0,0,0,0,4,4,0,0,0,0
202603,SUDESTE,RJ,330455,RIO DE JANEIRO,2270609,SMS HOSPITAL MUNICIPAL LOURENCO JORGE AP 40,SMS RIO HOSPITAL MUNICIPAL LOURENCO JORGE AP 40,M,5,HOSPITAL GERAL,1031,HOSPITAL_PÚBLICO,AV AYRTON SENNA,2000,,BARRA DA TIJUCA,22793000,21 3111-4612,hmljorge@rio.rj.gov.br,255,255,23,23,13,13,0,0,10,10,0,0,0,0
202603,SUDESTE,RJ,330455,RIO DE JANEIRO,2270617,INSTITUTO ESTADUAL DE DERMATOLOGIA SANITARIA,SECRETARIA DE ESTADO DE SAUDE SES,E,5,HOSPITAL GERAL,1023,HOSPITAL_PÚBLICO,RUA GODOFREDO VIANA,64,,TANQUE JACAREPAGUA,22730020,021 2333-6676,IEDS@SAUDE.RJ.GOV.BR,63,63,0,0,0,0,0,0,0,0,0,0,0,0
202603,SUDESTE,RJ,330455,RIO DE JANEIRO,2270668,UFRJ HOSP ESCOLA SAO FRANCISCO DE ASSIS,UNIVERSIDADE FEDERAL DO RIO DE JANEIRO,M,5,HOSPITAL GERAL,1104,HOSPITAL_PÚBLICO,PRESIDENTE VARGAS,2863,,CIDADE NOVA,20210030,,eduardoalexander12@hesfa.ufrj.br,1,0,0,0,0,0,0,0,0,0,0,0,0,0
202603,SUDESTE,RJ,330455,RIO DE JANEIRO,2270692,CBMERJ HOSP ARISTARCHO PESSOA HOSP DO CORPO DE BOMBEIROS,HOSPITAL DO CORPO DE BOMBEIROS DO ESTADO DO RJ,M,5,HOSPITAL GERAL,1023,HOSPITAL_PÚBLICO,PAULO DE FRONTIN,876,,RIO COMPRIDO,20261243,21994510951,hcapdivisaomedica@gmail.com,89,0,4,0,0,0,0,0,4,0,0,0,0,0
202603,SUDESTE,RJ,330455,RIO DE JANEIRO,2270714,SMS HOSPITAL MATERNIDADE FERNANDO MAGALHAES AP 10,SMS RIO HOSPITAL MATERNIDADE FERNANDO MAGALHAES AP 10,M,7,HOSPITAL ESPECIALIZADO,1031,HOSPITAL_PÚBLICO,GENERAL JOSE CRISTINO,87,,SAO CRISTOVAO,20921400,21 - 38781498,hmatfernandomagalhaes@gmail.com,158,158,18,18,0,0,0,0,18,18,0,0,0,0
202603,SUDESTE,RJ,330455,RIO DE JANEIRO,2270803,SES RJ I INST EST DIABET ENDOCRINOLOGIA IEDE,SECRETARIA DE ESTADO DE SAUDE SES,E,7,HOSPITAL ESPECIALIZADO,1023,HOSPITAL_PÚBLICO,RUA MONCORVO FILHO,90,,CENTRO,20211340,(21) 233271.54,diretor.iede@saude.rj.gov.br,23,23,0,0,0,0,0,0,0,0,0,0,0,0
202603,SUDESTE,RJ,330395,PINHEIRAL,2271141,HOSPITAL MUNICIPAL DE PINHEIRAL AURELINO GONCALVES BARBOSA,MUNICIPIO DE PINHEIRAL,M,5,HOSPITAL GERAL,1244,HOSPITAL_PÚBLICO,RUA FRANCISCO RIBEIRO DE ABREU,60,,CENTRO,27198360,(24) 3356 3490/3188,smspinheiral2017@outlook.com.br,43,43,0,0,0,0,0,0,0,0,0,0,0,0
202603,SUDESTE,RJ,330455,RIO DE JANEIRO,2271443,CASA DE SAUDE SAO JOSE,ASSOCIACAO CONGREGACAO DE SANTA CATARINA,M,5,HOSPITAL GERAL,3999,HOSPITAL_FILANTRÓPICO,RUA MACEDO SOBRINHO,21,,HUMAITA,22271080,21-25387600,monica.valente@redesc.org.br,217,0,50,0,30,0,0,0,10,0,0,0,10,0
202603,SUDESTE,RJ,330455,RIO DE JANEIRO,2271451,HOSPITAL BALBINO,HOSPITAL DR BALBINO LTDA,M,5,HOSPITAL GERAL,2062,HOSPITAL_PRIVADO,RUA ANGELICA MOTA,58,66 76 90 114,OLARIA,21021490,(21) 39772000,mcarneiro@hospitalbalbino.com.br,140,0,30,0,30,0,0,0,0,0,0,0,0,0
202603,SUDESTE,RJ,330340,NOVA FRIBURGO,2271826,HOSPITAL MATERNIDADE DOUTOR MARIO DUTRA DE CASTRO,MUNICIPIO DE NOVA FRIBURGO,M,7,HOSPITAL ESPECIALIZADO,1244,HOSPITAL_PÚBLICO,TRAVESSA ANTONIO FERNANDES MOREIRA,12,,CENTRO,28610410,22 2522-9245,hospitalmaternidadenf@hotmail.com,51,45,0,0,0,0,0,0,0,0,0,0,0,0
202603,SUDESTE,RJ,330410,PORCIUNCULA,2272210,UNIDADE DE ATENDIMENTO DR ANTONIO MONTEIRO,PREFEITURA MUNICIPAL DE PORCIUNCULA,M,5,HOSPITAL GERAL,1244,HOSPITAL_PÚBLICO,RUA SCHUWARTZ VIEIRA,154,,CENTRO,28390000,2238421172,saude@porciuncula.rj.gov.br,28,27,0,0,0,0,0,0,0,0,0,0,0,0
202603,SUDESTE,RJ,330120,CARMO,2272601,HOSPITAL NOSSA SENHORA DO CARMO,HOSPITAL NOSSA SENHORA DO CARMO,M,5,HOSPITAL GERAL,3999,HOSPITAL_FILANTRÓPICO,ALEXANDRE DE MELO,89,,CENTRO,28640000,2225371395,administracao@hospitalcarmo.com.br,41,39,0,0,0,0,0,0,0,0,0,0,0,0
202603,SUDESTE,RJ,330340,NOVA FRIBURGO,2272695,HOSPITAL SAO LUCAS,CASA DE SAUDE SAO LUCAS SA,M,5,HOSPITAL GERAL,2054,HOSPITAL_PRIVADO,AVENIDA ANTONIO MARIO DE AZEVEDO,715,,DUAS PEDRAS,28630310,22 25239955,admin@saolucasfriburgo.com.br,77,24,16,6,16,6,0,0,0,0,0,0,0,0
202603,SUDESTE,RJ,330340,NOVA FRIBURGO,2272784,HOSPITAL MUNICIPAL RAUL SERTA,MUNICIPIO DE NOVA FRIBURGO,M,5,HOSPITAL GERAL,1244,HOSPITAL_PÚBLICO,RUA GENERAL OSORIO,324,,CENTRO,28625630,22 2524-2300,hmrs@gigalink.com.br,287,280,29,22,29,22,0,0,0,0,0,0,0,0
202603,SUDESTE,RJ,330412,QUATIS,2273101,HOSPITAL SAO LUCAS,ASSOC DE PROT E ASSIST E MATERN E A INFANCIA DE QUATIS,M,5,HOSPITAL GERAL,3999,HOSPITAL_FILANTRÓPICO,AVENIDA AVELINO BASTISTA SOARES,297,,CENTRO,27410180,2433532823,,34,34,0,0,0,0,0,0,0,0,0,0,0,0
202603,SUDESTE,RJ,330455,RIO DE JANEIRO,2273187,SMS HOSPITAL MUNICIPAL ALVARO RAMOS AP 40,SMS RIO HOSPITAL MUNICIPAL ALVARO RAMOS AP 40,M,7,HOSPITAL ESPECIALIZADO,1031,HOSPITAL_PÚBLICO,RUA ADAUTO BOTELHO,0,,JACAREPAGUA,22713550,(21)33920008,hmaramos@rio.rj.gov.br,50,50,0,0,0,0,0,0,0,0,0,0,0,0
202603,SUDESTE,RJ,330455,RIO DE JANEIRO,2273209,SES RJ HOSPITAL ESTADUAL SANTA MARIA,SECRETARIA DE ESTADO DE SAUDE DO RIO DE JANEIRO,E,7,HOSPITAL ESPECIALIZADO,1023,HOSPITAL_PÚBLICO,ESTRADA DO RIO PEQUENO,656,TAQUARA,JACAREPAGUA,22723195,(21) 23336548,direcaogeral.hesm@gmail.com,73,73,0,0,0,0,0,0,0,0,0,0,0,0
202603,SUDESTE,RJ,330455,RIO DE JANEIRO,2273276,MS INST NACIONAL DE TRAUMATO ORTOPEDIA,MS INST NACIONAL DE TRAUMATO ORTOPEDIA,M,7,HOSPITAL ESPECIALIZADO,1015,HOSPITAL_PÚBLICO,AVENIDA BRASIL,500,,SAO CRISTOVAO,20940070,(21)21345482,into@into.saude.gov.br,321,320,10,9,10,9,0,0,0,0,0,0,0,0
202603,SUDESTE,RJ,330455,RIO DE JANEIRO,2273349,SMS HOSPITAL MUNICIPAL RAPHAEL DE PAULA SOUZA AP 40,SMS RIO HOSPITAL MUNICIPAL RAPHAEL DE PAUL A SOUZA AP 40,M,5,HOSPITAL GERAL,1031,HOSPITAL_PÚBLICO,ESTRADA DE CURICICA,2000,CURICICA,JACAREPAGUA,22740000,2134136433,smsdirecaogeralhmrps@gmail.com,84,69,0,0,0,0,0,0,0,0,0,0,0,0
202603,SUDESTE,RJ,330455,RIO DE JANEIRO,2273357,HOSPITAL ADVENTISTA SILVESTRE,INSTITUICAO ADVENTISTA ESTE BRAS DE PREV E ASS A SAUDE,E,5,HOSPITAL GERAL,3999,HOSPITAL_FILANTRÓPICO,DOS GUARARAPES,263,,COSME VELHO,22241220,2130343000,crc.has@hasilvestre.org.br,45,11,20,5,20,5,0,0,0,0,0,0,0,0
202603,SUDESTE,RJ,330455,RIO DE JANEIRO,2273365,SES RJ INSTITUTO ESTADUAL DE INFECTOLOGIA SAO SEBASTIAO,SECRETARIA DE ESTADO DE SAUDE DO RIO DE JANEIRO,E,5,HOSPITAL GERAL,1023,HOSPITAL_PÚBLICO,RUA SACADURA CABRAL,178,ANEXO IV 4 ANDAR,SAUDE,20221161,2332-7165,diretoriaieiss@gmail.com,25,9,16,0,16,0,0,0,0,0,0,0,0,0
202603,SUDESTE,RJ,330455,RIO DE JANEIRO,2273381,SMS HOSPITAL MUNICIPAL JURANDYR MANFREDINI AP 40,SMS RIO HOSPITAL MUNICIPAL JURANDYR MANFREDINI AP 40,M,7,HOSPITAL ESPECIALIZADO,1031,HOSPITAL_PÚBLICO,RUA SAMPAIO CORREIA,S/N,,JACAREPAGUA,22713560,(21) 3432-2246,hmjmanfredini@pcrj.rj.gov.br,1,1,0,0,0,0,0,0,0,0,0,0,0,0
202603,SUDESTE,RJ,330455,RIO DE JANEIRO,2273411,SES RJ HOSPITAL ESTADUAL CARLOS CHAGAS,SECRETARIA DE ESTADO DE SAUDE DO RIO DE JANEIRO,E,5,HOSPITAL GERAL,1023,HOSPITAL_PÚBLICO,AVENIDA GENERAL OSVALDO CORDEIRO DE FARIAS,466,,MARECHAL HERMES,21610480,(21)23321127,hecc.adm@gmail.com,196,190,36,30,36,30,0,0,0,0,0,0,0,0
202603,SUDESTE,RJ,330455,RIO DE JANEIRO,2273438,HOSPITAL CENTRAL DA POLICIA MILITAR DO ESTADO DO RIO DE JANE,HOSPITAL CENTRAL DA POLICIA MILITAR DO ESTADO DO RIO DE JANE,M,5,HOSPITAL GERAL,1023,HOSPITAL_PÚBLICO,ESTACIO DE SA,20,,ESTACIO,20211270,,,175,0,5,0,0,0,0,0,5,0,0,0,0,0
202603,SUDESTE,RJ,330455,RIO DE JANEIRO,2273454,MS INCA HOSPITAL DO CANCER I,MS INCA HC I HOSPITAL DO CANCER I,M,7,HOSPITAL ESPECIALIZADO,1015,HOSPITAL_PÚBLICO,PRACA CRUZ VERMELHA,23,,CENTRO,20230130,(21)32071000,cnes.hc1@inca.gov.br,210,210,16,16,10,10,6,6,0,0,0,0,0,0
202603,SUDESTE,RJ,330455,RIO DE JANEIRO,2273462,MS INCA HOSPITAL DO CANCER III,MS INCA HCIII HOSPITAL DE CANCER III,M,7,HOSPITAL ESPECIALIZADO,1015,HOSPITAL_PÚBLICO,RUA VISCONDE DE SANTA ISABEL,274,,VILA ISABEL,20560120,(21)32073912,direcao.hc3@inca.gov.br,52,52,0,0,0,0,0,0,0,0,0,0,0,0
202603,SUDESTE,RJ,330455,RIO DE JANEIRO,2273489,SMS HOSPITAL MUNICIPAL ROCHA MAIA AP 21,SMS RIO HOSPITAL MUNICIPAL ROCHA MAIA AP 21,M,5,HOSPITAL GERAL,1031,HOSPITAL_PÚBLICO,GENERAL SEVERIANO,91,,BOTAFOGO,22290040,21-22952295,hospitalmunicipalrochamaia@gmail.com,27,27,0,0,0,0,0,0,0,0,0,0,0,0
202603,SUDESTE,RJ,330455,RIO DE JANEIRO,2273497,FUNDACAO BELA LOPES DE OLIVEIRA,FUNDACAO BELA LOPES DE OLIVEIRA,M,5,HOSPITAL GERAL,3069,HOSPITAL_FILANTRÓPICO,RUA BARAO DE LUCENA,95,,BOTAFOGO,22260020,3216-8000,assuntos.regulatorios@hospitalcasa.com.br,70,0,28,0,28,0,0,0,0,0,0,0,0,0
202603,SUDESTE,RJ,330455,RIO DE JANEIRO,2273519,HOSPITAL EVANGELICO,ASSOCIACAO DO HOSPITAL EVANGELICO DO RIO,M,5,HOSPITAL GERAL,3999,HOSPITAL_FILANTRÓPICO,RUA BOM PASTOR,295,,TIJUCA,20521060,2121592300,assuntos.regulatorios@hospitalcasa.com.br,130,0,58,0,48,0,0,0,10,0,0,0,0,0
202603,SUDESTE,RJ,330455,RIO DE JANEIRO,2273659,MS HOSPITAL FEDERAL DA LAGOA,MS HOSPITAL FEDERAL DA LAGOA,M,5,HOSPITAL GERAL,1015,HOSPITAL_PÚBLICO,RUA JARDIM BOTANICO,501,,JARDIM BOTANICO,22470050,31115108,dirhgl@nerj.rj.saude.gov.br,248,245,28,25,18,18,10,7,0,0,0,0,0,0
202603,SUDESTE,RJ,330620,VASSOURAS,2273748,HUV HOSPITAL UNIVERSITARIO DE VASSOURAS,FUNDACAO EDUCACIONAL SEVERINO SOMBRA,M,5,HOSPITAL GERAL,3069,HOSPITAL_FILANTRÓPICO,VICENTE CELESTINO,201,,MADRUGA,27700000,24 24718200,ger.contabilidade@uss.br,319,305,54,40,44,30,0,0,10,10,0,0,0,0
202603,SUDESTE,RJ,330620,VASSOURAS,2273756,HOSPITAL EUFRASIA TEIXEIRA LEITE,IRMANDADE DE SANTA CASA DE MISERICORDIA DA C VASSOURAS,M,5,HOSPITAL GERAL,3999,HOSPITAL_FILANTRÓPICO,PRC PROVEDOR FELIX MACHADO,110,,MADRUGA,27700000,2424718922,santacasa.vass@uol.com.br,127,87,10,5,10,5,0,0,0,0,0,0,0,0
202603,SUDESTE,RJ,330560,SILVA JARDIM,2274108,POLICLINICA MUNICIPAL AGUINALDO MORAES,MUNICIPIO DE SILVA JARDIM,M,5,HOSPITAL GERAL,1244,HOSPITAL_PÚBLICO,OITO DE MAIO,534,,CENTRO,28820000,,,40,40,0,0,0,0,0,0,0,0,0,0,0,0
202603,SUDESTE,RJ,330550,SAQUAREMA,2274299,HOSPITAL MUNICIPAL PORPHIRIO NUNES DE AZEREDO,SECRETARIA MUNICIPAL DE SAUDE DE SAQUAREMA,M,5,HOSPITAL GERAL,1244,HOSPITAL_PÚBLICO,RUA ADOLFO BRAVO,S/N,,BACAXA,28994699,(22)26533123,,77,71,6,0,6,0,0,0,0,0,0,0,0,0
202603,SUDESTE,RJ,330540,SAPUCAIA,2274310,HOSPITAL MUNICIPAL DE SAPUCAIA,MUNICIPIO DE SAPUCAIA,M,5,HOSPITAL GERAL,1244,HOSPITAL_PÚBLICO,RUA CORONEL MARCONDES,S/N,,CENTRO,25880000,24 2040-7501,,18,18,0,0,0,0,0,0,0,0,0,0,0,0
202603,SUDESTE,RJ,330510,SAO JOAO DE MERITI,2274558,CASA DE SAUDE E MATERNIDADE MENINO JESUS,CASA DE SAUDE E MATERNIDADE SAO FRANCISCO DE PAULA LTDA,M,5,HOSPITAL GERAL,2062,HOSPITAL_PRIVADO,RUA DOS EXPEDICIONARIOS,148,,CENTRO,25520591,(21)2756-1552,CNESBR@GMAIL.COM,79,0,0,0,0,0,0,0,0,0,0,0,0,0
202603,SUDESTE,RJ,330470,SANTO ANTONIO DE PADUA,2275228,CASA DE SAUDE SANTA MONICA,CASA DE SAUDE E MATERNIDADE SANTA MONICA LTDA,M,5,HOSPITAL GERAL,2062,HOSPITAL_PRIVADO,RUA PREF ALBERTO VAZ,72,,CENTRO,28470000,2238549150,financeirosantamonica.padua@gmail.com,55,1,4,0,4,0,0,0,0,0,0,0,0,0
202603,SUDESTE,RJ,330470,SANTO ANTONIO DE PADUA,2275244,CASA DE SAUDE PIO XII,CASA DE SAUDE PIO XII LTDA,M,5,HOSPITAL GERAL,2062,HOSPITAL_PRIVADO,AV DR THEMISTOCLES DE ALMEIDA,411,,CENTRO,28470000,2238510155,pioxii@paduaonline.com.br,46,1,4,0,4,0,0,0,0,0,0,0,0,0
202603,SUDESTE,RJ,330390,PETROPOLIS,2275562,HOSPITAL ALCIDES CARNEIRO,MUNICIPIO DE PETROPOLIS,M,5,HOSPITAL GERAL,1244,HOSPITAL_PÚBLICO,RUA VIGARIO CORREA,1345,,CORREAS,25720320,2236-6600,direcaotecnica@alcidescarneiro.com,280,264,33,20,20,10,3,0,10,10,0,0,0,0
202603,SUDESTE,RJ,330390,PETROPOLIS,2275589,HOSPITAL MUNICIPAL DR NELSON DE SA EARP,MUNICIPIO DE PETROPOLIS,M,5,HOSPITAL GERAL,1244,HOSPITAL_PÚBLICO,RUA PAULINO AFONSO,455,,CENTRO,25680000,(24)22374062,ssahmnse03@petropolis.rj.gov.br,80,72,0,0,0,0,0,0,0,0,0,0,0,0
202603,SUDESTE,RJ,330390,PETROPOLIS,2275619,HOSPITAL CLINICO DE CORREAS H C C,HOSPITAL CLINICO DE CORREAS LTDA,M,5,HOSPITAL GERAL,2062,HOSPITAL_PRIVADO,ESTRADA UNIAO E INDUSTRIA,2501,,CORREAS,25720062,(24)22212011,sanacorr@compuland.com.br,205,175,40,10,40,10,0,0,0,0,0,0,0,0
202603,SUDESTE,RJ,330390,PETROPOLIS,2275627,CLINICA VISTA ALEGRE,SANATORIO OSWALDO CRUZ LTDA,M,5,HOSPITAL GERAL,2062,HOSPITAL_PRIVADO,RUA RODOLPHO FIGUEIRA DE MELLO,06,,CORREAS,25720340,(24)2221-9404,admsochospital@gmail.com,420,143,0,0,0,0,0,0,0,0,0,0,0,0
202603,SUDESTE,RJ,330390,PETROPOLIS,2275635,HOSPITAL SANTA TERESA,ASSOCIACAO CONGREGACAO DE SANTA CATARINA,M,5,HOSPITAL GERAL,3999,HOSPITAL_FILANTRÓPICO,RUA PAULINO AFONSO,477,,CENTRO,25684900,24 98228239,cnes@redesc.org.br,162,64,47,23,37,23,3,0,7,0,0,0,0,0
202603,SUDESTE,RJ,330370,PARAIBA DO SUL,2276186,HOSPITAL NOSSA SENHORA DA PIEDADE,IRMANDADE NOSSA SENHORA DA PIEDADE,M,5,HOSPITAL GERAL,3999,HOSPITAL_FILANTRÓPICO,AV PROVEDOR RANDOLFO PENNA JUNIOR,320,,CENTRO,25850000,(24)22631166,,59,55,0,0,0,0,0,0,0,0,0,0,0,0
202603,SUDESTE,RJ,330310,NATIVIDADE,2276267,HOSPITAL NATIVIDADE,CAIXA DOS POBRES DE NATIVIDADE,M,5,HOSPITAL GERAL,3999,HOSPITAL_FILANTRÓPICO,AV MAURO ALVES RIBEIRO JUNIOR,1044,,BALNEARIO,28380000,2238419900,HNADM@HOTMAIL.COM,40,31,0,0,0,0,0,0,0,0,0,0,0,0
202603,SUDESTE,RJ,330180,ENGENHEIRO PAULO DE FRONTIN,2277174,HOSPITAL NELSON SALLES,IRMANDADE DOS POBRES DE ENGENHEIRO PAULO DE FRONTIN,M,5,HOSPITAL GERAL,3999,HOSPITAL_FILANTRÓPICO,ARLINDO NUNES,28,,CENTRO,26650000,0244 631359,,45,45,0,0,0,0,0,0,0,0,0,0,0,0
202603,SUDESTE,RJ,330455,RIO DE JANEIRO,2277301,SMS CMS MANOEL ARTHUR VILLABOIM AP 10,SMS RIO CMS MANOEL ARTHUR VILLABOIM AP 10,M,15,UNIDADE MISTA,1031,HOSPITAL_PÚBLICO,PRACA BOM JESUS,40,,PAQUETA,20397140,02133970123,uismavillaboim.cap10@gmail.com,8,8,0,0,0,0,0,0,0,0,0,0,0,0
202603,SUDESTE,RJ,330170,DUQUE DE CAXIAS,2277581,POSTO MEDICO SANITARIO DE XEREM,MUNICIPIO DE DUQUE DE CAXIAS,M,20,PRONTO SOCORRO GERAL,1244,HOSPITAL_PÚBLICO,AV NOBREGA RIBEIRO,S/N,,VILA NOSSA SENHORA D,25250050,2136538372,,24,24,0,0,0,0,0,0,0,0,0,0,0,0
202603,SUDESTE,RJ,330170,DUQUE DE CAXIAS,2277611,POSTO MEDICO SANITARIO DE IMBARIE,MUNICIPIO DE DUQUE DE CAXIAS,M,20,PRONTO SOCORRO GERAL,1244,HOSPITAL_PÚBLICO,RUA SANTA CATARINA,S/N,,IMBARIE,25271010,2126780014,imbarie.uph@gmail.com,9,9,0,0,0,0,0,0,0,0,0,0,0,0
202603,SUDESTE,RJ,330170,DUQUE DE CAXIAS,2277662,POSTO MEDICO SANITARIO DE CAMPOS ELISEOS,MUNICIPIO DE DUQUE DE CAXIAS,M,20,PRONTO SOCORRO GERAL,1244,HOSPITAL_PÚBLICO,RUA AQUITURA,333,,CAMPOS ELISEOS,25225210,2127763633,uphce.camposelisios.rh@gmail.com,10,10,0,0,0,0,0,0,0,0,0,0,0,0
202603,SUDESTE,RJ,330170,DUQUE DE CAXIAS,2277700,CRAIS SARACURUNA,MUNICIPIO DE DUQUE DE CAXIAS,M,20,PRONTO SOCORRO GERAL,1244,HOSPITAL_PÚBLICO,AV PRESIDENTE ROOSEVELT,S/N,,SARACURUNA,25215450,2126505250,,20,20,0,0,0,0,0,0,0,0,0,0,0,0
202603,SUDESTE,RJ,330170,DUQUE DE CAXIAS,2277719,POSTO MEDICO SANITARIO PARQUE EQUITATIVA,MUNICIPIO DE DUQUE DE CAXIAS,M,20,PRONTO SOCORRO GERAL,1244,HOSPITAL_PÚBLICO,AV AUTOMOVEL CLUBE,S/N,,PQ EQUITATIVA,25260000,2126791607,,15,15,0,0,0,0,0,0,0,0,0,0,0,0
202603,SUDESTE,RJ,330170,DUQUE DE CAXIAS,2277743,POSTO MEDICO SANITARIO DO PILAR,MUNICIPIO DE DUQUE DE CAXIAS,M,20,PRONTO SOCORRO GERAL,1244,HOSPITAL_PÚBLICO,RUA CARLOS ALVEAR,S/N,,PILAR,25235000,2127763180,,22,22,0,0,0,0,0,0,0,0,0,0,0,0
202603,SUDESTE,RJ,330170,DUQUE DE CAXIAS,2277751,HOSPITAL INFANTIL ISMELIA SILVEIRA,MUNICIPIO DE DUQUE DE CAXIAS,M,7,HOSPITAL ESPECIALIZADO,1244,HOSPITAL_PÚBLICO,RUA DA REPUBLICA,S/N,,CENTRO,25011090,(31)27712808,,62,55,7,0,0,0,7,0,0,0,0,0,0,0
202603,SUDESTE,RJ,330070,CABO FRIO,2278138,HOSPITAL MUNICIPAL OTIME CARDOSO DOS SANTOS,SECRETARIA MUNICIPAL DE SAUDE DE CABO FRIO,M,5,HOSPITAL GERAL,1031,HOSPITAL_PÚBLICO,EST VELHA DE BUZIOS,S/N,,JD ESPERANCA,28922270,(24)26299257,,60,60,0,0,0,0,0,0,0,0,0,0,0,0
202603,SUDESTE,RJ,330070,CABO FRIO,2278170,HOSPITAL SANTA HELENA,HOSPITAL SANTA HELENA,M,5,HOSPITAL GERAL,3999,HOSPITAL_FILANTRÓPICO,PRACA TIRADENTES,143,,CENTRO,28906290,(22)3199-1010,,71,0,9,0,9,0,0,0,0,0,0,0,0,0
202603,SUDESTE,RJ,330070,CABO FRIO,2278286,HOSPITAL SANTA IZABEL,IRMANDADE DE SANTA IZABEL DE CABO FRIO,M,5,HOSPITAL GERAL,3999,HOSPITAL_FILANTRÓPICO,BARAO DO RIO BRANCO,72,,PRIMEIRO,28906170,,,70,45,5,5,5,5,0,0,0,0,0,0,0,0
202603,SUDESTE,RJ,330250,MAGE,2278324,HOSPITAL MATERNO INFANTIL DE PIABETA VEREADOR HUGO BRAGA,MUNICIPIO DE MAGE,M,7,HOSPITAL ESPECIALIZADO,1244,HOSPITAL_PÚBLICO,AVENIDA SANTOS DUMONT,285,,PIABETA INHOMIRIM,25931758,(21)2739-1289,,57,57,0,0,0,0,0,0,0,0,0,0,0,0
202603,SUDESTE,RJ,330250,MAGE,2278332,HOSPITAL MUNICIPAL DE MAGE,MUNICIPIO DE MAGE,M,5,HOSPITAL GERAL,1244,HOSPITAL_PÚBLICO,RUA PIO XII,81,,FIGUEIRA,25903587,(21)26332358,,76,62,9,0,9,0,0,0,0,0,0,0,0,0
202603,SUDESTE,RJ,330250,MAGE,2278677,HOSPITAL MUNICIPAL DE FRAGOSO GENARINO COZZOLINO,MUNICIPIO DE MAGE,M,20,PRONTO SOCORRO GERAL,1244,HOSPITAL_PÚBLICO,AV AUTOMOVEL CLUB,S/N,KM 60,FRAGOSO,25935510,(21)26593236,,10,10,0,0,0,0,0,0,0,0,0,0,0,0
202603,SUDESTE,RJ,330250,MAGE,2278731,HOSPITAL DE MAUA DR MARIO PINHEIRO,MUNICIPIO DE MAGE,M,20,PRONTO SOCORRO GERAL,1244,HOSPITAL_PÚBLICO,ESTRADA REAL DE MAUA,S/N,,PRAIA DA ESPERANCA,25926586,(21)6150025,,10,10,0,0,0,0,0,0,0,0,0,0,0,0
202603,SUDESTE,RJ,330220,ITAPERUNA,2278855,HOSPITAL SAO JOSE DO AVAI,CONFERENCIA SAO JOSE DO AVAI,M,5,HOSPITAL GERAL,3999,HOSPITAL_FILANTRÓPICO,RUA CORONEL LUIZ FERRAZ,397,,CENTRO,28300000,(22)38249200,hsja@hsja.com.br,310,202,102,69,78,57,8,4,16,8,0,0,0,0
202603,SUDESTE,RJ,330220,ITAPERUNA,2278901,CLINICA SAO CAMILO DE LELIS LTDA,CLINICA SAO CAMILO DE LELIS LTDA,M,5,HOSPITAL GERAL,2062,HOSPITAL_PRIVADO,AVENIDA CARDOSO MOREIRA,897,,CENTRO,28300000,(22)38267020,csaocamilo@uol.com.br,8,0,8,0,8,0,0,0,0,0,0,0,0,0
202603,SUDESTE,RJ,330360,PARACAMBI,2279355,HOSPITAL MUNICIPAL DR ADALBERTO DA GRACA,MUNICIPIO DE PARACAMBI,M,5,HOSPITAL GERAL,1244,HOSPITAL_PÚBLICO,AV JONAS LEAL,17,,LAGES,26600000,(21)26832128,,42,42,0,0,0,0,0,0,0,0,0,0,0,0
202603,SUDESTE,RJ,330360,PARACAMBI,2279525,CASA DE SAUDE PARACAMBI,CASA DE SAUDE NOSSA SENHORA APARECIDA DE PARACAMBI LTDA,M,5,HOSPITAL GERAL,2062,HOSPITAL_PRIVADO,RUA DOUTOR NILO PECANHA,540,PREDIO,CENTRO,26600000,(21)26839200,csparacambi@ig.com.br,20,2,0,0,0,0,0,0,0,0,0,0,0,0
202603,SUDESTE,RJ,330040,BARRA MANSA,2280051,SANTA CASA DE MISERICORDIA DE BARRA MANSA,SANTA CASA DE MISERICORDIA DE BARRA MANSA,M,5,HOSPITAL GERAL,3999,HOSPITAL_FILANTRÓPICO,RUA PINTO RIBEIRO,205,,CENTRO,27310420,(24)33235282,,240,163,35,18,18,18,7,0,10,0,0,0,0,0
202603,SUDESTE,RJ,330455,RIO DE JANEIRO,2280132,MS INC INSTITUTO NACIONAL DE CARDIOLOGIA,MS INC INSTITUTO NACIONAL DE CARDIOLOGIA,M,7,HOSPITAL ESPECIALIZADO,1015,HOSPITAL_PÚBLICO,RUA DAS LARANJEIRAS,374,2 ANDAR,LARANJEIRAS,22240006,(21)30372152,,162,121,61,20,35,10,10,0,5,3,0,0,11,7
202603,SUDESTE,RJ,330455,RIO DE JANEIRO,2280167,HOSPITAL UNIVERSITARIO CLEMENTINO FRAGA FILHO,HOSPITAL UNIVERSITARIO CLEMENTINO FRAGA FILHO,M,5,HOSPITAL GERAL,1104,HOSPITAL_PÚBLICO,RUA PROFESSOR RODOLPHO PAULO ROCCO,255,CIDADE UNIVERSITARIA,ILHA DO FUNDAO,21941590,(21)39382789,diretor@hucff.ufrj.br,315,310,40,35,40,35,0,0,0,0,0,0,0,0
202603,SUDESTE,RJ,330455,RIO DE JANEIRO,2280183,SMS HOSPITAL MUNICIPAL SOUZA AGUIAR AP 10,SMS RIO HOSPITAL MUNICIPAL SOUZA AGUIAR AP 10,M,5,HOSPITAL GERAL,1031,HOSPITAL_PÚBLICO,PRACA DA REPUBLICA,111,,CENTRO,20211350,,,328,328,27,27,21,21,0,0,0,0,6,6,0,0
202603,SUDESTE,RJ,330455,RIO DE JANEIRO,2280248,SMS HOSPITAL MATERNIDADE CARMELA DUTRA AP 32,SMS RIO HOSPITAL MATERNIDADE CARMELA DUTRA AP 32,M,7,HOSPITAL ESPECIALIZADO,1031,HOSPITAL_PÚBLICO,RUA AQUIDABA,1037,,LINS DE VASCONCELOS,20720292,(21) 31116766,hmatcdutra@rio.rj.gov.br,120,120,14,14,0,0,0,0,14,14,0,0,0,0
202603,SUDESTE,RJ,330130,CASIMIRO DE ABREU,2280396,HOSPITAL MUNICIPAL ANGELA MARIA SIMOES MENEZES,HOSPITAL MUNICIPAL ANGELA MARIA SIMOES MENEZES,M,5,HOSPITAL GERAL,1244,HOSPITAL_PÚBLICO,RUA PASTOR LUIZ LAURENTINO,1292,,SANTA ELY,28860000,2227784440,faturamento.hmca@gmail.com,60,55,5,0,5,0,0,0,0,0,0,0,0,0
202603,SUDESTE,RJ,330520,SAO PEDRO DA ALDEIA,2280477,HOSPITAL E MATERNIDADE DA ALDEIA,MISSAO DE SAO PEDRO,M,5,HOSPITAL GERAL,3999,HOSPITAL_FILANTRÓPICO,AVENIDA GETULIO VARGAS,290,CASA,CENTRO,28941122,22 2621 1063,missaodesaopedro@ig.com.br,49,33,0,0,0,0,0,0,0,0,0,0,0,0
202603,SUDESTE,RJ,330520,SAO PEDRO DA ALDEIA,2280582,HOSPITAL MUNICIPAL DR JOSE SEVE NETO,SECRETARIA MUNICIPAL DE SAUDE DE SAO PEDRO DA ALDEIA,M,5,HOSPITAL GERAL,1031,HOSPITAL_PÚBLICO,RUA EPAMINONDAS PEREIRA NUNES,01,,NOVA SAO PEDRO,28941140,22 2621 2623,faturamento.psmjsn@iagp.org.br,29,29,0,0,0,0,0,0,0,0,0,0,0,0
202603,SUDESTE,RJ,330455,RIO DE JANEIRO,2280728,SMS INSTITUTO NISE DA SILVEIRA AP 32,SMS RIO INSTITUTO MUNICIPAL NISE DA SILVEIRA AP 32,M,7,HOSPITAL ESPECIALIZADO,1031,HOSPITAL_PÚBLICO,RAMIRO MAGALHAES,521,,ENGENHO DE DENTRO,20730460,21 31117426,imnisedasilveira@gmail.com,4,4,0,0,0,0,0,0,0,0,0,0,0,0
202603,SUDESTE,RJ,330010,ANGRA DOS REIS,2280868,HOSPITAL MATERNIDADE DE ANGRA DOS REIS HMAR,HOSPITAL MATERNIDADE DE ANGRA DOS REIS HMAR,M,5,HOSPITAL GERAL,1031,HOSPITAL_PÚBLICO,RUA DR COUTINHO,84,,CENTRO,23900620,2433654687,DIRECAOMEDICA.HMAR@IDEAISRJ.ORG.BR,77,69,17,9,5,5,0,0,12,4,0,0,0,0
202603,SUDESTE,RJ,330010,ANGRA DOS REIS,2281287,HOSPITAL UNIMED VOLTA REDONDA UNIDADE LITORAL SUL,HOSPITAL LITORAL SUL LTDA,M,5,HOSPITAL GERAL,2062,HOSPITAL_PRIVADO,RUA MILTON BASILIO PEREIRA,367,,PARQUE DAS PALMEIRAS,23906455,24 3364-2614,,24,0,0,0,0,0,0,0,0,0,0,0,0,0
202603,SUDESTE,RJ,330010,ANGRA DOS REIS,2281384,HOSPITAL DE PRAIA BRAVA,FUNDACAO ELETRONUCLEAR DE ASSISTENCIA MEDICA,M,5,HOSPITAL GERAL,3069,HOSPITAL_FILANTRÓPICO,RUA OITO,S/N,,PRAIA BRAVA,23950080,2433621272,feam@feam-etn.org.br,44,27,8,3,8,3,0,0,0,0,0,0,0,0
202603,SUDESTE,RJ,330227,JAPERI,2281554,HMJ HOSPITAL MUNICIPAL DE JAPERI,MUNICIPIO DE JAPERI,M,5,HOSPITAL GERAL,1244,HOSPITAL_PÚBLICO,ESTRADA ARY SCHIAVO,S/N,,SANTA INES,26440115,2126645878,policlinica@gmail.com,34,30,0,0,0,0,0,0,0,0,0,0,0,0
202603,SUDESTE,RJ,330050,BOM JARDIM,2282801,HOSPITAL DR CELSO ERTHAL,SANTA CASA DE BOM JARDIM,M,5,HOSPITAL GERAL,3999,HOSPITAL_FILANTRÓPICO,RUA JOAO FIGUEIRA RODRIGUES,36,,CENTRO,28660000,(22)25662140,,67,62,0,0,0,0,0,0,0,0,0,0,0,0
202603,SUDESTE,RJ,330290,MIGUEL PEREIRA,2283239,HOSPITAL MUNICIPAL LUIZ GONZAGA,SECRETARIA MUNICIPAL DE SAUDE DE MIGUEL PEREIRA,M,5,HOSPITAL GERAL,1244,HOSPITAL_PÚBLICO,RUA ADELAIDE BADENES,400,,CENTRO,26900000,(24)21050222,secretariaadm.hmlg@ibdap.org.br,81,71,10,0,10,0,0,0,0,0,0,0,0,0
202603,SUDESTE,RJ,330480,SAO FIDELIS,2283328,HOSPITAL ARMANDO VIDAL,ASSOCIACAO HOSPITALAR ARMANDO VIDAL,M,5,HOSPITAL GERAL,3999,HOSPITAL_FILANTRÓPICO,PRACA SAO FIDELIS,79,,CENTRO,28400000,(22)27581060,administracao@ahav.com.br,139,128,19,17,19,17,0,0,0,0,0,0,0,0
202603,SUDESTE,RJ,330070,CABO FRIO,2283395,HOSPITAL SAO JOSE OPERARIO,SECRETARIA MUNICIPAL DE SAUDE DE CABO FRIO,M,5,HOSPITAL GERAL,1031,HOSPITAL_PÚBLICO,RUA GOVERNADOR VALADARES,22,,SAO CRISTOVAO,28909010,(22)26452626,,73,73,0,0,0,0,0,0,0,0,0,0,0,0
202603,SUDESTE,RJ,330575,TANGUA,2283735,HOSPITAL MUNICIPAL DERMEVAL GARCIA DE FREITAS,SECRETARIA MUNICIPAL DE SAUDE DE TANGUA,M,5,HOSPITAL GERAL,1244,HOSPITAL_PÚBLICO,RUA PRIMEIRO DE MAIO,35,,CENTRO,24890000,21 27472301,admpoliclinicatangua@gmail.com,14,14,0,0,0,0,0,0,0,0,0,0,0,0
202603,SUDESTE,RJ,330090,CAMBUCI,2283794,HOSPITAL MUNICIPAL MOACYR GOMES DE AZEVEDO,SECRETARIA MUNICIPAL DE SAUDE DE CAMBUCI,M,5,HOSPITAL GERAL,1244,HOSPITAL_PÚBLICO,RUA SETE DE SETEMBRO,06,,CENTRO,28430000,2227675001,,48,39,4,4,4,4,0,0,0,0,0,0,0,0
202603,SUDESTE,RJ,330285,MESQUITA,2283832,HOSPITAL DAS CLINICAS DE JUCELINO,HOSPITAL DAS CLINICAS DE JUSCELINO LTDA,M,5,HOSPITAL GERAL,2062,HOSPITAL_PRIVADO,GERVASIO,6,,CENTRO,26550020,21 37731453,,76,0,0,0,0,0,0,0,0,0,0,0,0,0
202603,SUDESTE,RJ,330200,ITAGUAI,2284634,HOSPITAL MUNICIPAL SAO FRANCISCO XAVIER,MUNICIPIO DE ITAGUAI,M,5,HOSPITAL GERAL,1244,HOSPITAL_PÚBLICO,RUA GENERAL BOCAIUVA,16,,CENTRO,23815310,(21)26887844,sms.saude@itaguai.rj.gov.br,109,109,10,10,10,10,0,0,0,0,0,0,0,0
202603,SUDESTE,RJ,330020,ARARUAMA,2285150,HOSPITAL MUNICIPAL PREFEITO ARMANDO DA SILVA CARVALHO,SECRETARIA MUNICIPAL DE SAUDE DE ARARUAMA,M,5,HOSPITAL GERAL,1031,HOSPITAL_PÚBLICO,RUA DR JOAO FLORENCIO SOBRINHO,S/N,,SAO VICENTE DE PAULO,28988892,(22)26661238,,18,18,0,0,0,0,0,0,0,0,0,0,0,0
202603,SUDESTE,RJ,330300,MIRACEMA,2285932,HOSPITAL DE MIRACEMA,HOSPITAL DE MIRACEMA,M,5,HOSPITAL GERAL,3999,HOSPITAL_FILANTRÓPICO,RUA JOSE MONTEIRO DE BARROS,500,,HOSPITAL,28460000,08003662000,hospitaldemiracema@gmail.com,58,35,10,6,10,6,0,0,0,0,0,0,0,0
202603,SUDESTE,RJ,330022,AREAL,2285975,HOSPITAL MUNICIPAL NOSSA SENHORA DAS DORES,HOSPITAL MUNICIPAL NOSSA SENHORA DAS DORES,M,5,HOSPITAL GERAL,1244,HOSPITAL_PÚBLICO,AV PRES VARGAS,250,,CENTRO,25845000,(24)22579702,hmnsdareal@gmail.com,20,20,0,0,0,0,0,0,0,0,0,0,0,0
202603,SUDESTE,RJ,330500,SAO JOAO DA BARRA,2286289,SANTA CASA DE MISERICORDIA DE SAO JOAO DA BARRA,SANTA CASA DE MISERICORDIA DE SAO JOAO DA BARRA,M,5,HOSPITAL GERAL,3999,HOSPITAL_FILANTRÓPICO,JOAO FRANCISCO DE ALMEIDA,260,,CENTRO,28200000,22 27414600,,59,59,0,0,0,0,0,0,0,0,0,0,0,0
202603,SUDESTE,RJ,330100,CAMPOS DOS GOYTACAZES,2287099,CLINICA DA CRIANCA,FUNDACAO MUNICIPAL DE SAUDE,M,7,HOSPITAL ESPECIALIZADO,1155,HOSPITAL_PÚBLICO,RUA ANDRE LUIS,111,,JD CARIOCA,28080460,,uphguarus@fms.org.br,17,17,0,0,0,0,0,0,0,0,0,0,0,0
202603,SUDESTE,RJ,330100,CAMPOS DOS GOYTACAZES,2287250,SOCIEDADE PORTUGUESA DE BENEFICENCIA DE CAMPOS,SOCIEDADE PORTUGUESA DE BENEFICENCIA DE CAMPOS,M,5,HOSPITAL GERAL,3999,HOSPITAL_FILANTRÓPICO,RUA BARAO DE MIRACEMA,140,,CENTRO,28035302,22 27376250,,253,190,72,58,54,40,0,0,18,18,0,0,0,0
202603,SUDESTE,RJ,330100,CAMPOS DOS GOYTACAZES,2287285,HOSPITAL DR BEDA,INSTITUTO DE MED NUCLEAR E ENDOCRINOLOGIA LTDA,M,5,HOSPITAL GERAL,2062,HOSPITAL_PRIVADO,RUA CONSELHEIRO OTAVIANO,129,,CENTRO,28010140,2227371500,susimne@hotmail.com,134,60,20,9,20,9,0,0,0,0,0,0,0,0
202603,SUDESTE,RJ,330100,CAMPOS DOS GOYTACAZES,2287374,HOSPITAL SAO JOSE,FUNDACAO MUNICIPAL DE SAUDE,M,5,HOSPITAL GERAL,1155,HOSPITAL_PÚBLICO,ESTRADA DO ACUCAR,S/N,,DONANA,28010010,,,45,31,0,0,0,0,0,0,0,0,0,0,0,0
202603,SUDESTE,RJ,330100,CAMPOS DOS GOYTACAZES,2287382,SANTA CASA DE MISERICORDIA DE CAMPOS,SANTA CASA DE MISERICORDIA DE CAMPOS,M,5,HOSPITAL GERAL,3999,HOSPITAL_FILANTRÓPICO,AV PELINCA,115,,PQ TAMANDARE,28035053,27231894,santacasa@viacabo.com.br,330,159,40,35,40,35,0,0,0,0,0,0,0,0
202603,SUDESTE,RJ,330100,CAMPOS DOS GOYTACAZES,2287447,HOSPITAL ESCOLA ALVARO ALVIM,FUNDACAO BENEDITO PEREIRA NUNES,M,5,HOSPITAL GERAL,3069,HOSPITAL_FILANTRÓPICO,BARAO DA LAGOA DOURADA,409,,CENTRO,28035211,22 21012974,FBPN@FBPN-CAMPOS.COM.BR,147,116,30,20,30,20,0,0,0,0,0,0,0,0
202603,SUDESTE,RJ,330100,CAMPOS DOS GOYTACAZES,2287579,HOSPITAL FERREIRA MACHADO,FUNDACAO MUNICIPAL DE SAUDE,M,5,HOSPITAL GERAL,1155,HOSPITAL_PÚBLICO,RUA ROCHA LEAO,02,,CAJU,28051170,(22)27323788,,293,243,47,24,30,16,17,8,0,0,0,0,0,0
202603,SUDESTE,RJ,330030,BARRA DO PIRAI,2287919,CASA DE CARIDADE SANTA RITA,CASA DE CARIDADE SANTA RITA,M,5,HOSPITAL GERAL,3999,HOSPITAL_FILANTRÓPICO,RUA FRANKLIN DE MORAES,67,,CENTRO,27135000,(24)24472750,santa.casa@uol.com.br,107,84,14,7,14,7,0,0,0,0,0,0,0,0
202603,SUDESTE,RJ,330030,BARRA DO PIRAI,2287927,HOSPITAL E MATERNIDADE MARIA DE NAZARE,CENTRO ESPIRITA PAI JOSE CAMBINDA,M,5,HOSPITAL GERAL,3999,HOSPITAL_FILANTRÓPICO,RUA FRUTUOSO GIL GONCALVES,115,,MATADOURO,27115050,(24)2447-2000,cepjc@ig.com.br,79,58,0,0,0,0,0,0,0,0,0,0,0,0
202603,SUDESTE,RJ,330260,MANGARATIBA,2288109,HOSPITAL MUNICIPAL VICTOR DE SOUZA BREVES,SECRETARIA MUNICIPAL DE SAUDE,M,5,HOSPITAL GERAL,1244,HOSPITAL_PÚBLICO,RUA NILO PECANHA,85,,CENTRO,23860000,(21)2789-9035,saude@mangaratiba.rj.gov.br,74,64,0,0,0,0,0,0,0,0,0,0,0,0
202603,SUDESTE,RJ,330225,ITATIAIA,2288230,HOSP MUNICIPAL MATERNIDADE DR MANOEL MARTINS DE BARROS,SECRETARIA MUNICIPAL DE SAUDE DE ITATIAIA,M,5,HOSPITAL GERAL,1244,HOSPITAL_PÚBLICO,AV DOIS,800,,JD ITATIAIA,27580000,(24) 3352-6850/1250,admhospitalmunicipalitatiaia@gmail.com,42,42,0,0,0,0,0,0,0,0,0,0,0,0
202603,SUDESTE,RJ,330455,RIO DE JANEIRO,2288338,INI FIOCRUZ,FUNDACAO OSWALDO CRUZ,M,5,HOSPITAL GERAL,1139,HOSPITAL_PÚBLICO,BRASIL,4365,PAV GASPAR VIANNA,MANGUINHOS,21040360,21 38659595,seinfo.faturamento@ini.fiocruz.br,126,126,0,0,0,0,0,0,0,0,0,0,0,0
202603,SUDESTE,RJ,330455,RIO DE JANEIRO,2288362,SMS INSTITUTO MUNICIPAL PHILIPPE PINEL AP 21,SMS RIO INSTITUTO MUNICIPAL PHILIPPE PINEL AP 21,M,7,HOSPITAL ESPECIALIZADO,1031,HOSPITAL_PÚBLICO,AV VENCESLAU BRAS,65,,BOTAFOGO,22290140,(21)22755694,imppinel@smsdc.rio.rj.gov.br,50,50,0,0,0,0,0,0,0,0,0,0,0,0
202603,SUDESTE,RJ,330420,RESENDE,2288885,SANTA CASA DE MISERICORDIA DE RESENDE,SANTA CASA DE MISERICORDIA DE RESENDE,M,5,HOSPITAL GERAL,3999,HOSPITAL_FILANTRÓPICO,PRACA CLEMENTE FERREIRA,39,,LAVAPES,27511020,(24) 3355-1159,diretoriageral@santacasaresende.org.br,82,76,5,5,5,5,0,0,0,0,0,0,0,0
202603,SUDESTE,RJ,330420,RESENDE,2288893,HOSPITAL MUNICIPAL HENRIQUE SERGIO GREGORI,SECRETARIA MUNICIPAL DE SAUDE DE RESENDE,M,5,HOSPITAL GERAL,1244,HOSPITAL_PÚBLICO,AVENIDA MARCILIO DIAS,800,,JARDIM JALISCO,27510080,(24) 3381-2080,direcaohme.resende@gmail.com,76,76,16,16,16,16,0,0,0,0,0,0,0,0
202603,SUDESTE,RJ,330420,RESENDE,2288907,APMIR,ASSOCIACAO DE PROTECAO A MATERNIDADE E A INFANCIA DE RESENDE,M,7,HOSPITAL ESPECIALIZADO,3999,HOSPITAL_FILANTRÓPICO,AVENIDA GUSTAVO JARDIM,314,,CENTRO,27511360,(24) 3355-4821/4013,apmir31@yahoo.com.br,67,46,10,10,0,0,0,0,10,10,0,0,0,0
202603,SUDESTE,RJ,330040,BARRA MANSA,2289377,INTENSIBARRA,CENTRO DE TRATAMENTO INTENSIVO DE BARRA MANSA,M,7,HOSPITAL ESPECIALIZADO,2062,HOSPITAL_PRIVADO,RUA TENENTE JOSE EDUARDO,585,,ANO BOM,27323240,02433239395,,20,0,0,0,0,0,0,0,0,0,0,0,0,0
202603,SUDESTE,RJ,330045,BELFORD ROXO,2289571,HOSPITAL MUNICIPAL DE BELFORD ROXO,SMS BELFORD ROXO,M,5,HOSPITAL GERAL,1244,HOSPITAL_PÚBLICO,AVENIDA RETIRO DA IMPRENSA,1013,,VILA MEDEIROS,26112180,(21)26621660,,65,65,0,0,0,0,0,0,0,0,0,0,0,0
202603,SUDESTE,RJ,330045,BELFORD ROXO,2289709,HOSPITAL DE CLINICAS BELFORD ROXO,CASA DE SAUDE E MATERNIDADE BELFORD ROXO LTDA,M,5,HOSPITAL GERAL,2062,HOSPITAL_PRIVADO,AV BENJAMIM PINTO DIAS,1000,,CENTRO,26130000,26622391,csmbr@ig.com.br,91,0,0,0,0,0,0,0,0,0,0,0,0,0
202603,SUDESTE,RJ,330140,CONCEICAO DE MACABU,2290073,HOSPITAL MUNICIPAL ANA MOREIRA,SECRETARIA MUNICIPAL DE SAUDE DE CONCEICAO DE MACABU,M,5,HOSPITAL GERAL,1244,HOSPITAL_PÚBLICO,RUA ROSENDO FONTES TAVARES,199,PREDIO,BOCAINA,28740000,2227792486,semsa@conceicaodemacabu.rj.gov.br,21,21,0,0,0,0,0,0,0,0,0,0,0,0
202603,SUDESTE,RJ,330170,DUQUE DE CAXIAS,2290227,HOSPITAL MUNICIPAL ADAO PEREIRA NUNES,MUNICIPIO DE DUQUE DE CAXIAS,M,5,HOSPITAL GERAL,1244,HOSPITAL_PÚBLICO,ROD WASHINGTON LUIZ,S/N,BR 040 KM 109,JD PRIMAVERA,25225015,2127775258,direcao.hmapn@duquedecaxias.rj.gov.br,485,403,104,29,63,0,18,17,23,12,0,0,0,0
202603,SUDESTE,RJ,330230,LAJE DO MURIAE,2290499,HOSPITAL MUNICIPAL DE LAJE DO MURIAE,HOSPITAL MUNICIPAL DE LAJE DO MURIAE,M,5,HOSPITAL GERAL,1244,HOSPITAL_PÚBLICO,RUA GERONCIO FERREIRA,270,,CENTRO,28350200,2238292434,,32,30,0,0,0,0,0,0,0,0,0,0,0,0
202603,SUDESTE,RJ,330455,RIO DE JANEIRO,2291266,SMS HOSPITAL MUNICIPAL FRANCISCO DA SILVA TELLES AP33,POSTO DE ASSISTENCIA MEDICA FRANCISCO DA SILVA TELLES,M,5,HOSPITAL GERAL,1031,HOSPITAL_PÚBLICO,UBIRAJARA,25,,IRAJA,21230300,021 3715070,,84,84,0,0,0,0,0,0,0,0,0,0,0,0
202603,SUDESTE,RJ,330455,RIO DE JANEIRO,2291304,SES RJ CENTRO PSIQUIATRICO RIO DE JANEIRO,SECRETARIA DE ESTADO DE SAUDE SES,E,7,HOSPITAL ESPECIALIZADO,1023,HOSPITAL_PÚBLICO,CORONEL ASSUNCAO,S/N,,GAMBOA,20220480,21 22992577,,108,108,0,0,0,0,0,0,0,0,0,0,0,0
202603,SUDESTE,RJ,330475,SAO FRANCISCO DE ITABAPOANA,2291320,HOSPITAL MUNICIPAL MANOEL CAROLA,MUNICIPIO DE SAO FRANCISCO DE ITABAPOANA,M,5,HOSPITAL GERAL,1244,HOSPITAL_PÚBLICO,AV NILTON MAYERHOFFER PESSANHA,48,,PONTO DE CACIMBAS,28230000,22999659443,saudesfi@hotmail.com,31,31,0,0,0,0,0,0,0,0,0,0,0,0
202603,SUDESTE,RJ,330490,SAO GONCALO,2291525,H OLHOS SAO GONCALO,OFTALMOCLINICA SAO GONCALO LTDA,M,7,HOSPITAL ESPECIALIZADO,2062,HOSPITAL_PRIVADO,SALVATORI,99,ENT SUPL RUA JOSE,CENTRO,24421005,21 27129494,OFTALMOCLINICASG@GMAIL.COM,17,13,0,0,0,0,0,0,0,0,0,0,0,0
202603,SUDESTE,RJ,330490,SAO GONCALO,2292084,HOSPITAL DR LUIZ PALMIER,SECRETARIA MUNICIPAL DE SAUDE DE SAO GONCALO,M,5,HOSPITAL GERAL,1244,HOSPITAL_PÚBLICO,PRACA ESTEPHANIA DE CARVALHO,26,PARTE 1,ZE GAROTO,24440195,(21) 2603-6590,,138,130,15,7,15,7,0,0,0,0,0,0,0,0
202603,SUDESTE,RJ,330515,SAO JOSE DO VALE DO RIO PRETO,2292270,HOSPITAL MATERNIDADE SANTA THERESINHA,SECRETARIA MUNICIPAL DE SAUDE DE SAO JOSE DO VALE DO RIO PRE,M,5,HOSPITAL GERAL,1031,HOSPITAL_PÚBLICO,RUA PROFA MARIA EMILIA ESTEVES,617,,CENTRO,25780000,2422241150,saude@sjvriopreto.rj.gov.br,49,49,0,0,0,0,0,0,0,0,0,0,0,0
202603,SUDESTE,RJ,330580,TERESOPOLIS,2292386,HOSPITAL SAO JOSE,ASSOCIACAO CONGREGACAO DE SANTA CATARINA,E,5,HOSPITAL GERAL,3999,HOSPITAL_FILANTRÓPICO,RUA JUDITH MAURICIO DE PAULA,40,,IUCAS,25964220,(21)2741-4300,administracao.hsj@redesc.org.br,107,43,23,13,23,13,0,0,0,0,0,0,0,0
202603,SUDESTE,RJ,330580,TERESOPOLIS,2292513,BENEFICENCIA PORTUGUESA DE TERESOPOLIS,HOSPITAL NOSSA SENHORA DA SAUDE,M,5,HOSPITAL GERAL,3999,HOSPITAL_FILANTRÓPICO,R JOSE MARIA DE ARAUJO REGADAS,300,,ERMITAGE,25953345,(21)27420765,,69,55,0,0,0,0,0,0,0,0,0,0,0,0
202603,SUDESTE,RJ,330610,VALENCA,2292912,HOSPITAL ESCOLA LUIZ GIOSEFFI JANNUZZI,FUNDACAO EDUCACIONAL D ANDRE ARCOVERDE,M,5,HOSPITAL GERAL,3069,HOSPITAL_FILANTRÓPICO,RUA DOM JOSE COSTA CAMPOS,20,,CENTRO,27600046,(24)2453-1333,direcaohe@faa.edu.br,195,195,40,40,30,30,0,0,10,10,0,0,0,0
202603,SUDESTE,RJ,330320,NILOPOLIS,2293862,HOSPITAL MUNICIPAL JUSCELINO KUBITSCHEK,SECRETARIA MUNICIPAL DE SAUDE DE NILOPOLIS,M,5,HOSPITAL GERAL,1244,HOSPITAL_PÚBLICO,RUA ZEZINHO,111,,CENTRO,26520000,(21)37613223,,92,70,16,0,10,0,0,0,6,0,0,0,0,0
202603,SUDESTE,RJ,330600,TRES RIOS,2294923,HOSPITAL DE CLINICAS NOSSA SENHORA DA CONCEICAO,ASSOCIACAO CONGREGACAO DE SANTA CATARINA,M,5,HOSPITAL GERAL,3999,HOSPITAL_FILANTRÓPICO,RUA MAESTRO COSTA BARROS,642,,CENTRO,25805090,2422550601,dir.executivo@hcnsc.com.br,113,90,26,19,26,19,0,0,0,0,0,0,0,0
202603,SUDESTE,RJ,330093,CARAPEBUS,2294990,PRONTO ATENDIMENTO CARLITO GONCALVES DA FONSECA,MUNICIPIO DE CARAPEBUS,M,20,PRONTO SOCORRO GERAL,1244,HOSPITAL_PÚBLICO,RUA JOAO PEDRO SOBRINHO,72,,SAPECADO,27998000,2227689527,atencaobasica@carapebus.rj.gov.br,8,8,0,0,0,0,0,0,0,0,0,0,0,0
202603,SUDESTE,RJ,330210,ITAOCARA,2295016,CASA DE SAUDE JOAO XXIII LTDA,CASA DE SAUDE JOAO XXIII LTDA,M,5,HOSPITAL GERAL,2062,HOSPITAL_PRIVADO,RUA NILO PECANHA,564,,CENTRO,28570000,(22)38612552,csjxxiii@uol.com.br casadesaudeitaocara@okintrnet.com.br,41,0,12,0,12,0,0,0,0,0,0,0,0,0
202603,SUDESTE,RJ,330455,RIO DE JANEIRO,2295059,CLINICA DE REPOUSO SANTA ALICE,SANATORIO RIO DE JANEIRO LTDA,M,7,HOSPITAL ESPECIALIZADO,2062,HOSPITAL_PRIVADO,RUA BOA VISTA,99,,ALTO DA BOA VISTA,20751340,,sanatoriojane@gmail.com,50,0,0,0,0,0,0,0,0,0,0,0,0,0
202603,SUDESTE,RJ,330455,RIO DE JANEIRO,2295067,INSTITUTO ESTADUAL DE HEMATOLOGIA ARTHUR SIQUEIRA CAVALCANTI,SECRETARIA DE ESTADO DE SAUDE SES,E,7,HOSPITAL ESPECIALIZADO,1023,HOSPITAL_PÚBLICO,RUA FREI CANECA,8,,CENTRO,20211030,(21)23328611,diretoria@hemorio.rj.gov.br,83,83,0,0,0,0,0,0,0,0,0,0,0,0
202603,SUDESTE,RJ,330610,VALENCA,2295075,HOSPITAL GUSTAVO MONTEIRO JUNIOR,ASSOCIACAO DA CASA DE CARIDADE DE CONSERVATORIA,M,5,HOSPITAL GERAL,3999,HOSPITAL_FILANTRÓPICO,RUA OSWALDO FONSECA,02,,CONSERVATORIA,27610470,(24) 2438-1202,hospcon@yahoo.com.br,46,39,0,0,0,0,0,0,0,0,0,0,0,0
202603,SUDESTE,RJ,330610,VALENCA,2295105,HOSPITAL SANTA ISABEL,ASSOCIACAO HOSPITAL SANTA ISABEL,M,5,HOSPITAL GERAL,3999,HOSPITAL_FILANTRÓPICO,RUA OLIMPIA JUNQUEIRA,279,,SANTA ISABEL,27611755,(24)24571117,ahsi.adm25@gmail.com,40,40,0,0,0,0,0,0,0,0,0,0,0,0
202603,SUDESTE,RJ,330455,RIO DE JANEIRO,2295369,ACAO CRISTA VICENTE MORETTI,ACAO CRISTA VICENTE MORETTI,M,7,HOSPITAL ESPECIALIZADO,3999,HOSPITAL_FILANTRÓPICO,MARAVILHA,308,,BANGU,21810100,,,40,40,0,0,0,0,0,0,0,0,0,0,0,0
202603,SUDESTE,RJ,330455,RIO DE JANEIRO,2295393,HOSPITAL NOSSA SENHORA DA SAUDE,SANTA CASA DA MISERICORDIA DO RIO DE JANEIRO,M,5,HOSPITAL GERAL,3999,HOSPITAL_FILANTRÓPICO,RUA DA GAMBOA,303,,SAUDE,20220322,,,34,0,0,0,0,0,0,0,0,0,0,0,0,0
202603,SUDESTE,RJ,330455,RIO DE JANEIRO,2295407,SMS HOSPITAL MUNICIPAL ROCHA FARIA AP 52,SMS RIO HOSPITAL MUNICIPAL ROCHA FARIA AP 52,M,5,HOSPITAL GERAL,1031,HOSPITAL_PÚBLICO,AV CESARIO DE MELO,3215,,CAMPO GRANDE,23050101,(21)2333-6797,direcao.hmrf@igedes.org.br,198,168,36,16,16,16,0,0,20,0,0,0,0,0
202603,SUDESTE,RJ,330455,RIO DE JANEIRO,2295415,HOSPITAL UNIVERSITARIO GAFFREE E GUINLE,EMPRESA BRASILEIRA DE SERVICOS HOSPITALARES,M,5,HOSPITAL GERAL,2011,HOSPITAL_PRIVADO,MARIZ E BARROS,775,,TIJUCA,20270004,,,167,159,15,11,7,5,0,0,8,6,0,0,0,0
202603,SUDESTE,RJ,330455,RIO DE JANEIRO,2295423,HOSPITAL FEDERAL CARDOSO FONTES,MS HOSPITAL FEDERAL CARDOSO FONTES,M,5,HOSPITAL GERAL,1015,HOSPITAL_PÚBLICO,AVENIDA MENEZES CORTES,3245,,FREGUESIA JPA,22745130,(21)24252255,dirhgj@nerj.rj.saude.gov.br,182,179,28,25,18,18,10,7,0,0,0,0,0,0
202603,SUDESTE,RJ,330430,RIO BONITO,2296241,HOSPITAL REGIONAL DARCY VARGAS,HOSPITAL REGIONAL DARCY VARGAS,M,5,HOSPITAL GERAL,3999,HOSPITAL_FILANTRÓPICO,JOAO CARMO,110,,CENTRO,28800000,,,139,114,15,15,15,15,0,0,0,0,0,0,0,0
202603,SUDESTE,RJ,330455,RIO DE JANEIRO,2296306,SMS HOSPITAL MUNICIPAL SALGADO FILHO AP 32,SMS RIO HOSPITAL MUNICIPAL SALGADO FILHO AP 32,M,5,HOSPITAL GERAL,1031,HOSPITAL_PÚBLICO,ARQUIAS CORDEIRO,370,,MEIER,20770000,,,316,316,16,16,16,16,0,0,0,0,0,0,0,0
202603,SUDESTE,RJ,330455,RIO DE JANEIRO,2296594,UFRJ INSTITUTO DE GINECOLOGIA,UNIVERSIDADE FEDERAL DO RIO DE JANEIRO,M,7,HOSPITAL ESPECIALIZADO,1104,HOSPITAL_PÚBLICO,MONCORVO FILHO,90,,CENTRO,20211340,,,12,12,0,0,0,0,0,0,0,0,0,0,0,0
202603,SUDESTE,RJ,330455,RIO DE JANEIRO,2296608,HCJ HOSPITAL DE CLINICAS DE JACAREPAGUA,HOSPITAL DE CLINICAS DE JACAREPAGUA LTDA,M,5,HOSPITAL GERAL,2062,HOSPITAL_PRIVADO,RUA BACAIRIS,499,,TAQUARA,22730120,(21) 3987-7000,almeida.camila@amil.com.br,46,2,20,0,20,0,0,0,0,0,0,0,0,0
202603,SUDESTE,RJ,330455,RIO DE JANEIRO,2296616,UFRJ IPPMG INST DE PUER PED MARTAGAO GESTEIRA,UNIVERSIDADE FEDERAL DO RIO DE JANEIRO,M,7,HOSPITAL ESPECIALIZADO,1104,HOSPITAL_PÚBLICO,BRUNO LOBO,50,,CIDADE UNIVERSITARIA,21941912,21 39384816,,78,74,14,10,0,0,10,6,4,4,0,0,0,0
202603,SUDESTE,RJ,330045,BELFORD ROXO,2296764,CASA DE SAUDE E MATERNIDADE NOSSA SENHORA DA GLORIA,CASA DE SAUDE E MATERNIDADE XV DE AGOSTO LTDA,M,7,HOSPITAL ESPECIALIZADO,2062,HOSPITAL_PRIVADO,AV BENJAMIM PINTO DIAS,1677,CENTRO,BELFORD ROXO,26130000,(21)26620660,,40,0,0,0,0,0,0,0,0,0,0,0,0,0
202603,SUDESTE,RJ,330040,BARRA MANSA,2296977,CASA DE SAUDE SANTA MARIA SA,CASA DE SAUDE SANTA MARIA SA,M,5,HOSPITAL GERAL,2054,HOSPITAL_PRIVADO,RUA TENENTE JOSE EDUARDO,585,,ANO BOM,27323240,02433249100,,124,0,10,0,0,0,0,0,10,0,0,0,0,0
202603,SUDESTE,RJ,330414,QUEIMADOS,2297132,HOSPITAL INFANTIL 21 DE JULHO LTDA,HOSPITAL INFANTIL 21 DE JULHO LTDA,M,7,HOSPITAL ESPECIALIZADO,2062,HOSPITAL_PRIVADO,RUA JOAQUIM DOS SANTOS,265,,CENTRO,26383330,2126651266,hiq100@globo.com,79,79,0,0,0,0,0,0,0,0,0,0,0,0
202603,SUDESTE,RJ,330490,SAO GONCALO,2297590,MATERNIDADE MUNICIPAL DR MARIO NIAJAR,MUNICIPIO DE SAO GONCALO,M,7,HOSPITAL ESPECIALIZADO,1244,HOSPITAL_PÚBLICO,ALFREDO BACKER,324,,ALCANTARA,24430380,2725-7390,,77,77,0,0,0,0,0,0,0,0,0,0,0,0
202603,SUDESTE,RJ,330580,TERESOPOLIS,2297795,HOSPITAL DAS CLINICAS DE TERESOPOLIS,FESO FUNDACAO EDUCACIONAL SERRA DOS ORGAOS,M,5,HOSPITAL GERAL,3069,HOSPITAL_FILANTRÓPICO,DELFIM MOREIRA,2211,,VALE PARAISO,25953230,,,217,103,56,15,36,15,0,0,20,0,0,0,0,0
202603,SUDESTE,RJ,330455,RIO DE JANEIRO,2297833,CLINICA SAO VICENTE,HOSPITAIS INTEGRADOS DA GAVEA S A,M,5,HOSPITAL GERAL,2054,HOSPITAL_PRIVADO,JOAO BORGES,204,PARTE,GAVEA,22451100,21 32394700,,87,0,30,0,30,0,0,0,0,0,0,0,0,0
202603,SUDESTE,RJ,330490,SAO GONCALO,2298031,SES RJ HOSPITAL ESTADUAL ALBERTO TORRES GERAL SAO GONCALO,SECRETARIA DO ESTADO DE SAUDE DO RIO DE JANEIRO,E,5,HOSPITAL GERAL,1023,HOSPITAL_PÚBLICO,RUA OSORIO COSTA,S/N,NAO HA,COLUBANDE,24744680,38122646,direcaoheat@gmail.com,243,243,75,75,64,64,11,11,0,0,0,0,0,0
202603,SUDESTE,RJ,330340,NOVA FRIBURGO,2298090,HOSPITAL UNIMED DE NOVA FRIBURGO,UNIMED DE NOVA FRIBURGO SOCIEDADE COOPERATIVA DE SERVICOS ME,M,5,HOSPITAL GERAL,2143,HOSPITAL_PRIVADO,IZELINO MADURO,900,,CHACARA DO PARAISO,28605300,,,144,0,21,0,9,0,2,0,5,0,0,0,5,0
202603,SUDESTE,RJ,330340,NOVA FRIBURGO,2298104,HOSPITAL SERRANO,HOSPITAL SERRANO LTDA,M,5,HOSPITAL GERAL,2062,HOSPITAL_PRIVADO,GENERAL OSORIO,276,,CENTRO,28625630,,,41,0,10,0,10,0,0,0,0,0,0,0,0,0
202603,SUDESTE,RJ,330455,RIO DE JANEIRO,2298120,SMS HOSPITAL MUNICIPAL ALBERT SCHWEITZER AP 51,SMS RIO HOSPITAL MUNICIPAL ALBERT SCHWEITZER AP 51,M,5,HOSPITAL GERAL,1031,HOSPITAL_PÚBLICO,RUA NILOPOLIS,329,,REALENGO,21725090,(21) 2042-2096,faturamento.hmas@vivario.org.br,396,396,71,71,40,40,20,20,11,11,0,0,0,0
202603,SUDESTE,RJ,330100,CAMPOS DOS GOYTACAZES,2298317,HOSPITAL DOS PLANTADORES DE CANA,ASSOCIACAO FLUMINENSE DE ASSIST A MULHER CRIANCA E AO IDOSO,M,5,HOSPITAL GERAL,3999,HOSPITAL_FILANTRÓPICO,AV JOSE ALVES DE AZEVEDO,337,,PQ ROSARIO,28025496,2227377400,filantropia.hpc@gmail.com,286,236,50,38,30,18,0,0,20,20,0,0,0,0
202603,SUDESTE,RJ,330510,SAO JOAO DE MERITI,2298708,HOSPITAL MUNICIPAL DE SAO JOAO DE MERITI ABDON GONCALVES,SECRETARIA MUNICIPAL DE SAUDE DE SAO JOAO DE MERITI,M,5,HOSPITAL GERAL,1244,HOSPITAL_PÚBLICO,AVENIDA PRESIDENTE LINCOLN,S/N,,JARDIM MERITI,25555200,21 2651-1220,,87,67,20,0,20,0,0,0,0,0,0,0,0,0
202603,SUDESTE,RJ,330455,RIO DE JANEIRO,2298724,SES RJ HOSPITAL ESTADUAL ANCHIETA,SECRETARIA DE ESTADO DE SAUDE SES,E,5,HOSPITAL GERAL,1023,HOSPITAL_PÚBLICO,RUA CARLOS SEIDL,785,,CAJU,20930390,,,71,61,10,0,10,0,0,0,0,0,0,0,0,0
202603,SUDESTE,RJ,330455,RIO DE JANEIRO,2298740,HOSPITAL CLINICA GRAJAU,CASA DE SAUDE GRAJAU LTDA,M,5,HOSPITAL GERAL,2062,HOSPITAL_PRIVADO,RUA BARAO DO BOM RETIRO,2484,,GRAJAU,20540342,(21) 25771122,hcgrajau@hcgrajau.com.br,47,0,10,0,10,0,0,0,0,0,0,0,0,0
202603,SUDESTE,RJ,330420,RESENDE,2299216,HOSPITAL SAMER SERVICO DE ASSISTENCIA MEDICA DE RESENDE,HOSPITAIS INTEGRADOS DA GAVEA S A,M,5,HOSPITAL GERAL,2054,HOSPITAL_PRIVADO,RUA CADETE EDSON,38,QUADRA C LOTE AREA 1,MONTESE,27541060,(24) 3358-9018,direcao@samer.com.br,98,2,34,2,16,2,4,0,6,0,0,0,8,0
202603,SUDESTE,RJ,330490,SAO GONCALO,2696746,PRONTO SOCORRO CENTRAL DR ARMANDO GOMES DE SA COUTO,SECRETARIA MUNICIPAL DE SAUDE DE SAO GONCALO,M,5,HOSPITAL GERAL,1244,HOSPITAL_PÚBLICO,PRACA ESTEPHANIA DE CARVALHO,26,PARTE,ZE GAROTO,24440195,,,99,92,12,5,12,5,0,0,0,0,0,0,0,0
202603,SUDESTE,RJ,330490,SAO GONCALO,2696851,HOSPITAL SAO GONCALO LTDA,CLINICA SAO GONCALO LTDA,M,5,HOSPITAL GERAL,2062,HOSPITAL_PRIVADO,PIO XII,138,,SAO GONCALO,24440400,(21)2109-5023,,103,0,30,0,30,0,0,0,0,0,0,0,0,0
202603,SUDESTE,RJ,330080,CACHOEIRAS DE MACACU,2696924,HOSPITAL MUNICIPAL DR CELSO MARTINS,SMSDC DE CACHOEIRAS DE MACACU,M,5,HOSPITAL GERAL,1031,HOSPITAL_PÚBLICO,RUA PREFEITO JOSE DA SILVA,177,,CAMPO DO PRADO,28681300,(21)26492006,faturamentohmcm@gmail.com,82,82,0,0,0,0,0,0,0,0,0,0,0,0
202603,SUDESTE,RJ,330020,ARARUAMA,2696932,SES RJ HOSPITAL ESTADUAL ROBERTO CHABO,SECRETARIA DE ESTADO DE SAUDE DO RIO DE JANEIRO,E,5,HOSPITAL GERAL,1023,HOSPITAL_PÚBLICO,RUA BERNARDO DE VASCONCELOS,477,NAO HA,CENTRO,28979192,(22)35131408,LEONAM.LIMA@HERC.FS.RJ.GOV.BR,91,83,24,17,16,9,8,8,0,0,0,0,0,0
202603,SUDESTE,RJ,330060,BOM JESUS DO ITABAPOANA,2696940,HOSPITAL SAO VICENTE DE PAULO,CENTRO POPULAR PROMELHORAMENTOS DE BOM JESUS,M,5,HOSPITAL GERAL,3999,HOSPITAL_FILANTRÓPICO,RUA TEN JOSE TEIXEIRA,473,,CENTRO,28360000,22 38339010,hsvp@ig.com.br.,327,230,97,25,87,25,10,0,0,0,0,0,0,0
202603,SUDESTE,RJ,330240,MACAE,2697041,HOSPITAL SAO JOAO BATISTA DE MACAE,IRMANDADE DE SAO JOAO BATISTA DE MACAE,M,5,HOSPITAL GERAL,3999,HOSPITAL_FILANTRÓPICO,PRACA VERISSIMO DE MELLO,391,,CENTRO,27913100,(22) 2772-1005,stacasamacae@uol.com.br,143,76,18,10,18,10,0,0,0,0,0,0,0,0
202603,SUDESTE,RJ,330615,VARRE-SAI,2704390,HOSPITAL SAO SEBASTIAO DE VARRESAI,HOSPITAL MUNICIPAL SAO SEBASTIAO DE VARRESAI,M,5,HOSPITAL GERAL,1244,HOSPITAL_PÚBLICO,RUA OCTAVIO MONERAT,10,,CENTRO,28375000,2238433832,,26,26,0,0,0,0,0,0,0,0,0,0,0,0
202603,SUDESTE,RJ,330380,PARATY,2704587,HOSPITAL MUNICIPAL HUGO MIRANDA,SECRETARIA MUNICIPAL DE SAUDE DE PARATY,M,5,HOSPITAL GERAL,1244,HOSPITAL_PÚBLICO,RUA SAO PEDRO DE ALCANTARA,01,,PONTAL,23970000,2433716551,paratyfaturamento@gmail.com,65,63,0,0,0,0,0,0,0,0,0,0,0,0
202603,SUDESTE,RJ,330490,SAO GONCALO,2704595,HOSPITAL INFANTIL DARCY SARMANHO VARGAS,SECRETARIA MUNICIPAL DE SAUDE DE SAO GONCALO,M,7,HOSPITAL ESPECIALIZADO,1244,HOSPITAL_PÚBLICO,PRACA ESTEPHANIA DE CARVALHO,26,PARTE 3,ZE GAROTO,24440195,(21)26056531,,43,37,6,0,0,0,6,0,0,0,0,0,0,0
202603,SUDESTE,RJ,330530,SAO SEBASTIAO DO ALTO,2704633,HOSPITAL SAO SEBASTIAO,ASSOCIACAO HOSPITALAR SAO SEBASTIAO DO ALTO,M,5,HOSPITAL GERAL,3999,HOSPITAL_FILANTRÓPICO,RUA MIN FRANCISCO DORNELLES,69,,BAIRRO STA IRENE,28550000,(22)25591313,hssa494@hotmail.com,52,44,0,0,0,0,0,0,0,0,0,0,0,0
202603,SUDESTE,RJ,330630,VOLTA REDONDA,2708078,HOSPITAL DR NELSON DOS SANTOS GONCALVES,SECRETARIA MUNICIPAL DE SAUDE PMVR,M,5,HOSPITAL GERAL,1031,HOSPITAL_PÚBLICO,RUA DEPUTADO GERALDO DI BIASE,S/N,,ATERRADO,27213080,2433399540,,38,38,0,0,0,0,0,0,0,0,0,0,0,0
202603,SUDESTE,RJ,330455,RIO DE JANEIRO,2708353,IFF FIOCRUZ,INST NACIONAL SAUDE MULHER CRIANCA ADOLES FERNANDES FIGUEIRA,M,7,HOSPITAL ESPECIALIZADO,1139,HOSPITAL_PÚBLICO,AV RUI BARBOSA,716,,FLAMENGO,22250020,(21)25541700,direcao@iff.fiocruz.br,137,137,34,34,0,0,6,6,28,28,0,0,0,0
202603,SUDESTE,RJ,330455,RIO DE JANEIRO,2708361,UFRJ INSTITUTO DE NEUROLOGIA DEOLINDO COUTO,UFRJ INSTITUTO DE NEUROLOGIA DEOLINDO COUTO,M,7,HOSPITAL ESPECIALIZADO,1104,HOSPITAL_PÚBLICO,AVENIDA VENCESLAU BRAS,95,,BOTAFOGO,22290140,(21) 3938-0531/0533,direcao@indc.ufrj.br,6,6,0,0,0,0,0,0,0,0,0,0,0,0
202603,SUDESTE,RJ,330350,NOVA IGUACU,2798662,HGNI HOSPITAL GERAL DE NOVA IGUACU,MUNICIPIO DE NOVA IGUACU,M,5,HOSPITAL GERAL,1244,HOSPITAL_PÚBLICO,AVENIDA HENRIQUE DUQUE ESTRADA MEYER,953,NAO HA,POSSE,26030380,2137799900,direcaogeral.hgni@novaiguacu.rj.gov.br,561,529,74,57,44,32,0,0,30,25,0,0,0,0
202603,SUDESTE,RJ,330030,BARRA DO PIRAI,2799308,CRUZ VERMELHA BRASILEIRA RJ BARRA DO PIRAI,CRUZ VERMELHA BRASILEIRA FILIAL DO ESTADO DO RIO DE JANEIRO,M,7,HOSPITAL ESPECIALIZADO,3999,HOSPITAL_FILANTRÓPICO,ANA NERY,120,SALA 802,CENTRO,27123150,2435114300,patricia.jankee@cruzvermelharj.org.br,100,100,0,0,0,0,0,0,0,0,0,0,0,0
202603,SUDESTE,RJ,330455,RIO DE JANEIRO,2812584,HOSPITAL SAO LOURENCO,HOSPITAL SAO LOURENCO EIRELI,M,5,HOSPITAL GERAL,2240,HOSPITAL_PRIVADO,AVENIDA SANTA CRUZ,3805,,BANGU,21810015,33386300,samirafelippe@gmail.com,39,0,0,0,0,0,0,0,0,0,0,0,0,0
202603,SUDESTE,RJ,330190,ITABORAI,2814161,SES RJ HOSPITAL ESTADUAL TAVARES DE MACEDO,SECRETARIA DE ESTADO DE SAUDE DO RIO DE JANEIRO,E,7,HOSPITAL ESPECIALIZADO,1023,HOSPITAL_PÚBLICO,AVENIDA 22 DE MAIO,S/N,KM 34,VENDA DAS PEDRAS,24805900,2136373522,hetm@saude.rj.gov.br,54,54,0,0,0,0,0,0,0,0,0,0,0,0
202603,SUDESTE,RJ,330455,RIO DE JANEIRO,2821737,CTO CLINICA TRAUMATO ORTOPEDICA,CTO CLINICA TRAUMATO ORTOPEDICA LTDA,M,7,HOSPITAL ESPECIALIZADO,2240,HOSPITAL_PRIVADO,RUA AMERICO BRASILIENSE,91,,MADUREIRA,21351060,21 3390-5636,ctofaturamento@utlook.com,12,0,0,0,0,0,0,0,0,0,0,0,0,0
202603,SUDESTE,RJ,330220,ITAPERUNA,2825376,ASSOCIACAO SANTO ANTONIO DOS POBRES DE ITAPERUNA,ASSOCIACAO SANTO ANTONIO DOS POBRES DE ITAPERUNA,M,5,HOSPITAL GERAL,3999,HOSPITAL_FILANTRÓPICO,RUA EXPEDICIONARIO CABO GAMA,494,,CIDADE NOVA,28300000,(22)38243215,financeiro@asapi.com.br,110,88,0,0,0,0,0,0,0,0,0,0,0,0
202603,SUDESTE,RJ,330455,RIO DE JANEIRO,2881683,AMBULATORIO PERINATAL LARANJEIRAS,REDE DOR SAO LUIZ S A,M,7,HOSPITAL ESPECIALIZADO,2046,HOSPITAL_PRIVADO,CARDOSO JUNIOR,5,LOJA A,LARANJEIRAS,22245000,21 22102004,silvana.moura@rededor.com.br,5,0,0,0,0,0,0,0,0,0,0,0,0,0
202603,SUDESTE,RJ,330510,SAO JOAO DE MERITI,2954885,NEO UNIDAS TERAPIA INTENSIVA NEONATAL LTDA,NEO UNIDAS TERAPIA INTENSIVA NEONATAL LTDA,M,7,HOSPITAL ESPECIALIZADO,2240,HOSPITAL_PRIVADO,RUA GESSYR GONCALVES FONTES,153,PARTE,CENTRO,25520570,21 2560-2660,neounidasrj@gmail.com,20,0,0,0,0,0,0,0,0,0,0,0,0,0
202603,SUDESTE,RJ,330350,NOVA IGUACU,2964244,HOSPITAL VIVER MAIS,HOSPITAL VIVER MAIS LTDA,M,5,HOSPITAL GERAL,2054,HOSPITAL_PRIVADO,OTAVIO ASCOLI,328,PARTE,CENTRO,26215160,2433367070,controladoria@vivermaishospital.com.br,8,0,2,0,2,0,0,0,0,0,0,0,0,0
202603,SUDESTE,RJ,330045,BELFORD ROXO,2969734,HOSPITAL INFANTIL MILENE ISABELY CHRISTOVAM,MUNICIPIO DE BELFORD ROXO,M,5,HOSPITAL GERAL,1244,HOSPITAL_PÚBLICO,AVENIDA JOAQUIM DA COSTA LIMA,S/N,,PQ FERREIRAS,26116200,,,32,32,0,0,0,0,0,0,0,0,0,0,0,0
202603,SUDESTE,RJ,330455,RIO DE JANEIRO,3001202,POLICLINICA DE BOTAFOGO,POLICLINICA DE BOTAFOGO,M,5,HOSPITAL GERAL,3999,HOSPITAL_FILANTRÓPICO,AVENIDA PASTEUR,72,PREDIO,BOTAFOGO,22290240,22751447,presidencia@policlinicadebotafogo.org,33,0,2,0,2,0,0,0,0,0,0,0,0,0
202603,SUDESTE,RJ,330100,CAMPOS DOS GOYTACAZES,3002187,HOSPITAL GERAL DE GUARUS,FUNDACAO MUNICIPAL DE SAUDE,M,5,HOSPITAL GERAL,1155,HOSPITAL_PÚBLICO,SENADOR JOSE CARLOS PEREIRA PINTO,400,,CALABOUCO,28080420,22 81751621,GABPRES.FMS@GMAIL.COM,171,151,20,0,20,0,0,0,0,0,0,0,0,0
202603,SUDESTE,RJ,330455,RIO DE JANEIRO,3003450,CASA DE SAUDE PINHEIRO MACHADO,CASA DE SAUDE PINHEIRO MACHADO LTDA,M,5,HOSPITAL GERAL,2062,HOSPITAL_PRIVADO,PINHEIRO MACHADO,00155,,BOTAFOGO,22231090,21 21254882,CONTABILIDADE@CSPM.COM.BR,40,0,14,0,14,0,0,0,0,0,0,0,0,0
202603,SUDESTE,RJ,330455,RIO DE JANEIRO,3005984,HOSPITAL ITALIANO,SOCIEDADE ITALIANA DE BENEFICENCIA E MUTUO SOCORRO,M,5,HOSPITAL GERAL,3999,HOSPITAL_FILANTRÓPICO,MARECHAL JOFFRE,30,,GRAJAU,20560185,,,58,0,27,0,27,0,0,0,0,0,0,0,0,0
202603,SUDESTE,RJ,330455,RIO DE JANEIRO,3005992,HOSPITAL COPA DOR,REDE DOR SAO LUIZ S A,M,5,HOSPITAL GERAL,2046,HOSPITAL_PRIVADO,RUA FIGUEREDO DE MAGALHAES,875,PARTE,COPACABANA,22031011,2545-3600,scopador@copador.com.br,246,0,117,0,108,0,9,0,0,0,0,0,0,0
202603,SUDESTE,RJ,330455,RIO DE JANEIRO,3006050,HOSPITAL AMERICAN COR,HOSPITAL AMERICAN COR LTDA,M,5,HOSPITAL GERAL,2062,HOSPITAL_PRIVADO,RUA ADOLFO BERGAMINI,206,,ENGENHO DE DENTRO,20730000,,,48,0,0,0,0,0,0,0,0,0,0,0,0,0
202603,SUDESTE,RJ,330455,RIO DE JANEIRO,3008568,CENTRO PEDIATRICO DA LAGOA,IPANEMA SERVICOS DE ASSISTENCIA MEDICO CIRURGICA INFANTIL,M,7,HOSPITAL ESPECIALIZADO,2062,HOSPITAL_PRIVADO,LINEU DE PAULA MACHADO,64,,LAGOA,22470040,,,57,0,31,0,0,0,31,0,0,0,0,0,0,0
202603,SUDESTE,RJ,330455,RIO DE JANEIRO,3009947,SAO CARLOS SAUDE ONCOLOGICA,CLINICA SAO CARLOS S A,M,7,HOSPITAL ESPECIALIZADO,2054,HOSPITAL_PRIVADO,RUA HUMAITA,296,,BOTAFOGO,22261001,(21)2536-1300,,40,0,0,0,0,0,0,0,0,0,0,0,0,0
202603,SUDESTE,RJ,330330,NITEROI,3012395,CLINICA LUIZ PIRES DE MELLO MATRIZ,CLINICA LUIZ PIRES DE MELLO LTDA,M,7,HOSPITAL ESPECIALIZADO,2062,HOSPITAL_PRIVADO,RUA GONCALVES LEDO,26,,FONSECA,24120160,(21) 2525-1818,,12,0,0,0,0,0,0,0,0,0,0,0,0,0
202603,SUDESTE,RJ,330330,NITEROI,3012476,CASA DE SAUDE NOSSA SENHORA AUXILIADORA S A,CASA DE SAUDE NOSSA SENHORA AUXILIADORA S A,M,5,HOSPITAL GERAL,2054,HOSPITAL_PRIVADO,RUA VEREADOR DUQUE ESTRADA,157,,SANTA ROSA,24240210,2127150404,assistenteadm@csnsa.com.br,42,0,7,0,7,0,0,0,0,0,0,0,0,0
202603,SUDESTE,RJ,330455,RIO DE JANEIRO,3013146,HOSPITAL DI CAMP,HOSPITAL DI CAMP LTDA,M,5,HOSPITAL GERAL,2062,HOSPITAL_PRIVADO,ALBARDAO,630,,CAMPO GRANDE,23070130,2131981757,,94,0,7,0,0,0,0,0,0,0,0,0,7,0
202603,SUDESTE,RJ,330330,NITEROI,3013383,HOSPITAL DE CLINICAS ALAMEDA,CASA DE SAUDE SANTA RITA DE CASSIA LTDA,M,5,HOSPITAL GERAL,2062,HOSPITAL_PRIVADO,SAO BOAVENTURA,321,,FONSECA,24130005,21 35783636,adm@hospitalalameda.com.br,107,0,30,0,20,0,8,0,2,0,0,0,0,0
202603,SUDESTE,RJ,330170,DUQUE DE CAXIAS,3014673,HOSPITAL DANIEL LIPP LTDA,HOSPITAL DANIEL LIPP LTDA,M,5,HOSPITAL GERAL,2062,HOSPITAL_PRIVADO,CONDE DE PORTO ALEGRE,271,285,JARDIM VINTE E CINCO,25070350,21 36728700,hedarei@yahoo.com.br,43,0,15,0,9,0,4,0,2,0,0,0,0,0
202603,SUDESTE,RJ,330170,DUQUE DE CAXIAS,3014681,HOSPITAL MARIO LIONI,AMICO SAUDE LTDA,M,5,HOSPITAL GERAL,2054,HOSPITAL_PRIVADO,RUA ANA NERI,190,,25 DE AGOSTO,25070420,(21) 3805-1000,almeida.camila@amil.com.br,75,0,18,0,10,0,8,0,0,0,0,0,0,0
202603,SUDESTE,RJ,330330,NITEROI,3016501,CASA DE SAUDE E MATERNIDADE SANTA MARTHA S A,CASA DE SAUDE E MATERNIDADE SANTA MARTHA SA,M,5,HOSPITAL GERAL,2054,HOSPITAL_PRIVADO,DR MARIO VIANA,653,,SANTA ROSA,24241001,,,100,0,26,0,20,0,0,0,6,0,0,0,0,0
202603,SUDESTE,RJ,330350,NOVA IGUACU,3019527,CASA DE SAUDE NOSSA SENHORA DE FATIMA N IGUACU SA,CASA DE SAUDE E MAT NOSSA SENHORA DE FATIMA DE NOVA IGUACU,M,5,HOSPITAL GERAL,2054,HOSPITAL_PRIVADO,R CORONEL BERNARDINO DE MELO,1465,,CENTRO,26255140,(21)2125-3115,csfatima@csfatima.com.br,113,0,50,0,30,0,16,0,4,0,0,0,0,0
202603,SUDESTE,RJ,330455,RIO DE JANEIRO,3020584,DAY CLINIC RIO,DAY CLINIC MADUREIRA LTDA,M,7,HOSPITAL ESPECIALIZADO,2062,HOSPITAL_PRIVADO,R GUARAPARI,41,SL501 A 510 601 602,MADUREIRA,21351120,21 3043-0609,administracao@dcm-rio.com.br,2,0,0,0,0,0,0,0,0,0,0,0,0,0
202603,SUDESTE,RJ,330330,NITEROI,3022080,NEOTIN NEONATAL,NEOTIN NEONATAL TERAPIA INTENSIVA LTDA,M,7,HOSPITAL ESPECIALIZADO,2062,HOSPITAL_PRIVADO,RUA TAPAJOS,325,,SAO FRANCISCO,24360420,21325254040,comercial@hmsaofrancisco.com.br,40,0,40,0,0,0,0,0,40,0,0,0,0,0
202603,SUDESTE,RJ,330320,NILOPOLIS,3024032,PRONIL HOSPITAL DE CLINICAS ANTONIO PAULINO,PRONIL CASA DE SAUDE E PRONTO SOCORRO INFANTIL LTDA,M,5,HOSPITAL GERAL,2062,HOSPITAL_PRIVADO,RUA JOAO PESSOA,1741,,CENTRO,26525015,26919595,RH2@PRONIL.COM.BR,132,0,33,0,33,0,0,0,0,0,0,0,0,0
202603,SUDESTE,RJ,330490,SAO GONCALO,3029131,HOSPITAL DO CORACAO SAMCORDIS,HOSPITAL SAMCORDIS LTDA,M,5,HOSPITAL GERAL,2062,HOSPITAL_PRIVADO,RUA DOUTOR NILO PECANHA,391,,ESTRELA DO NORTE,24435300,(21) 37158008,cpd@samcordis.com.br,81,0,18,0,18,0,0,0,0,0,0,0,0,0
202603,SUDESTE,RJ,330390,PETROPOLIS,3030415,BENEFICENCIA PORTUGUESA DE PETROPOLIS,SMH SOCIEDADE MEDICO HOSPITALAR LTDA,M,5,HOSPITAL GERAL,2062,HOSPITAL_PRIVADO,AVENIDA PORTUGAL,236,,VALPARAISO,25655374,024)2244-4200,smh@hospitalsmh.com.br,80,0,20,0,10,0,0,0,0,0,0,0,10,0
202603,SUDESTE,RJ,330455,RIO DE JANEIRO,3034984,HOSPITAL QUINTA DOR,REDE DOR SAO LUIZ SA,M,5,HOSPITAL GERAL,2046,HOSPITAL_PRIVADO,RUA ALMIRANTE BALTAZAR,383,435 467,SAO CRISTOVAO,20941150,2134613600,diretoriasecretaria@quintador.com.br,262,0,147,0,96,0,19,0,0,0,0,0,32,0
202603,SUDESTE,RJ,330470,SANTO ANTONIO DE PADUA,3040119,HOSPITAL HELIO MONTEZANO DE OLIVEIRA,FUNDACAO JOSE KEZEN,M,5,HOSPITAL GERAL,1155,HOSPITAL_PÚBLICO,AV JOAO JASBICK,520,,AEROPORTO,28470000,2238534089,,102,98,0,0,0,0,0,0,0,0,0,0,0,0
202603,SUDESTE,RJ,330455,RIO DE JANEIRO,3046281,CASA DE SAUDE NOSSA SENHORA DO CARMO,CASA DE SAUDE NOSSA SENHORA DO CARMO LTDA,M,7,HOSPITAL ESPECIALIZADO,2062,HOSPITAL_PRIVADO,RUA JAGUARUNA,105,,CAMPO GRANDE,23080160,,,120,0,75,0,49,0,5,0,10,0,0,0,11,0
202603,SUDESTE,RJ,330455,RIO DE JANEIRO,3046303,HOSPITAL DE CLINICAS DR ALOAN,HOSPITAL DE CLINICAS DR ALOAN LTDA,M,5,HOSPITAL GERAL,2240,HOSPITAL_PRIVADO,CHAVES FARIA,64,96,SAO CRISTOVAO,20910140,21 22332225,,50,0,18,0,18,0,0,0,0,0,0,0,0,0
202603,SUDESTE,RJ,330455,RIO DE JANEIRO,3048721,HOSPITAL DR BADIM,J BADIM S A,M,5,HOSPITAL GERAL,2054,HOSPITAL_PRIVADO,SAO FRANCISCO XAVIER,390,,TIJUCA,20550013,,DIRETORIA@BADIM.COM.BR,158,0,59,0,59,0,0,0,0,0,0,0,0,0
202603,SUDESTE,RJ,330350,NOVA IGUACU,3051692,EMCOR,EMCOR HOSPITAL DO CORACAO E DE CLINICAS DE NOVA IGUACU LTDA,M,7,HOSPITAL ESPECIALIZADO,2062,HOSPITAL_PRIVADO,RUA NELSON RAMOS,733,,CENTRO,26210140,3759-8100,emcor.br@ig.com.br,36,4,7,2,7,2,0,0,0,0,0,0,0,0
202603,SUDESTE,RJ,330455,RIO DE JANEIRO,3057496,RRM REDE RIO DE MEDICINA,RRM REDE RIO DE MEDICINA LTDA,M,5,HOSPITAL GERAL,2062,HOSPITAL_PRIVADO,DELGADO DE CARVALHO,22,,TIJUCA,20260280,21-38729922,administracao.ht@assimmedical.com.br,54,0,18,0,18,0,0,0,0,0,0,0,0,0
202603,SUDESTE,RJ,330455,RIO DE JANEIRO,3058204,PROCOR PRONTO SOCORRO CLINICO E CARDIOLOGICO,PROCOR PRONTO SOCORRO CLINICO E CARDIOLOGICO LTDA,M,7,HOSPITAL ESPECIALIZADO,2062,HOSPITAL_PRIVADO,CAMBAUBA,280,,ILHA DO GOVERNADOR,21940001,,,73,0,0,0,0,0,0,0,0,0,0,0,0,0
202603,SUDESTE,RJ,330455,RIO DE JANEIRO,3058212,HOSPITAL DE IRAJA,HOSPITAL DE IRAJA QUATRO AMIGOS LTDA,M,5,HOSPITAL GERAL,2062,HOSPITAL_PRIVADO,RUA PEREIRA DE ARAUJO,44,,IRAJA,21235090,35120645,financeiro@hospitaliraja.com.br,47,0,18,0,18,0,0,0,0,0,0,0,0,0
202603,SUDESTE,RJ,330455,RIO DE JANEIRO,3058336,CLINICA CIRURGICA SANTA BARBARA,CLINICA CIRURGICA SANTA BARBARA LTDA,M,5,HOSPITAL GERAL,2062,HOSPITAL_PRIVADO,RUA PAULO BARRETO,41,E 51,BOTAFOGO,22280010,,,53,0,13,0,7,0,0,0,6,0,0,0,0,0
202603,SUDESTE,RJ,330330,NITEROI,3065634,CHN COMPLEXO HOSPITALAR DE NITEROI,IMPAR SERVICOS HOSPITALARES SA,M,5,HOSPITAL GERAL,2054,HOSPITAL_PRIVADO,RUA LA SALLE ENTR SUPL R DR CELESTINO 113 C ENTR,12,R MARQUES DE OLINDA,CENTRO,24020096,21 2729-1000,,210,0,10,0,0,0,0,0,10,0,0,0,0,0
202603,SUDESTE,RJ,330455,RIO DE JANEIRO,3075338,SAINT ROMAN,CASA DE SAUDE SAINT ROMAN LTDA,M,7,HOSPITAL ESPECIALIZADO,2062,HOSPITAL_PRIVADO,RUA ALMIRANTE ALEXANDRINO,1342,1354 E 1368,SANTA TEREZA,20241260,38618100,marcelloratto@saintroman.com.br,100,0,0,0,0,0,0,0,0,0,0,0,0,0
202603,SUDESTE,RJ,330455,RIO DE JANEIRO,3094766,NIG BARRA,CLINICA BARRA DA TIJUCA,M,15,UNIDADE MISTA,2062,HOSPITAL_PRIVADO,RUA EINSTEIN,130,,BARRA DA TIJUCA,22611240,2124938867,administrativo@plenosaude.com.br,54,0,0,0,0,0,0,0,0,0,0,0,0,0
202603,SUDESTE,RJ,330455,RIO DE JANEIRO,3094987,NIG LEBLON,CASA GERIATRICA LEBLON LTDA,M,7,HOSPITAL ESPECIALIZADO,2062,HOSPITAL_PRIVADO,JUQUIA,18,PREDIO,LEBLON,22441080,2122743146,atendimento@nig-leblon.com.br,32,0,0,0,0,0,0,0,0,0,0,0,0,0
202603,SUDESTE,RJ,330455,RIO DE JANEIRO,3095002,NIG FLAMENGO,CASA GERIATRICA PAISSANDU LTDA,M,7,HOSPITAL ESPECIALIZADO,2062,HOSPITAL_PRIVADO,PAISSANDU,231,,FLAMENGO,22210080,11 95815921,FELIPE.FERRAZ@PREMIERHOSPITAL.COM.BR,50,0,0,0,0,0,0,0,0,0,0,0,0,0
202603,SUDESTE,RJ,330455,RIO DE JANEIRO,3095142,CENTRO REUMATOLOGICO BOTAFOGO,CREB CENTRO DE REUMATOLOGIA E ORTOPEDIA BOTAFOGO LTDA,M,5,HOSPITAL GERAL,2054,HOSPITAL_PRIVADO,RUA VOLUNTARIOS DA PATRIA,408,,BOTAFOGO,22270010,2131828282,CONTATO@CNESRIO.COM.BR,3,0,0,0,0,0,0,0,0,0,0,0,0,0
202603,SUDESTE,RJ,330455,RIO DE JANEIRO,3096513,SOS CORACAO,S O S CORACAO LTDA,M,7,HOSPITAL ESPECIALIZADO,2240,HOSPITAL_PRIVADO,JAGUARUNA,105,PARTE,CAMPO GRANDE,23052090,021 33843543,soscoracao@csnsc.com.br,5,0,0,0,0,0,0,0,0,0,0,0,0,0
202603,SUDESTE,RJ,330350,NOVA IGUACU,3096629,PSIL NOVA IGUACU,CENTRO PEDIATRICO DE NOVA IGUACU LTDA,M,21,PRONTO SOCORRO ESPECIALIZADO,2240,HOSPITAL_PRIVADO,RUA ANTONIO RABELO GUIMARAES,195,,CALIFORNIA,26216140,(21)27679815,grupocpni@gamil.com,4,0,0,0,0,0,0,0,0,0,0,0,0,0
202603,SUDESTE,RJ,330455,RIO DE JANEIRO,3113205,CASA DE PORTUGAL,CASA DE PORTUGAL,M,5,HOSPITAL GERAL,3999,HOSPITAL_FILANTRÓPICO,RUA DO BISPO,72,,RIO COMPRIDO,20261063,3987 7300,assuntos.regulatorios@hospitalcasa.com.br,144,0,68,0,68,0,0,0,0,0,0,0,0,0
202603,SUDESTE,RJ,330330,NITEROI,3127451,CLIPE CLINICA PEDIATRICA LTDA,CLIPE CLINICA PEDIATRICA LTDA,M,7,HOSPITAL ESPECIALIZADO,2062,HOSPITAL_PRIVADO,RUA TIRADENTES,12,E 18,INGA,24210510,21 26222040,,60,0,24,0,0,0,4,0,20,0,0,0,0,0
202603,SUDESTE,RJ,330510,SAO JOAO DE MERITI,3130339,CASA DE SAUDE E MATERNIDADE TEREZINHA DE JESUS LTDA,CASA DE SAUDE E MATERNIDADE TEREZINHA DE JESUS LTDA,M,5,HOSPITAL GERAL,2062,HOSPITAL_PRIVADO,GESSYR GONCALVES FONTES,153,,CENTRO,25520570,,,81,0,30,0,10,0,0,0,20,0,0,0,0,0
202603,SUDESTE,RJ,330100,CAMPOS DOS GOYTACAZES,3132471,HOSPITAL GERAL PRONTO CARDIO,HOSPITAL GERAL PRONTO CARDIO LTDA,M,5,HOSPITAL GERAL,2062,HOSPITAL_PRIVADO,RUA DR LACERDA SOBRINHO,225,,CENTRO,28010076,(22)2737-6060,,38,0,9,0,9,0,0,0,0,0,0,0,0,0
202603,SUDESTE,RJ,330350,NOVA IGUACU,3152626,UPNI,URGENCIA PEDIATRICA DE NOVA IGUACU LTDA,M,7,HOSPITAL ESPECIALIZADO,2062,HOSPITAL_PRIVADO,RUA BERNARDINO DE MELO,1465,,CENTRO,26250060,(21)26673724,,37,0,28,0,0,0,16,0,12,0,0,0,0,0
202603,SUDESTE,RJ,330455,RIO DE JANEIRO,3187837,HOSPITAL PRO CARDIACO,ESHO EMPRESA DE SERVICOS HOSPITALARES SA,M,5,HOSPITAL GERAL,2054,HOSPITAL_PRIVADO,RUA DONA MARIANA,217,219 223,BOTAFOGO,22280020,21 2528-1442,SIMONE.BAPTISTA@AMERICASMED.COM.BR,105,0,36,0,36,0,0,0,0,0,0,0,0,0
202603,SUDESTE,RJ,330452,RIO DAS OSTRAS,3193993,HOSPITAL GRAND MATER,HOSPITAL GRAND MATER LTDA,M,5,HOSPITAL GERAL,2062,HOSPITAL_PRIVADO,RUA RIO DE JANEIRO,192,QD16 LT11 12 22 23,EXTENSAO DO BOSQUE,28893334,22 27646406,financeiro@clinicamaterdei.com.br,10,0,0,0,0,0,0,0,0,0,0,0,0,0
202603,SUDESTE,RJ,330610,VALENCA,3211649,HOSPITAL DE CLINICAS MARQUES DE VALENCA,UNIMED MARQUES DE VALENCA COOPERATIVA TRABALHO MEDICO LTDA,M,5,HOSPITAL GERAL,2143,HOSPITAL_PRIVADO,AVENIDA DO CONTORNO,800,,JARDIM VALENCA,27603370,(24) 2453-9700,hcmv@mvalenca.unimed.com.br,20,0,0,0,0,0,0,0,0,0,0,0,0,0
202603,SUDESTE,RJ,330455,RIO DE JANEIRO,3248720,ORTHOS CLINICA,ORTHOS CLINICA DO APARELHO LOCOMOTOR LTDA,M,7,HOSPITAL ESPECIALIZADO,2240,HOSPITAL_PRIVADO,LEOPOLDINA REGO,774,ANEXO 778,PENHA,21021522,21 25642648,,2,0,0,0,0,0,0,0,0,0,0,0,0,0
202603,SUDESTE,RJ,330330,NITEROI,3296806,HOSPITAL SAO LUCAS,HOSPITAL SAO LUCAS DE NITEROI ASSIM MEDICAL LTDA,M,5,HOSPITAL GERAL,2062,HOSPITAL_PRIVADO,RUA DR MARCH,207,,BARRETO,24110650,21 27202090,administracao.hsl@assimmedical.com.br,52,0,0,0,0,0,0,0,0,0,0,0,0,0
202603,SUDESTE,RJ,330100,CAMPOS DOS GOYTACAZES,3315916,CLINICA CIRURGICA E MATERNIDADE LILIA NEVES,CLINICA CIRURGICA E MATERNIDADE LILIA NEVES LTDA,M,5,HOSPITAL GERAL,2062,HOSPITAL_PRIVADO,RUA CONSELHEIRO OTAVIANO,129,,CENTRO,28010140,(22)27333455,,40,0,2,0,0,0,0,0,2,0,0,0,0,0
202603,SUDESTE,RJ,330100,CAMPOS DOS GOYTACAZES,3315924,UTI NEONATAL NICOLA ALBANO,CEPLIN INSTITUTO DE NEONATOLOGIA E PEDIATRIA LTDA,M,7,HOSPITAL ESPECIALIZADO,2062,HOSPITAL_PRIVADO,RUA CONSELHEIRO OTAVIANO,129,,CENTRO,28010140,22 27333755,neoadm@utinicolaalbano.com.br,59,0,58,0,0,0,10,0,48,0,0,0,0,0
202603,SUDESTE,RJ,330455,RIO DE JANEIRO,3333868,HOSPITAL RIOMAR,HOSPITAL DE CLINICAS RIOMAR BARRA LTDA,M,5,HOSPITAL GERAL,2062,HOSPITAL_PRIVADO,AVENIDA CANDIDO PORTINARI,555,,BARRA DA TIJUCA,22793312,,legalizacao.obras@rededor.com.br,84,0,25,0,15,0,0,0,0,0,0,0,10,0
202603,SUDESTE,RJ,330455,RIO DE JANEIRO,3357783,CLINICA ENIO SERRA,CLINICA ENIO SERRA LTDA,M,5,HOSPITAL GERAL,2062,HOSPITAL_PRIVADO,SOARES CABRAL,36,,LARANJEIRAS,22240070,21 21256912,PEFCONTABIL@BOL.COM.BR,45,0,17,0,17,0,0,0,0,0,0,0,0,0
202603,SUDESTE,RJ,330240,MACAE,3410374,UTI NEONATAL NICOLA ALBANO,UTI NEONATAL NICOLA ALBANO LTDA,M,7,HOSPITAL ESPECIALIZADO,2062,HOSPITAL_PRIVADO,RUA MARECHAL DEODORO,565,,CENTRO,27910310,(22)27626436,neoadm@utinicolaalbano.com.br,22,0,21,0,0,0,0,0,21,0,0,0,0,0
202603,SUDESTE,RJ,330330,NITEROI,3450678,CLINICA PATER SAUDE MENTAL ALDEIA,CLINICA PATER LTDA,M,7,HOSPITAL ESPECIALIZADO,2062,HOSPITAL_PRIVADO,CAETANO MONTEIRO,1800,,BADU,24320570,21 27194465,CONCEICAOLEGALIZACAO@GMAIL.COM,70,0,0,0,0,0,0,0,0,0,0,0,0,0
202603,SUDESTE,RJ,330210,ITAOCARA,3470350,HOSPITAL MUNICIPAL DE ITAOCARA,MUNICIPIO DE ITAOCARA,M,5,HOSPITAL GERAL,1244,HOSPITAL_PÚBLICO,PRACA TOLEDO PIZZA,151,,CENTRO,28570000,(22)38612250,hospital_hmi@hotmaill.com,44,44,0,0,0,0,0,0,0,0,0,0,0,0
202603,SUDESTE,RJ,330455,RIO DE JANEIRO,3521133,HOSPITAL CEMERU,AMESC ASSOCIACAO MEDICA ESPIRITA CRISTA,M,5,HOSPITAL GERAL,3999,HOSPITAL_FILANTRÓPICO,AVENIDA FELIPE CARDOSO,1025,,SANTA CRUZ,23510000,2124183389,SOCIETARIA.CONTABILIDADE@CEMERU.COM,115,0,38,0,19,0,9,0,10,0,0,0,0,0
202603,SUDESTE,RJ,330455,RIO DE JANEIRO,3521168,HOSPITAL ILHACOR,CASA DE SAUDE SAO BENTO LTDA,M,5,HOSPITAL GERAL,2062,HOSPITAL_PRIVADO,RUA MANUEL BONFIM,76,,ZUMBI,21930200,,,32,0,0,0,0,0,0,0,0,0,0,0,0,0
202603,SUDESTE,RJ,330455,RIO DE JANEIRO,3531228,SEMIU SERVICOS DE ESP MED E INT DE URGENCIA,SEMIU SERVICOS DE ESPECIALIDADES MEDICAS AMBULATORIAIS E CON,M,5,HOSPITAL GERAL,2062,HOSPITAL_PRIVADO,AV VICENTE DE CARVALHO,1159,,VILA DA PENHA,21210623,21 33915457,gestao@semiu.com.br,175,0,37,0,22,0,0,0,0,0,0,0,15,0
202603,SUDESTE,RJ,330455,RIO DE JANEIRO,3541207,CALREN HOSPITAL DO CALCULO RENAL,CALREN HOSPITAL DE URGENCIAS UROLOGICAS LTDA,M,7,HOSPITAL ESPECIALIZADO,2240,HOSPITAL_PRIVADO,RUA GENERAL ORLANDO GAISEL,100,XXXX,RECREIO DOS BANDEIRA,22790280,(21) 2430-2500,calrenhospital@yahoo.com.br,10,0,1,0,1,0,0,0,0,0,0,0,0,0
202603,SUDESTE,RJ,330455,RIO DE JANEIRO,3543579,HOSPITAL QUALI IPANEMA,INSTITUTO CIRURGICO GABRIEL DE LUCENA LTDA,M,5,HOSPITAL GERAL,2062,HOSPITAL_PRIVADO,BARAO DA TORRE,145,151 E 151 A,IPANEMA,22411001,,,17,0,4,0,4,0,0,0,0,0,0,0,0,0
202603,SUDESTE,RJ,330250,MAGE,3556441,CEMEP,CEMEP CENTRO MEDICO DE PIABETA LTDA,M,7,HOSPITAL ESPECIALIZADO,2062,HOSPITAL_PRIVADO,RUA CARAMURU,108,,PIABETA INHOMIRIM,25931806,(21)27391639,cemepcentromedico@yahoo.com.br,4,0,0,0,0,0,0,0,0,0,0,0,0,0
202603,SUDESTE,RJ,330590,TRAJANO DE MORAES,3584968,HOSPITAL MUNICIPAL FRANCISCO LIMONGI,MUNICIPIO DE TRAJANO DE MORAES,M,5,HOSPITAL GERAL,1244,HOSPITAL_PÚBLICO,RUA NEY FORTUNA,30,ATRAS DO CAMPO,CENTRO,28750000,(22)25641102,hflimongi@hotmail.com,41,41,0,0,0,0,0,0,0,0,0,0,0,0
202603,SUDESTE,RJ,330330,NITEROI,3587053,CENTRO ORTOPEDICO,CENTRO ORTOPEDICO SAO LUCAS LTDA,M,5,HOSPITAL GERAL,2062,HOSPITAL_PRIVADO,GAL PEREIRA DA SILVA,278,,ICARAI,24220031,21 27193535,,53,0,14,0,14,0,0,0,0,0,0,0,0,0
202603,SUDESTE,RJ,330330,NITEROI,3594432,HOSPITAL NITEROI DOR,HOSPITAL FLUMINENSE S A,D,5,HOSPITAL GERAL,2054,HOSPITAL_PRIVADO,SETE DE SETEMBRO,301,ENTR SUPL RUA MARI,SANTA ROSA,24230251,21 26079150,legalizacao.obras@rededor.com.br,158,7,91,0,85,0,6,0,0,0,0,0,0,0
202603,SUDESTE,RJ,330455,RIO DE JANEIRO,3603539,HOSPITAL ISRAELITA ALBERT SABIN,ASSOCIACAO BENEFICENTE ISRAELITA DO RIO DE JANEIRO,M,5,HOSPITAL GERAL,3999,HOSPITAL_FILANTRÓPICO,PROFESSOR GABIZO,319,,MARACANA,20271065,21 21768800,ALFREDO.PAULO@BADIM.COM.BR,56,0,10,0,10,0,0,0,0,0,0,0,0,0
202603,SUDESTE,RJ,330520,SAO PEDRO DA ALDEIA,3621316,HOSPITAL PEDIATRICO LAGOS,HOSPITAL PEDIATRICO LAGOS,M,7,HOSPITAL ESPECIALIZADO,2062,HOSPITAL_PRIVADO,RUA TEIXEIRA BRANDAO,19,,ESTACAO,28941186,(22) 3199 1356,contato@hplagos.med.br,43,0,33,0,0,0,13,0,20,0,0,0,0,0
202603,SUDESTE,RJ,330455,RIO DE JANEIRO,3784630,HOSPITAL DO MEIER,RRM REDE RIO DE MEDICINA LTDA,M,5,HOSPITAL GERAL,2062,HOSPITAL_PRIVADO,TENENTE COSTA,160,,MEIER,20775080,21 31549350,luciana.pereira@assimmedical.com.br,80,0,10,0,10,0,0,0,0,0,0,0,0,0
202603,SUDESTE,RJ,330190,ITABORAI,3784916,SES RJ HOSP EST PREF JOAO BATISTA CAFFARO,SECRETARIA DE ESTADO DE SAUDE SES,E,5,HOSPITAL GERAL,1023,HOSPITAL_PÚBLICO,OSORIO COSTA,S/N,NAO HA,CENTRO,24800001,21 26359395,mbiasi@ideas.med.br,128,85,50,7,50,7,0,0,0,0,0,0,0,0
202603,SUDESTE,RJ,330455,RIO DE JANEIRO,3947262,HOSPITAL CASA SANTA CRUZ HOSPITAL GERAL ADMINISTRACAO E GE,HOSPITAL CASA SANTA CRUZ HOSPITAL GERAL ADMINISTRACAO E GE,M,5,HOSPITAL GERAL,2062,HOSPITAL_PRIVADO,RUA NESTOR,00131,,SANTA CRUZ,23515680,,assuntos.regulatorios@hospitalcasa.com.br,84,0,30,0,20,0,10,0,0,0,0,0,0,0
202603,SUDESTE,RJ,330390,PETROPOLIS,3972976,HOSPITAL UNIMED,UNIMED PETROPOLIS COOPERATIVA DE TRABALHO MEDICO,M,5,HOSPITAL GERAL,2143,HOSPITAL_PRIVADO,RUA DO EXPEDICIONARIO,144,,BINGEN,25660290,2291-9840,diretoriahu@unimedpetropolis.com.br,64,0,4,0,0,0,0,0,4,0,0,0,0,0
202603,SUDESTE,RJ,330020,ARARUAMA,3988732,HCLAGOS,HOSPITAL DAS CLINICAS DA REGIAO DOS LAGOS S A,M,5,HOSPITAL GERAL,2054,HOSPITAL_PRIVADO,AV NILO PECANHA,835,EDIFICIO,CENTRO,28979285,2226656040,hclagos@yahoo.com.br,25,0,7,0,7,0,0,0,0,0,0,0,0,0
202603,SUDESTE,RJ,330455,RIO DE JANEIRO,4002806,CLINIPAM,CLINIPAM CLINICA PARANAENSE DE ASSISTENCIA MEDICA LTDA,M,7,HOSPITAL ESPECIALIZADO,2062,HOSPITAL_PRIVADO,ESTRAD DOS TRES RIOS,610,,FREGUESIA,22745005,21 21040705,IVANA.PORTO@HAPVIDA.COM.BR,13,0,0,0,0,0,0,0,0,0,0,0,0,0
202603,SUDESTE,RJ,330455,RIO DE JANEIRO,4012666,CLINIPAM CLINICA PARANAENS DE ASSISTENCIA MEDICA LTDA,CLINIPAM CLINICA PARANAENS DE ASSISTENCIA MEDICA LTDA,M,7,HOSPITAL ESPECIALIZADO,2062,HOSPITAL_PRIVADO,ESTRADA DOSTRES RIOS,542,,FREGUESIA,22745005,2121040705,IVANA.PORTO@HAPVIDA.COM.BR,31,0,10,0,0,0,0,0,10,0,0,0,0,0
202603,SUDESTE,RJ,330420,RESENDE,4042859,UTI INFANTIL DO MEDIO PARAIBA,UTI INFANTIL DO MEDIO PARAIBA LTDA,M,7,HOSPITAL ESPECIALIZADO,2062,HOSPITAL_PRIVADO,RUA ELZA DA SILVA DUARTE,71,PISO TERREO,CAMPO DO MANEJO,27520005,(24) 3028-0144,rh@utisupere.com.br,10,0,9,0,0,0,5,0,4,0,0,0,0,0
202603,SUDESTE,RJ,330455,RIO DE JANEIRO,4068432,PLACI BARRA,HOSPITAL PLACI BARRA LTDA,M,5,HOSPITAL GERAL,2062,HOSPITAL_PRIVADO,AVENIDA LUIS CARLOS PRESTES,180,,BARRA DA TIJUCA,22775055,,t.nogueira@placi.com.br,34,0,0,0,0,0,0,0,0,0,0,0,0,0
202603,SUDESTE,RJ,330550,SAQUAREMA,4089189,HOSPITAL MUNICIPAL NOSSA SENHORA DE NAZARETH,MUNICIPIO DE SAQUAREMA,M,5,HOSPITAL GERAL,1244,HOSPITAL_PÚBLICO,FABIO LUCIO DOS SANTOS,158,BARREIRA,VERDE VALE,28994434,22 26514821,SAUDE@SAQUAREMA.RJ.GOV.BR,87,87,20,20,10,10,10,10,0,0,0,0,0,0
202603,SUDESTE,RJ,330040,BARRA MANSA,4090101,SEST SERVICO SOCIAL DO TRANSPORTE,SEST SERVICO SOCIAL DO TRANSPORTE,M,15,UNIDADE MISTA,3077,HOSPITAL_FILANTRÓPICO,JOAO BRABO,05,,BARBARA,27330600,61 33157000,CNPJ@SESTSENAT.ORG.BR,4,0,0,0,0,0,0,0,0,0,0,0,0,0
202603,SUDESTE,RJ,330040,BARRA MANSA,4104269,PLAZA MEDICAL SERVICOS ESPECIALIZADOS EM SAUDE,PLAZA MEDICAL SERVICOS ESPECIALIZADOS EM SAUDE LTDA,M,7,HOSPITAL ESPECIALIZADO,2062,HOSPITAL_PRIVADO,TENENTE JOSE EDUARDO,200,,ANO BOM,27323240,24 33420298,G2CCONTABILIDADE@UOL.COM.BR,10,0,10,0,0,0,0,0,10,0,0,0,0,0
202603,SUDESTE,RJ,330280,MENDES,4123069,SAO MARCELINO CHAMPAGNAT,MUNICIPIO DE MENDES,M,5,HOSPITAL GERAL,1244,HOSPITAL_PÚBLICO,RJ127 KM30,S/N,,GONZALES,26700000,,,61,61,0,0,0,0,0,0,0,0,0,0,0,0
202603,SUDESTE,RJ,330455,RIO DE JANEIRO,4171330,HOSPITAL CASA MENSSANA,HOSPITAL CASA MENSSANA HOSPITAL GERAL ADM E GESTAO HOSP,M,7,HOSPITAL ESPECIALIZADO,2062,HOSPITAL_PRIVADO,RUA MARECHAL JOFRE,30,,GRAJAU,20560185,,,46,0,0,0,0,0,0,0,0,0,0,0,0,0
202603,SUDESTE,RJ,330455,RIO DE JANEIRO,4172140,ORPEXPLOIT BRASIL RESIDENCIAIS E CLINICAS PARA IDOSOS,ORPEXPLOIT BRASIL RESIDENCIAIS E CLINICAS,M,7,HOSPITAL ESPECIALIZADO,2062,HOSPITAL_PRIVADO,PAULO DE FRONTIN,756,,RIO COMPRIDO,20261243,,legalizacao@bslsaude.com.br,60,0,0,0,0,0,0,0,0,0,0,0,0,0
202603,SUDESTE,RJ,330100,CAMPOS DOS GOYTACAZES,4174941,HOSPITAL NURSING CARE,HOSPITAL NURSING CARE LTDA,M,5,HOSPITAL GERAL,2062,HOSPITAL_PRIVADO,AVENIDA DR ARTHUR BERNARDES,1583,1599,FLAMBOYANT II,28015325,22 27242982,ATENDIMENTO@HOSPITALNURSINGCARE.COM.BR,50,0,0,0,0,0,0,0,0,0,0,0,0,0
202603,SUDESTE,RJ,330455,RIO DE JANEIRO,4176030,HOSPITAL DE CLINICAS RIO MAR BARRA HIG,HOSPITAL INTEGRADOS DA GAVEA S A,M,5,HOSPITAL GERAL,2054,HOSPITAL_PRIVADO,AVENIDA CANDIDO PORTINARI,555,,BARRA DA TIJUCA,22793312,,legalizacao.obras@rededor.com.br,84,0,25,0,15,0,0,0,0,0,0,0,10,0
202603,SUDESTE,RJ,330455,RIO DE JANEIRO,4228391,MATERNIDADE PERINATAL BARRA,REDE DOR SAO LUIZ S A,M,7,HOSPITAL ESPECIALIZADO,2046,HOSPITAL_PRIVADO,AVENIDA EMBAIXADOR ABELARDO BUENO,201,LOT 02 PAL 46985,BARRA DA TIJUCA,22775040,2137222000,silvana.moura@rededor.com.br,161,8,81,0,17,0,12,0,52,0,0,0,0,0
202603,SUDESTE,RJ,330240,MACAE,4249216,NOVO HOSPITAL DA UNIMED,UNIMED DE MACAE COOPERATIVA DE ASSISTENCIA A SAUDE,M,5,HOSPITAL GERAL,2143,HOSPITAL_PRIVADO,ESTRADA HEROINA LIMA VIEIRA AZEVEDO,73,,GLORIA,27933030,(22) 2105-8008,diretoriahospital@costadosol.unimed.com.br,153,0,57,0,37,0,10,0,10,0,0,0,0,0
202603,SUDESTE,RJ,330580,TERESOPOLIS,4278399,NEONATAL TERESOPOLIS,REDE DOR SAO LUIZ S A,M,7,HOSPITAL ESPECIALIZADO,2046,HOSPITAL_PRIVADO,DELFIM MOREIRA,2149,3 ANDAR PARTE,VALE DO PARAISO,25976016,21 80537012,marcus.costaf@rededor.com.br,12,0,0,0,0,0,0,0,0,0,0,0,0,0
202603,SUDESTE,RJ,330095,COMENDADOR LEVY GASPARIAN,4296702,CLINICA MEDICA TRIUNFO,CLINICA MEDICATRIUNFO LTDA,M,7,HOSPITAL ESPECIALIZADO,2062,HOSPITAL_PRIVADO,EST UNIAO INDUSTRIA,S/N,KM 142,ZONA RURAL,25875000,(32) 3224-3374,MODERNOSCONTABILIDADE@HOTMAIL.COM,50,0,0,0,0,0,0,0,0,0,0,0,0,0
202603,SUDESTE,RJ,330455,RIO DE JANEIRO,4316908,CENTRO PEDIATRICO DE SAUDE INTEGRADA,CENTRO PEDIATRICO DE SAUDE INTEGRADA LTDA,M,7,HOSPITAL ESPECIALIZADO,2062,HOSPITAL_PRIVADO,AV LINEU DE PAULA MACHADO,64,,LAGOA,22470040,,analistadp@prontobaby.com.br,16,0,0,0,0,0,0,0,0,0,0,0,0,0
202603,SUDESTE,RJ,330455,RIO DE JANEIRO,4549082,LARANJEIRAS PLASTIC DAY,LARANJEIRAS HOSPITAL E CLINICA CIRURGICA LTDA,M,5,HOSPITAL GERAL,2062,HOSPITAL_PRIVADO,SOARES CABRAL,00038,,LARANJEIRAS,22240070,21 41059920,CAAFF.ASSESSORIA.RJ@GMAIL.COM,5,0,0,0,0,0,0,0,0,0,0,0,0,0
202603,SUDESTE,RJ,330455,RIO DE JANEIRO,4575474,SMS MATERNIDADE DA ROCINHA AP 21,SMS RIO MATERNIDADE DA ROCINHA AP 21,M,7,HOSPITAL ESPECIALIZADO,1031,HOSPITAL_PÚBLICO,AV NIEMEYER,776,,SAO CONRADO,22450221,,,9,9,0,0,0,0,0,0,0,0,0,0,0,0
202603,SUDESTE,RJ,330340,NOVA FRIBURGO,4613988,SES RJ HOSPITAL ESTADUAL ONCOLOGICO DE NOVA FRIBURGO,SECRETARIA DE ESTADO DE SAUDE SES,E,7,HOSPITAL ESPECIALIZADO,1023,HOSPITAL_PÚBLICO,AVENIDA HAMBURGO,2379,,PONTE DA SAUDADE,28615230,,,49,40,9,0,9,0,0,0,0,0,0,0,0,0
202603,SUDESTE,RJ,330490,SAO GONCALO,4628799,HOSPITAL GERAL DE SAO GONCALO,MUNICIPIO DE SAO GONCALO,M,5,HOSPITAL GERAL,1244,HOSPITAL_PÚBLICO,RUA SA CARVALHO,686,,VILA IARA,24440710,,,94,54,40,0,40,0,0,0,0,0,0,0,0,0
202603,SUDESTE,RJ,330630,VOLTA REDONDA,4643488,PLAZA MEDICAL SERVICOS ESPECIALIZADOS EM SAUDE LTDA,PLAZA MEDICAL SERVICOS ESPECIALIZADOS EM SAUDE LTDA,M,7,HOSPITAL ESPECIALIZADO,2062,HOSPITAL_PRIVADO,NOSSA SENHORA DAS GRACAS,235,PARTE,SAO GERALDO,27253610,24 33420298,G2CCONTABILIDADE@UOL.COM.BR,11,1,10,0,0,0,0,0,10,0,0,0,0,0
202603,SUDESTE,RJ,330455,RIO DE JANEIRO,4734785,IPANEMA SERV DE ASSIST MED CIR INF,IPANEMA SERV DE ASSIST MED CIR INF LTDA,M,7,HOSPITAL ESPECIALIZADO,2062,HOSPITAL_PRIVADO,AV EPITACIO PESSOA,5030,,LAGOA,22471006,,analistadp@prontobaby.com.br,1,0,0,0,0,0,0,0,0,0,0,0,0,0
202603,SUDESTE,RJ,330490,SAO GONCALO,4766679,VISATTO SERVICOS MEDICOS OFTALMOLOGICOS LTDA,VISATTO SERVICOS MEDICOS OFTALMOLOGICOS LTDA,M,7,HOSPITAL ESPECIALIZADO,2062,HOSPITAL_PRIVADO,DR NILO PECANHA,56,SALAS 04 05 06 07,CENTRO,24445360,(22) 98824-3382,VISATTOFINANCEIRO@GMAIL.COM,1,1,0,0,0,0,0,0,0,0,0,0,0,0
202603,SUDESTE,RJ,330170,DUQUE DE CAXIAS,4832256,HOSPITAL MUNICIPAL DO CORACAO SAO JOSE,SECRETARIA MUNICIPAL DE SAUDE DE DUQUE DE CAXIAS,M,7,HOSPITAL ESPECIALIZADO,1031,HOSPITAL_PÚBLICO,RUA NOBRE DE LACERDA,111,,VILA FLAVIA,25010260,,,48,18,30,0,30,0,0,0,0,0,0,0,0,0
202603,SUDESTE,RJ,330100,CAMPOS DOS GOYTACAZES,4888030,HOSPITAL DE OLHOS DE CAMPOS,HOSPITAL DE OLHOS DE CAMPOS LTDA,M,7,HOSPITAL ESPECIALIZADO,2062,HOSPITAL_PRIVADO,28 DE MARCO,545,,PARQUE SANTO AMARO,28020740,22 21312647,CONTATO@ESCRIMAR.COM.BR,1,0,0,0,0,0,0,0,0,0,0,0,0,0
202603,SUDESTE,RJ,330390,PETROPOLIS,4901541,SAUDE MAIS CENTRO MEDICO LDTA,SAUDE MAIS CENTRO MEDICO LDTA,M,5,HOSPITAL GERAL,2062,HOSPITAL_PRIVADO,UNIAO E INDUSTRIA,2501,PARTE 01,CORREAS,25720062,24 22363738,DIRECAOHCC@GMAIL.COM,91,0,45,0,45,0,0,0,0,0,0,0,0,0
202603,SUDESTE,RJ,330240,MACAE,4906349,HOSPITAL MACAE,PACIFICO OPERACOES HOSPITALARES S A,M,5,HOSPITAL GERAL,2054,HOSPITAL_PRIVADO,AVENIDA ALUIZIO DA SILVA GOMES,787,,GLORIA,27930560,(22) 2763-4000,legalizacao.obras@rededor.com.br,98,0,35,0,25,0,0,0,10,0,0,0,0,0
202603,SUDESTE,RJ,330455,RIO DE JANEIRO,4922816,REVIT HOSPITAIS,REVIT HOSPITAIS LTDA,M,5,HOSPITAL GERAL,2062,HOSPITAL_PRIVADO,R JARDIM BOTANICO,660,,JARDIM BOTANICO,22461002,(21) 2508-1637,FINANCEIRO@ELDRY.COM.BR,15,0,0,0,0,0,0,0,0,0,0,0,0,0
202603,SUDESTE,RJ,330490,SAO GONCALO,4930371,HOSPITAL SAO LUCAS DE NITEROI ASSIM MEDICAL,HOSPITAL SAO LUCAS DE NITEROI ASSIM MEDICAL LTDA,M,5,HOSPITAL GERAL,2062,HOSPITAL_PRIVADO,R CORONEL SERRADO,688,,ZE GAROTO,24440001,(21) 2102-9782,,20,0,0,0,0,0,0,0,0,0,0,0,0,0
202603,SUDESTE,RJ,330455,RIO DE JANEIRO,4935306,HOSPITAL BARRA DOR II,HOSPITAL ESPERANCA SA,M,5,HOSPITAL GERAL,2054,HOSPITAL_PRIVADO,AVENIDA NELSON MUFARREJ,255,,BARRA DA TIJUCA,22775050,(21)24303600,marcus.costaf@rededor.com.br,203,0,56,0,36,0,0,0,0,0,0,0,20,0
202603,SUDESTE,RJ,330455,RIO DE JANEIRO,5034302,TIJUTRAUMA 613,CENTRO ORTOPEDICO TRAUMATOLOGICO TIJUCA LTDA,M,7,HOSPITAL ESPECIALIZADO,2062,HOSPITAL_PRIVADO,ANTONIO BASILIO,613,,TIJUCA,20511190,,,62,0,0,0,0,0,0,0,0,0,0,0,0,0
202603,SUDESTE,RJ,330420,RESENDE,5042062,NEOVIDA RESENDE,CENTRO DE TERAPIA INTENSIVA NEOVIDA RESENDE LTDA,M,7,HOSPITAL ESPECIALIZADO,2062,HOSPITAL_PRIVADO,RUA CADETE EDSON,38,1 ANDAR,MONTESE,27541060,(24) 3355-8114/8390,neovidaresende@gmail.com,17,0,15,0,0,0,5,0,10,0,0,0,0,0
202603,SUDESTE,RJ,330330,NITEROI,5042488,MATERNIDADE MUNICIPAL DRA ALZIRA REIS VIEIRA FERREIRA,FUNDACAO MUNICIPAL DE SAUDE DE NITEROI,M,7,HOSPITAL ESPECIALIZADO,1155,HOSPITAL_PÚBLICO,RUA CARLOS ERMELINDO MARINS,S/N,,JURUJUBA,24370195,2136110107,admmarvf2@gmail.com,32,32,0,0,0,0,0,0,0,0,0,0,0,0
202603,SUDESTE,RJ,330280,MENDES,5057531,HOSPITAL MUNICIPAL SANTA MARIA,MUNICIPIO DE MENDES,M,5,HOSPITAL GERAL,1244,HOSPITAL_PÚBLICO,RUA CAPITAO MEXIAS,112,,CENTRO,26700000,2424652240,,22,21,0,0,0,0,0,0,0,0,0,0,0,0
202603,SUDESTE,RJ,330320,NILOPOLIS,5073898,DOMINGOS LOURENCO HOSPITAL E MATERNIDADE,CLINICA MATERNO INFANTIL DOMINGOS LOURENCO LTDA,M,7,HOSPITAL ESPECIALIZADO,2240,HOSPITAL_PRIVADO,RUA ALFREDO GONCALVES FILGUEIRAS,230,,CENTRO,26525060,21 32369300,assdir@domingoslourenco.com.br,61,0,31,0,1,0,0,0,30,0,0,0,0,0
202603,SUDESTE,RJ,330460,SANTA MARIA MADALENA,5095824,HOSPITAL BASILEU ESTRELA,MUNICIPIO DE SANTA MARIA MADALENA,M,5,HOSPITAL GERAL,1244,HOSPITAL_PÚBLICO,RUA BARAO DE MACABU,17,,CENTRO,28770000,2225611768,,23,23,0,0,0,0,0,0,0,0,0,0,0,0
202603,SUDESTE,RJ,330100,CAMPOS DOS GOYTACAZES,5108969,HOSPITAL UNIMED,UNIMED CAMPOS COOPERATIVA TRABALHO MEDICO,M,5,HOSPITAL GERAL,2143,HOSPITAL_PRIVADO,RUA VISCONDE DE ITABORAI,347,,PQ ROSARIO,28027142,22 21010650,,125,0,29,0,19,0,4,0,6,0,0,0,0,0
202603,SUDESTE,RJ,330455,RIO DE JANEIRO,5158044,HOSPITAL NAVAL MARCILIO DIAS,COMANDO DA MARINHA,M,5,HOSPITAL GERAL,1015,HOSPITAL_PÚBLICO,CESAR ZAMA,185,,LINS DE VASCONCELOS,20725090,,,561,0,67,0,41,0,6,0,10,0,0,0,10,0
202603,SUDESTE,RJ,330455,RIO DE JANEIRO,5160308,PRONTOBABY HOSPITAL DA CRIANCA,PRONTOBABY HOSPITAL DA CRIANCA LTDA,M,7,HOSPITAL ESPECIALIZADO,2062,HOSPITAL_PRIVADO,RUA ADOLFO MOTA 81,81,,TIJUCA,20540100,,,119,0,41,0,0,0,41,0,0,0,0,0,0,0
202603,SUDESTE,RJ,330455,RIO DE JANEIRO,5188326,LLAK MEDICINA NEONATAL LTDA MATRIZ,LLAK MEDICINA NEONATAL LTDA,M,7,HOSPITAL ESPECIALIZADO,2062,HOSPITAL_PRIVADO,RUA SILVA CARDOSO,711,3 ANDAR,BANGU,21810031,2124132003,ursula@neonatal.com.br,2,0,1,0,0,0,0,0,1,0,0,0,0,0
202603,SUDESTE,RJ,330350,NOVA IGUACU,5237424,HOSPITAL CATARINA,HOSPITAL CLINICO CIRURGICO CATARINA LTDA,M,5,HOSPITAL GERAL,2062,HOSPITAL_PRIVADO,AVENIDA ABILIO AUGUSTO TAVORA 2451,2451,LOTE 10,DA LUZ,26260045,(21) 97148-8942,CONTATO@HOSPITALCATARINA.COM.BR,5,0,0,0,0,0,0,0,0,0,0,0,0,0
202603,SUDESTE,RJ,330330,NITEROI,5264359,GERIATRIC S,RICARDO RODRIG E MARENIZIA B S RODRIG CONSULTORIOS LTDA,M,15,UNIDADE MISTA,2054,HOSPITAL_PRIVADO,ALMIRANTE ARY PARREIRAS,712,,VITAL BRASIL,24230322,21 93160792,,10,0,0,0,0,0,0,0,0,0,0,0,0,0
202603,SUDESTE,RJ,330411,PORTO REAL,5307864,HOSPITAL GERAL MUNICIPAL SAO FRANCISCO DE ASSIS,MUNICIPIO DE PORTO REAL,M,5,HOSPITAL GERAL,1244,HOSPITAL_PÚBLICO,AVENIDA RENATO MONTEIRO,1235,,CENTRO,27570000,2433534201,controleavaliacaopr@gmail.com,64,60,10,6,10,6,0,0,0,0,0,0,0,0
202603,SUDESTE,RJ,330455,RIO DE JANEIRO,5328942,CLINICA PEDIATRICA DA BARRA,CLINICA PEDIATRICA DA BARRA LTDA,M,21,PRONTO SOCORRO ESPECIALIZADO,2062,HOSPITAL_PRIVADO,AV DAS AMERICAS,4666,328 329,BARRA DA TIJUCA,22631004,21 34311000,pediatria@cmb.com.br,14,0,0,0,0,0,0,0,0,0,0,0,0,0
202603,SUDESTE,RJ,330555,SEROPEDICA,5349893,HOSPITAL MATERNIDADE MUNICIPAL DE SEROPEDICA,MUNICIPIO DE SEROPEDICA,M,7,HOSPITAL ESPECIALIZADO,1244,HOSPITAL_PÚBLICO,AV HALBERT ALVES DOS SANTOS,S/N,,INCRA,23890600,2126821532,hmmseropedica@hotmail.com,29,29,0,0,0,0,0,0,0,0,0,0,0,0
202603,SUDESTE,RJ,330455,RIO DE JANEIRO,5354684,UROCLIN,CLINICA ESPECIALIZADA EM UROLOGIA DE CAMPO GRANDE LTDA,M,7,HOSPITAL ESPECIALIZADO,2062,HOSPITAL_PRIVADO,RUA GENERAL ORLANDO GEISEL,100,LT 12 PAL 19672 Q117,RECREIO DOS BANDEIRA,22790280,21 24302504,UROLOGIACLIN@GMAIL.COM,1,0,0,0,0,0,0,0,0,0,0,0,0,0
202603,SUDESTE,RJ,330455,RIO DE JANEIRO,5355699,HOSPITAL DE CLINICAS SANTA CRUZ,HOSPITAL DE CLINICAS SANTA CRUZ LTDA,M,5,HOSPITAL GERAL,2062,HOSPITAL_PRIVADO,RUA FELIPE CARDOSO,759,,SANTA CRUZ,23510006,21039198,segurancatrab@hospitalmemorialsantacruz.com.br,46,0,10,0,10,0,0,0,0,0,0,0,0,0
202603,SUDESTE,RJ,330455,RIO DE JANEIRO,5358833,UFRJ INSTITUTO DE DOENCAS DO TORAX,UNIVERSIDADE FEDERAL DO RIO DE JANEIRO,M,7,HOSPITAL ESPECIALIZADO,1104,HOSPITAL_PÚBLICO,RUA PROFESSOR RODOLPHO PAULO ROCCO,255,01D58,ILHA DO FUNDAO,21941913,21 3938-2887,direcao@idt.ufrj.br,8,8,0,0,0,0,0,0,0,0,0,0,0,0
202603,SUDESTE,RJ,330170,DUQUE DE CAXIAS,5364515,HSCOR,HS COR HOSPITAL DO CORACAO DE DUQUE DE CAXIAS LTDA,M,5,HOSPITAL GERAL,2062,HOSPITAL_PRIVADO,GENERAL MITRE,110,,JARDIM 25 DE AGOSTO,25075100,21 21968012,,79,18,40,10,30,10,0,0,0,0,0,0,10,0
202603,SUDESTE,RJ,330455,RIO DE JANEIRO,5409063,HOSPITAL RIO LARANJEIRAS,HOSPITAL RIO LARANJEIRAS LTDA,M,5,HOSPITAL GERAL,2240,HOSPITAL_PRIVADO,DAS LARANJEIRAS,72,,LARANJEIRAS,22240000,21 31818647,assuntos.regulatorios@hospitalcasa.com.br,96,0,30,0,30,0,0,0,0,0,0,0,0,0
202603,SUDESTE,RJ,330240,MACAE,5412447,HOSPITAL PUBLICO MUNICIPAL DE MACAE HPM,MUNICIPIO DE MACAE,M,5,HOSPITAL GERAL,1244,HOSPITAL_PÚBLICO,ROD RJ 168,S/N,KM 04,VIRGEM SANTA,27910000,2227730061,hpmm@pop.com.br,274,258,46,34,30,30,6,4,10,0,0,0,0,0
202603,SUDESTE,RJ,330455,RIO DE JANEIRO,5414830,CLINICA CRISTO REI,CLINICA CRISTO REI LTDA,M,5,HOSPITAL GERAL,2062,HOSPITAL_PRIVADO,AVENIDA LOBO JUNIOR,695,,PENHA CIRCULAR,21020124,,,91,0,7,0,7,0,0,0,0,0,0,0,0,0
202603,SUDESTE,RJ,330200,ITAGUAI,5435153,UNIDADE BASICA DE SAUDE DR ALFREDO DE CARVALHO MAIO,UNIDADE BASICA DE SAUDE DR ALFREDO DE CARVALHO MAIO,M,15,UNIDADE MISTA,1244,HOSPITAL_PÚBLICO,RUA SAO BENEDITO,S/N,LT 22 23 E 24 QD13,VILA GENY,23826010,2137812799,ubsvilageny@itaguai.rj.gov.br,1,1,0,0,0,0,0,0,0,0,0,0,0,0
202603,SUDESTE,RJ,330045,BELFORD ROXO,5445329,CONTEX SOLUCOES E SERVICOS LTDA,CONTEX SOLUCOES E SERVICOS LTDA,M,7,HOSPITAL ESPECIALIZADO,2062,HOSPITAL_PRIVADO,BENJAMIM PINTO DIAS,1677,,CENTRO,26130001,21 26676676,CONTEX@GMAIL.COM,64,64,0,0,0,0,0,0,0,0,0,0,0,0
202603,SUDESTE,RJ,330320,NILOPOLIS,5478898,SES RJ HOSPITAL ESTADUAL VEREADOR MELCHIADES CALAZANS,SECRETARIA DE ESTADO DE SAUDE DO RIO DE JANEIRO,E,7,HOSPITAL ESPECIALIZADO,1023,HOSPITAL_PÚBLICO,RUA JOAO DE CASTRO,1250,,CABUIS,26540390,37611648,faturamento.htob@gmail.com,99,86,6,6,6,6,0,0,0,0,0,0,0,0
202603,SUDESTE,RJ,330350,NOVA IGUACU,5650852,SES RJ INSTITUTO ESTADUAL DE ONCOLOGIA DA BAIXADA,SECRETARIA DE ESTADO DE SAUDE SES,E,7,HOSPITAL ESPECIALIZADO,1023,HOSPITAL_PÚBLICO,AV BALTIMORE,23,,JARDIM ESPLANADA,26013320,,faturamento.oncobxd@gmail.com,100,81,19,0,19,0,0,0,0,0,0,0,0,0
202603,SUDESTE,RJ,330420,RESENDE,5681359,HOSPITAL MILITAR DE RESENDE,HOSPITAL MILITAR DE RESENDE,M,5,HOSPITAL GERAL,1015,HOSPITAL_PÚBLICO,RODOVIA PRESIDENTE DUTRA,306,,INDEPENDENCIA,27534970,(24) 3388-4753,,46,0,0,0,0,0,0,0,0,0,0,0,0,0
202603,SUDESTE,RJ,330070,CABO FRIO,5691710,PROCOR,L H EMPREENDIMENTOS MEDICOS LTDA,M,5,HOSPITAL GERAL,2062,HOSPITAL_PRIVADO,RUA ARIZIO GOMES DA COSTA,184,,JARDIM FLAMBOYANT,28905320,22 26457051,,58,0,0,0,0,0,0,0,0,0,0,0,0,0
202603,SUDESTE,RJ,330455,RIO DE JANEIRO,5717256,SMS HOSPITAL MUNICIPAL RONALDO GAZOLLA AP 33,EMPRESA PUBLICA DE SAUDE DO RIO DE JANEIRO S A RIOSAUDE,M,5,HOSPITAL GERAL,2011,HOSPITAL_PRIVADO,AV PASTOR MARTIN LUTHER KING,10976,,ACARI,21531010,(21)2088-4600,hospitalronaldogazolla.riosaude@gmail.com,425,425,245,245,245,245,0,0,0,0,0,0,0,0
202603,SUDESTE,RJ,330330,NITEROI,5738296,NEOTIN PEC,NEOTIN PEC UNIDADES MEDICAS INTENSIVAS LTDA,M,7,HOSPITAL ESPECIALIZADO,2062,HOSPITAL_PRIVADO,GUARARAPES,90,,SAO FRANCISCO,24360150,21 36179876,MARCELLO.TORRES@HMSAOFRANCISCO.COM.BR,7,0,0,0,0,0,0,0,0,0,0,0,0,0
202603,SUDESTE,RJ,330330,NITEROI,5738318,NEOTIN CIRURGIAS,NEOTIN CIRURGIAS LTDA,M,7,HOSPITAL ESPECIALIZADO,2062,HOSPITAL_PRIVADO,GUARARAPES,90,,SAO FRANCISCO,24360150,21 36179876,MARCELLO.TORRES@HMSAOFRANCISCO.COM.BR,60,0,30,0,0,0,10,0,20,0,0,0,0,0
202603,SUDESTE,RJ,330045,BELFORD ROXO,5811406,INSTITUTO ELISA DE CASTRO,INSTITUTO ELISA DE CASTRO,M,5,HOSPITAL GERAL,3999,HOSPITAL_FILANTRÓPICO,DJALMA RIBEIRO DE ANDRADE,5,,AREIA BRANCA,26112140,21 25322055,FISCALLDA@LDACONSULTORIA.COM,94,94,0,0,0,0,0,0,0,0,0,0,0,0
202603,SUDESTE,RJ,330040,BARRA MANSA,5829593,ANGIO BARRA,ANGIO BARRA MANSA HEMODINAMICA E CIRURGIAS CARDIOVASCULARES,M,7,HOSPITAL ESPECIALIZADO,2240,HOSPITAL_PRIVADO,PINTO RIBEIRO,205,ANDAR 2,CENTRO,27310420,24 33485060,,5,0,0,0,0,0,0,0,0,0,0,0,0,0
202603,SUDESTE,RJ,330170,DUQUE DE CAXIAS,5837618,HGF HOSPITAL GERAL NOSSA SENHORA DE FATIMA,HOSPITAL GERAL NOSSA SENHORA DE FATIMA LTDA,M,5,HOSPITAL GERAL,2062,HOSPITAL_PRIVADO,RUA VOLUNTARIOS DA PATRIA,257,CONJ PART,JARDIM 25 DE AGOSTO,25075030,,,55,0,10,0,10,0,0,0,0,0,0,0,0,0
202603,SUDESTE,RJ,330040,BARRA MANSA,5878640,HOSPITAL MATERNIDADE THERESA SACCHI DE MOURA,HOSPITAL MATERNO INFANTIL DE BARRA MANSA,M,7,HOSPITAL ESPECIALIZADO,1031,HOSPITAL_PÚBLICO,RUA TEN JOSE EDUARDO,200,,ANO BOM,27323240,02433245991,,38,38,0,0,0,0,0,0,0,0,0,0,0,0
202603,SUDESTE,RJ,330045,BELFORD ROXO,5886740,MATERNIDADE MUNICIPAL DE BELFORD ROXO,MUNICIPIO DE BELFORD ROXO,M,7,HOSPITAL ESPECIALIZADO,1244,HOSPITAL_PÚBLICO,AVENIDA BENJAMIN PINTO DIAS,S/N,,CENTRO,26116200,,,60,54,0,0,0,0,0,0,0,0,0,0,0,0
202603,SUDESTE,RJ,330045,BELFORD ROXO,5892732,DESAM,DESENVOLVIMENTO DE ASSISTENCIA MULTIPLA DESAM,M,5,HOSPITAL GERAL,3999,HOSPITAL_FILANTRÓPICO,BENJAMIM PINTO DIAS,1000,HOSPITAL,CENTRO,26130001,24 24712980,ADM@DESAM.COM.BR,31,0,0,0,0,0,0,0,0,0,0,0,0,0
202603,SUDESTE,RJ,330070,CABO FRIO,5903394,HOSPITAL MUNICIPAL DA MULHER EM CABO FRIO,HOSPITAL MUNICIPAL DA MULHER EM CABO FRIO,M,7,HOSPITAL ESPECIALIZADO,1031,HOSPITAL_PÚBLICO,FLORISBELA PENA,S/N,,BRAGA,28908050,22 26462506,CONTABILIDADE_SAUDE@CABOFRIO.RJ.GOV.BR,50,41,0,0,0,0,0,0,0,0,0,0,0,0
202603,SUDESTE,RJ,330455,RIO DE JANEIRO,5942292,CLINICA REVITALIS BARRA,CLINICA REVITALIS BARRA LTDA,M,7,HOSPITAL ESPECIALIZADO,2062,HOSPITAL_PRIVADO,EST BARRA DA TIJUCA,01020,,ITANHANGA,22641003,(21) 2529-2977,REVITALIS@CLINICAREVITALIS.COM.BR,47,0,0,0,0,0,0,0,0,0,0,0,0,0
202603,SUDESTE,RJ,330390,PETROPOLIS,5968879,CLINICA POUSADA DAS BROMELIAS,CASA DE SAUDE SANTA MONICA LTDA,M,7,HOSPITAL ESPECIALIZADO,2062,HOSPITAL_PRIVADO,RUA BISPO DOM JOSE PEREIRA ALVES,235,CASA,VALPARAISO,25685140,2422482289,pousada.das.bromelias@hotmail.com,30,0,0,0,0,0,0,0,0,0,0,0,0,0
202603,SUDESTE,RJ,330170,DUQUE DE CAXIAS,6007317,HOSPITAL MUNICIPAL MOACYR RODRIGUES DO CARMO,SECRETARIA MUNICIPAL DE SAUDE DE DUQUE DE CAXIAS,M,5,HOSPITAL GERAL,1031,HOSPITAL_PÚBLICO,ROD WASHINGTON LUIS,3200,,VILA SAO LUIZ,25085009,26721090 26723857,cnes.hmmrc.upa@gmail.com,321,311,30,20,30,20,0,0,0,0,0,0,0,0
202603,SUDESTE,RJ,330455,RIO DE JANEIRO,6043941,HOSPITAL CENTRAL DA AERONAUTICA HCA,HOSPITAL CENTRAL DA AERONAUTICA HCA,M,5,HOSPITAL GERAL,1015,HOSPITAL_PÚBLICO,RUA BARAO DE ITAPAGIPE,167,,RIO COMPRIDO,20261000,(21)3501-3100,dmd.hca@gmail.com,82,0,19,0,9,0,0,0,10,0,0,0,0,0
202603,SUDESTE,RJ,330100,CAMPOS DOS GOYTACAZES,6050476,HEMOCARDIO LTDA CARDIOCAMPOS,HEMOCARDIO LTDA,M,7,HOSPITAL ESPECIALIZADO,2240,HOSPITAL_PRIVADO,RUA SALDANHA MARINHO,480,1 ANDAR,CENTRO,28010272,2227345859,hemocardio@gmail.com,4,0,0,0,0,0,0,0,0,0,0,0,0,0
202603,SUDESTE,RJ,330452,RIO DAS OSTRAS,6069134,HOSPITAL MUNICIPAL DRA NAELMA MONTEIRO DA SILVA,MUNICIPIO RIO DAS OSTRAS,M,5,HOSPITAL GERAL,1244,HOSPITAL_PÚBLICO,RUA NILDON LUSTOSA,S/N,,PARQUE ZABULAO,28893800,22 27716329,hmro@pmro.rj.gov.br,63,57,6,0,6,0,0,0,0,0,0,0,0,0
202603,SUDESTE,RJ,330010,ANGRA DOS REIS,6086497,ANGRACOR SERVICOS HOSPITALARES LTDA,ANGRACOR SERVICOS HOSPITALARES LTDA,M,5,HOSPITAL GERAL,2240,HOSPITAL_PRIVADO,RUA MILTON BASILIO PEREIRA,455,,PARQUE DAS PALMEIRAS,23906270,2433650630,,5,0,5,0,5,0,0,0,0,0,0,0,0,0
202603,SUDESTE,RJ,330170,DUQUE DE CAXIAS,6121705,UTI RIO SERVICOS MEDICOS LTDA,UTI RIO SERVICOS MEDICOS LTDA,M,5,HOSPITAL GERAL,2240,HOSPITAL_PRIVADO,RUA CONDE DE PORTO ALEGRE,271,PARTE,25 DE AGOSTO,25070350,21-3672-8700,leandrohdl@uol.com.br,51,0,50,0,0,0,10,0,40,0,0,0,0,0
202603,SUDESTE,RJ,330185,GUAPIMIRIM,6146376,HOSPITAL MUNICIPAL JOSE RABELLO DE MELLO,PREFEITURA MUNICIPAL DE GUAPIMIRIM,M,5,HOSPITAL GERAL,1244,HOSPITAL_PÚBLICO,RUA OSVALDO CRUZ,0,,BANANAL,25946497,2126323169,sms@guapimirim.rj.gov.br,82,72,10,0,10,0,0,0,0,0,0,0,0,0
202603,SUDESTE,RJ,330455,RIO DE JANEIRO,6176666,HOSPITAL RIOS DOR,MEDISE MEDICINA DIAGNOSTICO E SERVICOS S A,M,5,HOSPITAL GERAL,2054,HOSPITAL_PRIVADO,DOS TRES RIOS,1316,1366 FREGUESIA,JACAREPAGUA,22745005,21 22833448,,138,0,41,0,34,0,7,0,0,0,0,0,0,0
202603,SUDESTE,RJ,330455,RIO DE JANEIRO,6183948,CASA DE SAUDE SAO JOAO DE DEUS,SAMOC S A SOCIEDADE ASSITENCIAL MEDICA E ODONTO CIRURGICA,M,5,HOSPITAL GERAL,2054,HOSPITAL_PRIVADO,ALMIRANTE ALEXANDRINO,2696,,SANTA TEREZA,20241263,(21)3233-1018,,8,0,7,0,7,0,0,0,0,0,0,0,0,0
202603,SUDESTE,RJ,330023,ARMACAO DOS BUZIOS,6200702,HOSPITAL MUNICIPAL DR RODOLPHO PERISSE,PREFEITURA MUNICIPAL DE ARMACAO DOS BUZIOS,M,5,HOSPITAL GERAL,1031,HOSPITAL_PÚBLICO,ESTRADA DOS BUZIOS,S/N,HOSPITAL,SAO JOSE,28958580,2226237622,saudebuzios@gmail.com,93,91,10,10,10,10,0,0,0,0,0,0,0,0
202603,SUDESTE,RJ,330440,RIO CLARO,6232094,HOSPITAL MUNICIPAL NOSSA SENHORA DA PIEDADE,SECRETARIA MUNICIPAL DE SAUDE DE RIO CLARO,M,5,HOSPITAL GERAL,1244,HOSPITAL_PÚBLICO,RODOVIA FRANCISCO SATURNINO BRAGA,9831,,GUARITA,27460000,24 33321611/33321798,fusarc.infdados@rioclaro.rj.gov.br,43,43,0,0,0,0,0,0,0,0,0,0,0,0
202603,SUDESTE,RJ,330455,RIO DE JANEIRO,6257100,UNIDADE INTEGRADA DE SAUDE MENTAL,COMANDO DA MARINHA,M,7,HOSPITAL ESPECIALIZADO,1015,HOSPITAL_PÚBLICO,MARECHAL SEREJO,539,,JACAREPAGUA,22743380,(21) 3312-4900,uism.secom@marinha.mil.br,56,0,0,0,0,0,0,0,0,0,0,0,0,0
202603,SUDESTE,RJ,330045,BELFORD ROXO,6291724,NEOPED,NEOPED UNIDADE NEONATAL E PEDIATRICA LTDA,M,7,HOSPITAL ESPECIALIZADO,2240,HOSPITAL_PRIVADO,BENJAMIN PINTO DIAS,1000,PARTE,CENTRO,26130000,21 26622400,josealbertovieira@globo.com,4,0,1,0,0,0,0,0,1,0,0,0,0,0
202603,SUDESTE,RJ,330040,BARRA MANSA,6392415,INTENSI BABY,CENTRO PERINATAL E PEDIATRICO SANTA MARIA LTDA,M,7,HOSPITAL ESPECIALIZADO,2062,HOSPITAL_PRIVADO,RUA TENENTE JOSE EDUARDO,585,,ANO BOM,27323240,33221788,intensibaby@gmail.com.br,10,0,6,0,0,0,2,0,4,0,0,0,0,0
202603,SUDESTE,RJ,330455,RIO DE JANEIRO,6427138,HOSPITAL DE CLINICAS SAO MATHEUS,AMA ASSISTENCIA MEDICA ALTERNATIVA LTDA,M,5,HOSPITAL GERAL,2062,HOSPITAL_PRIVADO,SILVA CARDOSO,689,,BANGU,21810031,21 24017396,clinicama@ig.com.br,136,0,32,0,20,0,0,0,12,0,0,0,0,0
202603,SUDESTE,RJ,330510,SAO JOAO DE MERITI,6518893,SES RJ HOSPITAL DA MULHER HELONEIDA STUDART,SECRETARIA DE ESTADO DE SAUDE SES,E,7,HOSPITAL ESPECIALIZADO,1023,HOSPITAL_PÚBLICO,AUTOMOVEL CLUBE,S/N,LOTE 1745,JARDIM JOSE BONIFACI,25565171,21 26519600,,134,134,30,30,10,10,0,0,20,20,0,0,0,0
202603,SUDESTE,RJ,330630,VOLTA REDONDA,6635148,HOSPITAL UNIMED,UNIMED DE VOLTA REDONDA COOPERATIVA DE TRABALHO MEDICO,M,5,HOSPITAL GERAL,2143,HOSPITAL_PRIVADO,DOS METALURGICOS,2490,,CASA DE PEDRA,27258000,24 21027007,NUCLEOFISCAL@UNIMEDVR.COM.BR,253,10,50,10,30,10,9,0,11,0,0,0,0,0
202603,SUDESTE,RJ,330455,RIO DE JANEIRO,6638309,QUALI DIAGNOSE,LORD SERVICOS MEDICOS LTDA,M,5,HOSPITAL GERAL,2062,HOSPITAL_PRIVADO,BARAO DA TORRE,00145,NUM 00151 151 A,IPANEMA,22411001,21 86343108,GER.ADMINISTRATIVA@QUALIIPANEMA.COM.BR,10,0,0,0,0,0,0,0,0,0,0,0,0,0
202603,SUDESTE,RJ,330500,SAO JOAO DA BARRA,6656951,CENTRO MUNICIPAL DE EMERGENCIA,MUNICIPIO DE SAO JOAO DA BARRA,M,20,PRONTO SOCORRO GERAL,1244,HOSPITAL_PÚBLICO,BR 356,S/N,FUNDOS,CENTRO,28200000,,,34,34,0,0,0,0,0,0,0,0,0,0,0,0
202603,SUDESTE,RJ,330455,RIO DE JANEIRO,6670504,LLAK MEDICINA NEONATAL BANGU,LLAK MEDICINA NEONATAL LTDA,M,7,HOSPITAL ESPECIALIZADO,2062,HOSPITAL_PRIVADO,SILVA CARDOSO,689,3 ANDAR,BANGU,21810031,21 24132003,llak@neonatal.com.br,25,0,0,0,0,0,0,0,0,0,0,0,0,0
202603,SUDESTE,RJ,330455,RIO DE JANEIRO,6681573,HOSPITAL NORTE DOR,HOSPITAL NORTE DOR DE CASCADURA SA,M,5,HOSPITAL GERAL,2054,HOSPITAL_PRIVADO,RUA CAROLINA MACHADO,38,,CASCADURA,21351021,21 37473600,diretoria@nortedor.com.br,146,0,40,0,40,0,0,0,0,0,0,0,0,0
202603,SUDESTE,RJ,330455,RIO DE JANEIRO,6716849,SMS CENTRO DE EMERGENCIA REGIONAL CER LEBLON AP 21,SMS RIO CENTRO DE EMERGENCIA REGIONAL CER LEBLON AP 21,M,20,PRONTO SOCORRO GERAL,1031,HOSPITAL_PÚBLICO,RUA MARIO RIBEIRO,1080,,LEBLON,22430160,2529-9227,coord.adm.cerleblon@fas.org.br,15,1,14,0,14,0,0,0,0,0,0,0,0,0
202603,SUDESTE,RJ,330455,RIO DE JANEIRO,6716938,SMS CENTRO DE EMERGENCIA REGIONAL CER BARRA AP 40,SMS RIO CENTRO DE EMERGENCIA REGIONAL CER BARRA AP 40,M,20,PRONTO SOCORRO GERAL,1031,HOSPITAL_PÚBLICO,AVENIDA AYRTON SENNA,2000,,BARRA DA TIJUCA,22793000,35507060,coord.emerg.barra.riosaude@gmail.com,6,0,0,0,0,0,0,0,0,0,0,0,0,0
202603,SUDESTE,RJ,330330,NITEROI,6734014,HOSPITAL ICARAI,CLINICA SAO GONCALO LTDA,M,5,HOSPITAL GERAL,2062,HOSPITAL_PRIVADO,RUA MARQUES DE PARANA,233,,CENTRO,24030215,3176-5000-RM :5114,,256,0,0,0,0,0,0,0,0,0,0,0,0,0
202603,SUDESTE,RJ,330455,RIO DE JANEIRO,6753469,HOSPITAL CENTRAL DO EXERCITO,HOSPITAL CENTRAL DO EXERCITO,M,5,HOSPITAL GERAL,1015,HOSPITAL_PÚBLICO,FRANCISCO MANUEL,126,PAVLH DIRECAO,BENFICA,20911270,21 38917269,tesouraria@hce.eb.mil.br,61,0,0,0,0,0,0,0,0,0,0,0,0,0
202603,SUDESTE,RJ,330330,NITEROI,6861873,SAO FRANCISCO HOSPITAL MATERNIDADE,NEOTIN NEONATAL TERAPIA INTENSIVA LTDA,M,7,HOSPITAL ESPECIALIZADO,2062,HOSPITAL_PRIVADO,TAPAJOS,325,ANTIGO 81,SAO FRANCISCO,24360200,,comercial@hmsaofrancisco.com.br,118,5,34,0,4,0,10,0,20,0,0,0,0,0
202603,SUDESTE,RJ,330455,RIO DE JANEIRO,6878865,CASA DE SAUDE SANTA LUCIA,ESHO EMPRESA DE SERVICOS HOSPITALARES S A,M,5,HOSPITAL GERAL,2054,HOSPITAL_PRIVADO,VOLUNTARIOS DA PATRIA,435,ENTRADA PELA,BOTAFOGO,22270000,21 22038655,TRIBUTARIO@AMERICASMED.COM.BR,16,0,16,0,16,0,0,0,0,0,0,0,0,0
202603,SUDESTE,RJ,330455,RIO DE JANEIRO,6995462,SMS HOSPITAL MUNICIPAL PEDRO II AP 53,SMS RIO HOSPITAL MUNICIPAL PEDRO II AP 53,M,5,HOSPITAL GERAL,1031,HOSPITAL_PÚBLICO,RUA DO PRADO,325,,SANTA CRUZ,23555012,3365 5201,cnes.hmp2@spdm-pais.org.br,331,322,63,54,34,34,10,10,10,10,9,0,0,0
202603,SUDESTE,RJ,330455,RIO DE JANEIRO,7002017,MS INCA HOSPITAL DO CANCER IV CUIDADOS PALIATIVOS,MS INCA HC IV HOSPITAL DO CANCER IV,M,7,HOSPITAL ESPECIALIZADO,1015,HOSPITAL_PÚBLICO,RUA VISCONDE SANTA ISABEL,274,,VILA ISABEL,20560120,21 3207 4058,hc4@inca.gov.br,56,56,0,0,0,0,0,0,0,0,0,0,0,0
202603,SUDESTE,RJ,330285,MESQUITA,7011857,SES RJ COMPLEXO REG MESQUITA MATERNID E CLINICA MULHER,FUNDACAO SAUDE DO ESTADO DO RIO DE JANEIRO,E,7,HOSPITAL ESPECIALIZADO,1260,HOSPITAL_PÚBLICO,DR CARVALHAES,400,,ROCHA SOBRINHO,26572530,21 23345010,ANA.FERNANDES@FS.GOV.BR,129,129,10,10,0,0,0,0,10,10,0,0,0,0
202603,SUDESTE,RJ,330455,RIO DE JANEIRO,7027397,SMS HOSPITAL MATERNIDADE MARIA AMELIA B DE HOLLANDA AP 10,SMS RIO HOSPITAL MATERNIDADE MARIA AMELIA B HOLLANDA AP 10,M,7,HOSPITAL ESPECIALIZADO,1031,HOSPITAL_PÚBLICO,RUA MONCORVO FILHO,67,,CENTRO,20211340,2122241949,hmmabh.faturamento@gmail.com,123,122,13,12,0,0,0,0,13,12,0,0,0,0
202603,SUDESTE,RJ,330455,RIO DE JANEIRO,7041624,SMS MATERNIDADE DA MULHER MARISKA RIBEIRO AP 51,SMS RIO HOSPITAL MUNICIPAL DA MULHER MARISKA RIBEIRO AP 51,M,7,HOSPITAL ESPECIALIZADO,1031,HOSPITAL_PÚBLICO,PRACA 1 DE MAIO,S/N,,BANGU,21830006,21 2042-2912,diretoria.hmmr@cejam.org.br,123,123,10,10,0,0,0,0,10,10,0,0,0,0
202603,SUDESTE,RJ,330630,VOLTA REDONDA,7052987,HINJA,HOSPITAL JARDIM AMALIA LTDA,M,5,HOSPITAL GERAL,2062,HOSPITAL_PRIVADO,DR MIGUEL COUTO,70,,JARDIM AMALIA,27251260,0024 03482001,HIMJA@UOL.COM.BR,22,0,2,0,2,0,0,0,0,0,0,0,0,0
202603,SUDESTE,RJ,330455,RIO DE JANEIRO,7065515,HOSPITAL SAO FRANCISCO NA PROVIDENCIA DE DEUS,ASSOCIACAO LAR SAO FRANCISCO DE ASSIS NA PROVIDENCIA DE DEUS,E,5,HOSPITAL GERAL,3999,HOSPITAL_FILANTRÓPICO,RUA CONDE DE BONFIM,1033,,TIJUCA,20530001,21 32944500,coordfaturamento.hsf@alsf.org.br,244,90,55,26,55,26,0,0,0,0,0,0,0,0
202603,SUDESTE,RJ,330420,RESENDE,7149328,HOSPITAL UNIMED RESENDE,UNIMED RESENDE RJ COOPERATIVA DE TRABALHO MEDICO,M,5,HOSPITAL GERAL,2143,HOSPITAL_PRIVADO,RUA ELZA DA SILVA DUARTE,71,,MANEJO,27520005,(24) 2108-9912,adm@hospitalunimedresende.com.br,70,0,10,0,10,0,0,0,0,0,0,0,0,0
202603,SUDESTE,RJ,330455,RIO DE JANEIRO,7158726,ESPACO CLIF,ESPACO CLIF MENTE E VIDA SA,M,7,HOSPITAL ESPECIALIZADO,2054,HOSPITAL_PRIVADO,RUA DAS PALMEIRAS,46,,BOTAFOGO,22270070,,,20,0,0,0,0,0,0,0,0,0,0,0,0,0
202603,SUDESTE,RJ,330100,CAMPOS DOS GOYTACAZES,7162723,ONCOBEDA II,ONCOBEDA SERVICOS MEDICOS LTDA ME,M,5,HOSPITAL GERAL,2062,HOSPITAL_PRIVADO,RUA SALDANHA MARINHO,387,,CENTRO,28010271,27330101,,32,0,5,0,5,0,0,0,0,0,0,0,0,0
202603,SUDESTE,RJ,330455,RIO DE JANEIRO,7166494,SMS HOSPITAL MUNICIPAL EVANDRO FREIRE AP 31,SMS RIO HOSPITAL MUNICIPAL EVANDRO FREIRE AP 31,M,5,HOSPITAL GERAL,1031,HOSPITAL_PÚBLICO,ESTRADA DO GALEAO,2920,,PORTUGUESA ILHA DO G,21931582,21 38122400,faturamento.hmef@cejam.org.br,103,103,30,30,30,30,0,0,0,0,0,0,0,0
202603,SUDESTE,RJ,330100,CAMPOS DOS GOYTACAZES,7170645,COMUNIDADE S8,COMUNIDADE S8,M,7,HOSPITAL ESPECIALIZADO,3999,HOSPITAL_FILANTRÓPICO,FAZENDA PEDRA LISA,S/N,,MORRO DO COCO,28178000,,comunidades8@comunidades8.org.br,42,0,0,0,0,0,0,0,0,0,0,0,0,0
202603,SUDESTE,RJ,330455,RIO DE JANEIRO,7185081,SES RJ HOSPITAL ESTADUAL TRANSPLANTE CANCER E CIR INFANTIL,SECRETARIA DE ESTADO DE SAUDE SES,E,7,HOSPITAL ESPECIALIZADO,1023,HOSPITAL_PÚBLICO,RUA LUIZ BELTRAO,147,RUA DAS TULIPAS 209,VILA VALQUEIRE,21330400,2133699650,administracao@hcrianca.com.br,83,77,26,20,0,0,10,10,16,10,0,0,0,0
202603,SUDESTE,RJ,330330,NITEROI,7202180,PLACI NITEROI,SETRE SERVICO DE TRATAMENTO E REABILITACAO ESPECIALIZADA LTD,M,5,HOSPITAL GERAL,2062,HOSPITAL_PRIVADO,MARTINS TORRES,98,,SANTA ROSA,24240705,21 34357385,RECEPCAO@PLACI.COM.BR,37,0,0,0,0,0,0,0,0,0,0,0,0,0
202603,SUDESTE,RJ,330170,DUQUE DE CAXIAS,7244339,HOSPITAL CAXIAS DOR,REDE DOR SAO LUIZ S A,M,5,HOSPITAL GERAL,2046,HOSPITAL_PRIVADO,AVENIDA BRIGADEIRO LIMA E SILVA,821,755 AREA A4 QD 13,25 DE AGOSTO,25071182,2134613488,diretoria@caxiasdor.com.br,220,0,114,0,49,0,28,0,15,0,0,0,22,0
202603,SUDESTE,RJ,330455,RIO DE JANEIRO,7251491,UNIMED RIO HOSPITAL BARRA DA TIJUCA,UNIMED RIO EMPREENDIMENTOS MEDICOS E HOSPITALARES LTDA,M,5,HOSPITAL GERAL,2062,HOSPITAL_PRIVADO,AV AYRTON SENNA,2550,,BARRA DA TIJUCA,22775003,21 3883-1000,,225,0,65,0,55,0,10,0,0,0,0,0,0,0
202603,SUDESTE,RJ,330455,RIO DE JANEIRO,7267975,SES RJ INSTITUTO ESTADUAL DO CEREBRO PAULO NIEMEYER,SECRETARIA DE ESTADO DE SAUDE DO RIO DE JANEIRO,E,7,HOSPITAL ESPECIALIZADO,1023,HOSPITAL_PÚBLICO,RUA DO REZENDE,156,NAO HA,CENTRO,20231092,021-38124105,hvillacorta@ideas.med.br,110,95,59,44,44,38,15,6,0,0,0,0,0,0
202603,SUDESTE,RJ,330455,RIO DE JANEIRO,7317530,HOSPITAL SAMARITANO,ESHO EMPRESA DE SERVICOS HOSPITALARES S A,M,5,HOSPITAL GERAL,2054,HOSPITAL_PRIVADO,RUA BAMBINA,98,,BOTAFOGO,22251050,(21) 3444-1000,edgar.araujo@amil.com.br,73,0,29,0,29,0,0,0,0,0,0,0,0,0
202603,SUDESTE,RJ,330390,PETROPOLIS,7337159,CLINICA REVITALIS,CLINICA PARA TRATAMENTO DE DEPENDENTES QUIMICOS REVITALIS,M,7,HOSPITAL ESPECIALIZADO,2062,HOSPITAL_PRIVADO,ESTRADA BERNARDO COUTINHO,2241,,ARARAS,25725022,2225-0430,revitalis@clinicarevitalis.com.br,108,0,0,0,0,0,0,0,0,0,0,0,0,0
202603,SUDESTE,RJ,330010,ANGRA DOS REIS,7354746,HOSPITAL MUNICIPAL DA JAPUIBA HMJ,FUNDACAO HOSPITALAR JORGE ELIAS MIGUEL,M,5,HOSPITAL GERAL,1155,HOSPITAL_PÚBLICO,RUA JAPORANGA,1700,,JAPUIBA,23934055,24 33686556,HGJ.dtec@angra.rj.gov.br,157,157,20,20,20,20,0,0,0,0,0,0,0,0
202603,SUDESTE,RJ,330030,BARRA DO PIRAI,7415273,CONSULTORIO UNIMED 24 HORAS,UNIMED CENTRO SUL FLUMINENSE COOPERATIVA DE TRABALHO MEDICO,M,5,HOSPITAL GERAL,2143,HOSPITAL_PRIVADO,RUA FRANKLIN DE MORAES,67,,CENTRO,27135000,24 24471700,,23,0,0,0,0,0,0,0,0,0,0,0,0,0
202603,SUDESTE,RJ,330455,RIO DE JANEIRO,7421710,HOSPITAL PASTEUR,AMICO SAUDE LTDA,M,5,HOSPITAL GERAL,2054,HOSPITAL_PRIVADO,AVENIDA AMARO CAVALCANTI,495,,MEIER,20735040,(21) 2104-4400,adm@hospitalpasteur.com.br,287,1,65,0,39,0,10,0,16,0,0,0,0,0
202603,SUDESTE,RJ,330200,ITAGUAI,7436734,HOSPITAL GERAL DE ITAGUAI,C M M A CENTRO MEDICO MOISES ABRAAO LTDA,M,5,HOSPITAL GERAL,2062,HOSPITAL_PRIVADO,ARI PARREIRAS,S/N,QUADRA03 LOTE 03 E 0,CENTRO,23815541,21 33953403,,94,37,20,0,10,0,10,0,0,0,0,0,0,0
202603,SUDESTE,RJ,330350,NOVA IGUACU,7454007,NEOVIDA NOVA IGUACU,NEOVIDA C INFANTIL DE T I E URG DE CAXIAS LTDA EPP,M,7,HOSPITAL ESPECIALIZADO,2062,HOSPITAL_PRIVADO,RUA NELSON RAMOS,733,,CENTRO,26210140,2126539619,neovidacentroinfantil@gamil.com,29,0,28,0,0,0,0,0,28,0,0,0,0,0
202603,SUDESTE,RJ,330455,RIO DE JANEIRO,7458940,HOSPITAL BARRA DOR PEDIATRIA,HOSPITAL ESPERANCA S A,M,5,HOSPITAL GERAL,2054,HOSPITAL_PRIVADO,AVENIDA AYRTON SENNA,3079,ANTIGO 2 541 AREA 2,BARRA DA TIJUCA,22775002,21 24303600,SECRETARIA@BARRADOR.COM.BR,30,0,10,0,0,0,10,0,0,0,0,0,0,0
202603,SUDESTE,RJ,330455,RIO DE JANEIRO,7474059,HOSPITAL SAO LUCAS,IMPAR SERVICOS HOSPITALARES SA,M,5,HOSPITAL GERAL,2054,HOSPITAL_PRIVADO,TRAVESSA FREDERICO PAMPLONA,22,29 32 S C RAMOS 173,COPACABANA,22061080,(21) 2545-4407,nadia@saolucascopacabana.com.br,184,0,54,0,54,0,0,0,0,0,0,0,0,0
202603,SUDESTE,RJ,330455,RIO DE JANEIRO,7516800,SES RJ HOSPITAL ESTADUAL EDUARDO RABELLO,FUNDACAO SAUDE DO ESTADO DO RIO DE JANEIRO,E,5,HOSPITAL GERAL,1260,HOSPITAL_PÚBLICO,DO PRE,S/N,,SENADOR VASCONCELOS,23013550,21 3408-9190,DOMINGOS.LIMA@FS.RJ.GOV.BR,100,93,7,0,7,0,0,0,0,0,0,0,0,0
202603,SUDESTE,RJ,330550,SAQUAREMA,7529384,SES RJ HOSPITAL ESTADUAL DOS LAGOS NOSSA SENHORA DE NAZARETH,SECRETARIA DE ESTADO DE SAUDE SES,E,5,HOSPITAL GERAL,1023,HOSPITAL_PÚBLICO,MANOEL DOMINGOS DOS SANTOS,725,,BARREIROS,28994621,22 9971-63518,hosp.est.doslagos.helagos@gmail.com,89,69,23,10,10,10,0,0,13,0,0,0,0,0
202603,SUDESTE,RJ,330190,ITABORAI,7550944,HOSPITAL ADVENTISTA SILVESTRE UNIDADE ITABORAI,INSTITUICAO ADVENTISTA ESTE BRAS DE PREV E ASS A SAUDE,M,5,HOSPITAL GERAL,3999,HOSPITAL_FILANTRÓPICO,RUA DESEMBARGADOR FERREIRA PINTO,721,PARTE,CENTRO,24800205,(21) 37856200,,13,0,8,0,8,0,0,0,0,0,0,0,0,0
202603,SUDESTE,RJ,330350,NOVA IGUACU,7580126,HOSPITAL GERAL PRONTONIL,HGP HOSPITAL GERAL PRONTONIL,M,5,HOSPITAL GERAL,2062,HOSPITAL_PRIVADO,OSCAR SOARES,515,PARTE,CALIFONIA,26220098,213892-7229,miranda@prontonil.com.br,102,0,44,0,34,0,10,0,0,0,0,0,0,0
202603,SUDESTE,RJ,330350,NOVA IGUACU,7591136,HOSPITAL IGUASSU MATERNIDADE MUNICIPAL MARIANA BULHOES,SECRETARIA MUNICIPAL DE SAUDE DE NOVA IGUACU,M,7,HOSPITAL ESPECIALIZADO,1244,HOSPITAL_PÚBLICO,RUA CORONEL ALFREDO SOARES,S/N,,CENTRO,26255150,31023123,direcaogeral.mmmb@gmail.com,30,0,25,0,0,0,0,0,25,0,0,0,0,0
202603,SUDESTE,RJ,330452,RIO DAS OSTRAS,7605331,CENTRO MEDICO INTEGRADO SANTA TERESINHA,INTERMEDICAL SERVICOS DE GESTAO ORGANIZACAO E LOGISTICA EM,M,5,HOSPITAL GERAL,2062,HOSPITAL_PRIVADO,AVENIDA GOVERNADOR ROBERTO SILVEIRA,S/N,QD0A8 LT014,COSTAZUL,28895266,22 27645751,,10,0,10,0,10,0,0,0,0,0,0,0,0,0
202603,SUDESTE,RJ,330455,RIO DE JANEIRO,7605935,HOSPITAL BANGU,REDE DOR SAO LUIZ S A,M,5,HOSPITAL GERAL,2046,HOSPITAL_PRIVADO,RUA FRANCISCO REAL,00732,NUM 00722 LOT 1 PAL,PADRE MIGUEL,21810042,21 31075600,legalizacao.obras@rededor.com.br,49,0,19,0,19,0,0,0,0,0,0,0,0,0
202603,SUDESTE,RJ,330452,RIO DAS OSTRAS,7612036,PRONTO SOCORRO MUNICIPAL RIO DAS OSTRAS,PREFEITURA MUNICIPAL DE RIO RIO DAS OSTRAS,M,5,HOSPITAL GERAL,1244,HOSPITAL_PÚBLICO,LAERCIO LUCIO DE CARVALHO,1075,,PARQUE ZABULAO,28893437,22 27641823,,46,42,0,0,0,0,0,0,0,0,0,0,0,0
202603,SUDESTE,RJ,330455,RIO DE JANEIRO,7642415,SAMARITANO BARRA,HOSPITAL ALVORADA TAGUATINGA LTDA,M,5,HOSPITAL GERAL,2054,HOSPITAL_PRIVADO,AV JORGE CURI,550,BLOCO B,BARRA DA TIJUCA,22640102,21 31422760,jusanramos@americasmed.com.br,32,0,8,0,8,0,0,0,0,0,0,0,0,0
202603,SUDESTE,RJ,330455,RIO DE JANEIRO,7642423,HOSPITAL VITORIA AMC,HOSPITAL ALVORADA TAGUATINGA LTDA,M,5,HOSPITAL GERAL,2054,HOSPITAL_PRIVADO,AVENIDA JORGE CURI,550,BLOCO C D,BARRA DA TIJUCA,22793334,,jusanramos@americasmed.com.br,239,0,50,0,34,0,16,0,0,0,0,0,0,0
202603,SUDESTE,RJ,330240,MACAE,7655703,HOSPITAL PUBLICO MUNICIPAL DA SERRA HPMS,MUNICIPIO DE MACAE,M,5,HOSPITAL GERAL,1244,HOSPITAL_PÚBLICO,RUA JOAO MANOEL DA SILVA,600,,TRAPICHE,27945000,(22) 2793-3914,assessoriahpms@gmail.com,31,31,0,0,0,0,0,0,0,0,0,0,0,0
202603,SUDESTE,RJ,330455,RIO DE JANEIRO,7659415,HOSPITAL OESTE DOR,REDE DOR SAO LUIZ S A,M,5,HOSPITAL GERAL,2046,HOSPITAL_PRIVADO,RUA OLINDA ELLIS,93,,CAMPO GRANDE,23045160,2124143600,legalizacao.obras@rededor.com.br,175,0,64,0,41,0,7,0,16,0,0,0,0,0
202603,SUDESTE,RJ,330040,BARRA MANSA,7711697,CASA CLINICA DE ATENCAO A SAUDE AMPLIADA SOCIEDADE EMPRESA,CASA CLINICA DE ATENCAO A SAUDE AMPLIADA SOCIEDADE EMPRESA,M,7,HOSPITAL ESPECIALIZADO,2062,HOSPITAL_PRIVADO,RUA ABDO FELIPE,156,,ANO BOM,27345030,02433230140,,21,0,0,0,0,0,0,0,0,0,0,0,0,0
202603,SUDESTE,RJ,330455,RIO DE JANEIRO,7859341,HOSPITAL SAO VICENTE DE PAULO,HOSPITAL SAO VICENTE DE PAULO,M,5,HOSPITAL GERAL,3999,HOSPITAL_FILANTRÓPICO,GONCALVES CRESPO,430,,TIJUCA,20270320,21 25632121,juridico@hsvp.org.br,131,0,20,0,10,0,0,0,0,0,0,0,10,0
202603,SUDESTE,RJ,330185,GUAPIMIRIM,7877528,PENSIONATO N S APARECIDA,PENSIONATO PROTEGIDO NOSSA SENHORA APARECIDA LTDA,M,7,HOSPITAL ESPECIALIZADO,2062,HOSPITAL_PRIVADO,AVENIDA CAFE FILHO,123,,CITROLANDIA,25942220,,,60,0,0,0,0,0,0,0,0,0,0,0,0,0
202603,SUDESTE,RJ,330330,NITEROI,7884680,HOSPITAL ITAIPU,UNIMED SAO GONCALO NITEROI SOC COOP SERV MED HOSP LTDA,M,5,HOSPITAL GERAL,2143,HOSPITAL_PRIVADO,ESTRADA FRANCISCO DA CRUZ NUNES,5599,,PIRATININGA,24350310,21 26085430,diretoria@hospitalitaipu.com.br,179,0,65,0,50,0,15,0,0,0,0,0,0,0
202603,SUDESTE,RJ,330455,RIO DE JANEIRO,7898843,HOSPITAL PANAMERICANO,CASA DE SAUDE SANTA THEREZINHA S A,M,5,HOSPITAL GERAL,2062,HOSPITAL_PRIVADO,MOURA BRITO,138,,TIJUCA,20520060,998118321,almeida.camila@amil.com.br,109,0,22,0,22,0,0,0,0,0,0,0,0,0
202603,SUDESTE,RJ,330620,VASSOURAS,7938861,CIS CENTRO INTEGRADO DE SAUDE,FUNDACAO EDUCACIONAL SEVERINO SOMBRA,M,5,HOSPITAL GERAL,3069,HOSPITAL_FILANTRÓPICO,AVENIDA RUI BARBOSA,17,,SANTA AMALIA,27700000,24 24718381,,23,0,9,0,5,0,0,0,4,0,0,0,0,0
202603,SUDESTE,RJ,330455,RIO DE JANEIRO,7954549,HOSPITAL ILHA DO GOVERNADOR,HOSPITAL ILHA DO GOVERNADOR LTDA,M,5,HOSPITAL GERAL,2062,HOSPITAL_PRIVADO,ESTRADA DO DENDE,668,,TAUA,21920610,32168000,assuntos.regulatorios@hospitalcasa.com.br,113,0,37,0,37,0,0,0,0,0,0,0,0,0
202603,SUDESTE,RJ,330455,RIO DE JANEIRO,8080798,GLORIA DOR,GLORIA DOR OPERACOES HOSPITALARES LTDA,M,5,HOSPITAL GERAL,2062,HOSPITAL_PRIVADO,RUA SANTO AMARO,80,886 88 90 E 92 SUP R,GLORIA,22211230,(21) 3262-2000,LEGALIZACAO.OBRAS@REDEDOR.COM.BR,218,0,81,0,30,0,14,0,20,0,0,0,17,0
202603,SUDESTE,RJ,330620,VASSOURAS,8200882,HMC PRIVATE HOSPITAL MARCO CAPUTE PRIVATE,FUNDACAO SEVERINO SOMBRA,M,5,HOSPITAL GERAL,3069,HOSPITAL_FILANTRÓPICO,RONALD FIUZA MANHAES,S/N,,CENTRO,27700000,24 24718244,hmcprivate@univassouras.edu.br,71,0,20,0,10,0,0,0,10,0,0,0,0,0
202603,SUDESTE,RJ,330045,BELFORD ROXO,8219982,CCA SERVICOS,CCA SERVICOS MEDICOS LTDA,M,7,HOSPITAL ESPECIALIZADO,2062,HOSPITAL_PRIVADO,BENJAMIM PINTO DIAS,1677,ANDAR 1 ANDAR HOSPIT,CENTRO,26130001,21 41231376,CHAVESALE2008@HOTMAIL.COM,64,0,0,0,0,0,0,0,0,0,0,0,0,0
202603,SUDESTE,RJ,330220,ITAPERUNA,9020462,HOSPITAL UNIMED NORTE FLUMINENSE,UNIMED DO NORTE FLUMINENSE COOP TRABALHO MEDICO,M,5,HOSPITAL GERAL,2143,HOSPITAL_PRIVADO,BUARQUE DE NAZARETH,226,ANEXO 221 E 234,CENTRO,28300000,22 38232450,jroberto@itaperuna.unimed.com.br,33,0,0,0,0,0,0,0,0,0,0,0,0,0
202603,SUDESTE,RJ,330455,RIO DE JANEIRO,9027645,PLACI BOTAFOGO,SOCIEDADE HOSPITALAR 4 DE JULHO LTDA,M,5,HOSPITAL GERAL,2062,HOSPITAL_PRIVADO,GENERAL POLIDORO,144,,BOTAFOGO,22280005,21 25165306,nathalia.tostes@aptalicenciamentos.com.br,90,0,0,0,0,0,0,0,0,0,0,0,0,0
202603,SUDESTE,RJ,330455,RIO DE JANEIRO,9065946,HOSPITAL COPA STAR,REDE DOR SAO LUIZ S A,M,5,HOSPITAL GERAL,2046,HOSPITAL_PRIVADO,RUA FIGUEIREDO MAGALHAES,700,,COPACABANA,22031012,34613620,LEGALIZACAO.OBRAS@REDEDOR.COM.BR,51,0,40,0,40,0,0,0,0,0,0,0,0,0
202603,SUDESTE,RJ,330630,VOLTA REDONDA,9074457,SES RJ HOSP REGIONAL MEDIO PARAIBA DRA ZILDA ARNS NEUMANN,SECRETARIA ESTADUAL DE SAUDE DO RIO DE JANEIRO,E,5,HOSPITAL GERAL,1023,HOSPITAL_PÚBLICO,RODOVIA PRESIDENTE DUTRA,S/N,KM 257 258,RIO DAS FLORES,27257420,(24) 3512-5002,CAIO.LARCHER@HRZAN.FS.RJ.GOV.BR,242,174,144,76,109,56,35,20,0,0,0,0,0,0
202603,SUDESTE,RJ,330205,ITALVA,9089497,ASSOCIACAO BENEFICIENTE E ASSISTENCIA MAGNUS DE ITALVA,ASSOCIACAO BENEFICIENTE E ASSISTENCIA MAGNUS DE ITALVA,M,5,HOSPITAL GERAL,3999,HOSPITAL_FILANTRÓPICO,CORONEL LUIS SALLES,208,,CENTRO,28250000,22 27832485,,56,0,0,0,0,0,0,0,0,0,0,0,0,0
202603,SUDESTE,RJ,330455,RIO DE JANEIRO,9151532,HOSPITAL CASA DE PORTUGAL HOSPITAL GERAL ADMINISTRACAO,HOSPITAL CASA DE PORTUGAL HOSPITAL GERAL ADMINISTRACAO,M,5,HOSPITAL GERAL,2062,HOSPITAL_PRIVADO,RUA DO BISPO,S/N,PARTE,RIO COMPRIDO,20261064,(21) 2218-5354,assuntos.regulatorios@hospitalcasa.com.br,100,0,68,0,68,0,0,0,0,0,0,0,0,0
202603,SUDESTE,RJ,330455,RIO DE JANEIRO,9198024,HOSPITAL RIO BOTAFOGO,HOSPITAL RIO BOTAFOGO LTDA,M,5,HOSPITAL GERAL,2062,HOSPITAL_PRIVADO,BARAO DE LUCENA,95,,BOTAFOGO,22260020,21 3216-8000,assuntos.regulatorios@hospitalcasa.com.br,70,0,28,0,28,0,0,0,0,0,0,0,0,0
202603,SUDESTE,RJ,330455,RIO DE JANEIRO,9214763,HOSPITAL CASA SAO BERNARDO,HOSPITAL CASA SAO BERNARDO HOSPITAL GERAL,M,5,HOSPITAL GERAL,2062,HOSPITAL_PRIVADO,AVENIDA DAS AMERICAS,3250,,BARRA DA TIJUCA,22640102,2132168000,assuntos.regulatorios@hospitalcasa.com.br,135,0,78,0,70,0,0,0,0,0,0,0,8,0
202603,SUDESTE,RJ,330455,RIO DE JANEIRO,9426752,HOSPITAL BARRA PLASTICA,YP CLINICA CIRURGICA DA BARRA LTDA,M,7,HOSPITAL ESPECIALIZADO,2062,HOSPITAL_PRIVADO,RUA DAUT PERES,114,,BARRA DA TIJUCA,22640070,3251-1070/3253-5228,atendimento.barraplastica@gmail.com,21,0,0,0,0,0,0,0,0,0,0,0,0,0
202603,SUDESTE,RJ,330210,ITAOCARA,9441085,TOTAL MED SERVICOS MEDICOS LTDA ME,TOTAL MED SERVICOS MEDICOS LTDA ME,M,15,UNIDADE MISTA,2062,HOSPITAL_PRIVADO,RUA NILO PECANHA,564,SALA 789101112,CENTRO,28570000,2238618421,,3,0,0,0,0,0,0,0,0,0,0,0,0,0
202603,SUDESTE,RJ,330455,RIO DE JANEIRO,9461086,HOSPITAL SEMIU,SEMIU CENTRO MEDICO LTDA,M,5,HOSPITAL GERAL,2062,HOSPITAL_PRIVADO,AVENIDA VICENTE DE CARVALHO,1159,,VILA DA PENHA,21210623,21 34578800,GESTAO@SEMIU.COM.BR,175,0,37,0,22,0,0,0,0,0,0,0,15,0
202603,SUDESTE,RJ,330150,CORDEIRO,9491619,HOSPITAL DE CORDEIRO,MUNICIPIO DE CORDEIRO,M,5,HOSPITAL GERAL,1244,HOSPITAL_PÚBLICO,RUA ABEL VENTURA RIBEIRO DE MORAES,361,,CENTRO,28540000,,,40,40,0,0,0,0,0,0,0,0,0,0,0,0
202603,SUDESTE,RJ,330455,RIO DE JANEIRO,9505512,HOSPITAL PREMIUM,HOSPITAL CASA HOSPITAL DO CANCER,M,7,HOSPITAL ESPECIALIZADO,2062,HOSPITAL_PRIVADO,RUA DO BISPO,18,LOTE 1 PAL 10328,RIO COMPRIDO,20261064,02135503800,,82,0,27,0,27,0,0,0,0,0,0,0,0,0
202603,SUDESTE,RJ,330455,RIO DE JANEIRO,9567933,HOSPITAL MEMORIAL FUAD CHIDID,HOSPITAL MEMORIAL FUAD CHIDID LTDA,M,5,HOSPITAL GERAL,2062,HOSPITAL_PRIVADO,JOSE DOS REIS,81,23 27 59 71 73 75,ENGENHO DE DENTRO,20756115,,,92,0,29,0,29,0,0,0,0,0,0,0,0,0
202603,SUDESTE,RJ,330455,RIO DE JANEIRO,9614133,INTERMEDICA,NOTRE DAME INTERMEDICA SAUDE S A,M,5,HOSPITAL GERAL,2054,HOSPITAL_PRIVADO,SILVA TELES,00052,,ANDARAI,20541110,21 2570-6336,t_roberto.calheiros@hapvida.com.br,50,0,9,0,9,0,0,0,0,0,0,0,0,0
202603,SUDESTE,RJ,330455,RIO DE JANEIRO,9640665,LOG HEALTH,LOG HEALTH LOGISTICA GESTAO EM SAUDE DE,M,5,HOSPITAL GERAL,2062,HOSPITAL_PRIVADO,RUA ADOLFO BERGAMINI,206,PARTE,ENGENHO DE DENTRO,20730000,(21)3899-6342,,1,0,0,0,0,0,0,0,0,0,0,0,0,0
202603,SUDESTE,RJ,330100,CAMPOS DOS GOYTACAZES,9666389,VILA VERDE,NOVOS RUMOS SAUDE MENTAL LTDA,M,7,HOSPITAL ESPECIALIZADO,2062,HOSPITAL_PRIVADO,VOLUNTARIOS DA PATRIA,194,,CENTRO,28035260,22 998021806,SOCIETARIO3@MAXIMUMCONTABIL.COM.BR,2,0,0,0,0,0,0,0,0,0,0,0,0,0
202603,SUDESTE,RJ,330455,RIO DE JANEIRO,9739459,CENTRO HOSPITALAR AMEP JACAREPAGUA,HSJ HOSPITAL SEMIU DE JACAREPAGUA LTDA,M,5,HOSPITAL GERAL,2062,HOSPITAL_PRIVADO,MARECHAL MIGUEL SALAZAR MENDES DE MORAIS,254,,TAQUARA,22770330,21 86691518,GEANFRANCO@UOL.COM.BR,4,0,0,0,0,0,0,0,0,0,0,0,0,0
202603,SUDESTE,RJ,330630,VOLTA REDONDA,9761322,HOSPITAL VIVER MAIS,HOSPITAL VIVER MAIS S A,M,5,HOSPITAL GERAL,2054,HOSPITAL_PRIVADO,CENTO E CINQUENTA E SEIS,380,,LARANJAL,27255005,24 33430773,HOSPITALVIVERMAIS@GMAIL.COM,59,0,10,0,10,0,0,0,0,0,0,0,0,0
202603,SUDESTE,RJ,330390,PETROPOLIS,9762558,H C C CENTRO DE TERAPIA INTENSIVA E CIRURGICA LTDA,H C C CENTRO DE TERAPIA INTENSIVA E CIRURGICA LTDA,M,5,HOSPITAL GERAL,2062,HOSPITAL_PRIVADO,ESTRADA UNIAO E INDUSTRIA,2501,PARTE,CORREAS,25720062,(24) 22363738,faturamentohcc.hcc@gmail.com,91,1,45,0,45,0,0,0,0,0,0,0,0,0
202603,SUDESTE,RJ,330455,RIO DE JANEIRO,9796282,HOSPITAL PRO CRIANCA,HOSPITAIS INTEGRADOS DA GAVEA S A,M,7,HOSPITAL ESPECIALIZADO,2054,HOSPITAL_PRIVADO,RUA DONA MARIANA,220,,BOTAFOGO,22280020,32394685,legalizacao.obras@rededor.com.br,43,0,12,0,0,0,12,0,0,0,0,0,0,0
202603,SUDESTE,RJ,330455,RIO DE JANEIRO,9837426,HOSPITAL GLORIA DOR,HOSPITAIS INTEGRADOS DA GAVEA S A,E,5,HOSPITAL GERAL,2054,HOSPITAL_PRIVADO,RUA SANTO AMARO,80,86 88 90 92 C ENTRA,GLORIA,22211230,(21) 3262-2000,LEGALIZACAO.OBRAS@REDEDOR.COM.BR,218,0,81,0,30,0,14,0,20,0,0,0,17,0
202603,SUDESTE,RJ,330330,NITEROI,9839674,ESSENCIAL HOSPITAL DE TRANSICAO,ESSENCIAL CARE ASSISTENCIA MEDICA,M,5,HOSPITAL GERAL,2062,HOSPITAL_PRIVADO,AVENIDA RUI BARBOSA,716,,SAO FRANCISCO,24360440,,,30,0,0,0,0,0,0,0,0,0,0,0,0,0
202603,SUDESTE,RJ,330270,MARICA,9895124,ERNESTO CHE GUEVARA SMSM,HOSPITAL MUNICIPAL DR ERNESTO CHE GUEVARA,M,5,HOSPITAL GERAL,1031,HOSPITAL_PÚBLICO,ROD ERNANI DO AMARAL PEIXOTO,23269,QD GLD LT 2,SAO JOSE DO IMBASSAI,24931000,21-26372667,ernestocheguevaramarica@gmail.com,118,103,25,10,20,10,5,0,0,0,0,0,0,0
202603,SUDESTE,RJ,330010,ANGRA DOS REIS,9903496,PLAZA MEDICAL SERVICOS ESPECIALIZADOS EM SAUDE LTDA,PLAZA MEDICAL SERVICOS ESPECIALIZADOS EM SAUDE LTDA,M,5,HOSPITAL GERAL,2062,HOSPITAL_PRIVADO,RUA DOUTOR COUTINHO,84,2 ANDAR,CENTRO,23900620,24 21022121,,20,0,20,0,0,0,5,0,15,0,0,0,0,0
202603,SUDESTE,RJ,330490,SAO GONCALO,9912584,CLISSIL,CLISSIL CLINICA SAO SILVESTRE,M,7,HOSPITAL ESPECIALIZADO,2240,HOSPITAL_PRIVADO,RUA DR NILO PECANHA,940,,NOVA CIDADE,24440000,,,20,0,0,0,0,0,0,0,0,0,0,0,0,0
202603,SUDESTE,RJ,330110,CANTAGALO,9921710,CTI JOAO PAULO II,CENTRO DE TRATAMENTO INTENSIVO DE CANTAGALO LTDA,M,5,HOSPITAL GERAL,2062,HOSPITAL_PRIVADO,MIGUEL SANTOS,25,,CHACARA QUEIMADA,28500000,22 25510125,sandro@contavel.com,10,0,10,0,10,0,0,0,0,0,0,0,0,0
202604,SUDESTE,RJ,330330,NITEROI,12505,HOSPITAL UNIVERSITARIO ANTONIO PEDRO,EMPRESA BRASILEIRA DE SERVICOS HOSPITALARES,M,5,HOSPITAL GERAL,2011,HOSPITAL_PRIVADO,RUA MARQUES DO PARANA,303,,CENTRO,24033900,(21) 26299114,uac.huap@ebserh.gov.br,240,213,34,34,16,16,0,0,8,8,0,0,10,10
202604,SUDESTE,RJ,330330,NITEROI,12513,HOSPITAL MUNICIPAL CARLOS TORTELLY,FUNDACAO MUNICIPAL DE SAUDE,M,5,HOSPITAL GERAL,1155,HOSPITAL_PÚBLICO,ATHAYDE PARREIRAS,266,,NITEROI,24070090,(21) 2729-9342,,126,126,0,0,0,0,0,0,0,0,0,0,0,0
202604,SUDESTE,RJ,330330,NITEROI,12521,SES RJ HOSPITAL ESTADUAL AZEVEDO LIMA,SECRETARIA DE ESTADO DE SAUDE SES,E,5,HOSPITAL GERAL,1023,HOSPITAL_PÚBLICO,DR TEIXEIRA DE FREITAS,30,,FONSECA,24130616,2126271448,faturamento@fs.rj.gov.br,251,228,45,30,35,30,0,0,10,0,0,0,0,0
202604,SUDESTE,RJ,330330,NITEROI,12548,HOSPITAL DA POLICIA MILITAR DE NITEROI,HOSPITAL DA POLICIA MILITAR DE NITEROI,M,5,HOSPITAL GERAL,1023,HOSPITAL_PÚBLICO,RUA MARTINS TORRES,245,,SANTA ROSA,24240705,(21)2715-4765,subdirtec?_hpmnit@pmerj.rj.gov.br,27,0,0,0,0,0,0,0,0,0,0,0,0,0
202604,SUDESTE,RJ,330330,NITEROI,12556,HOSPITAL ORENCIO DE FREITAS,FUNDACAO MUNICIPAL DE SAUDE DE NITEROI,M,5,HOSPITAL GERAL,1155,HOSPITAL_PÚBLICO,MACHADO,S/N,,BARRETO,24111000,021 26203434,direcaohof@gmail.com,76,70,6,0,6,0,0,0,0,0,0,0,0,0
202604,SUDESTE,RJ,330330,NITEROI,12599,HOSPITAL GETULIO VARGAS FILHO,FUNDACAO MUNICIPAL DE SAUDE,M,7,HOSPITAL ESPECIALIZADO,1155,HOSPITAL_PÚBLICO,TEIXEIRA DE FREITAS,S/N,,FONSECA,24130616,,,81,79,17,17,0,0,10,10,7,7,0,0,0,0
202604,SUDESTE,RJ,330330,NITEROI,12610,HOSPITAL DE OLHOS SANTA BEATRIZ,HOSPITAL OFTALMOLOGICO SANTA BEATRIZ LTDA,M,7,HOSPITAL ESPECIALIZADO,2062,HOSPITAL_PRIVADO,ALAMEDA SAO BOAVENTURA,586,,FONSECA,24120191,(21)26268000,diretoria@hosb.com.br,44,20,0,0,0,0,0,0,0,0,0,0,0,0
202604,SUDESTE,RJ,330330,NITEROI,12718,HOSPITAL PSIQUIATRICO DE JURUJUBA,FUNDACAO MUNICIPAL DE SAUDE DE NITEROI,M,7,HOSPITAL ESPECIALIZADO,1155,HOSPITAL_PÚBLICO,AV SILVIO PICANCO,S/N,,CHARITAS,24370005,(21)26107678,hospitalpsiquiatricodejurujuba@saude.niteroi.rj.gov.br,45,45,0,0,0,0,0,0,0,0,0,0,0,0
202604,SUDESTE,RJ,330330,NITEROI,12769,SES RJ INSTITUTO ESTADUAL DE DOENCAS DO TORAX ARY PARREIRAS,SECRETARIA DE ESTADO DE SAUDE DO RIO DE JANEIRO,E,7,HOSPITAL ESPECIALIZADO,1023,HOSPITAL_PÚBLICO,RUA DR LUIZ PALMIER,762,,BARRETO,24110310,(21)27290008,dg@ietap.fs.rj.gov.br,84,35,10,0,10,0,0,0,0,0,0,0,0,0
202604,SUDESTE,RJ,330330,NITEROI,12823,SEAP RJ HOSPITAL DE CUST E TRAT PSIQUIATRICO HENRIQUE ROXO,SECRETARIA DE ESTADO DE ADMINISTRACAO PENITENCIARIA,E,7,HOSPITAL ESPECIALIZADO,1023,HOSPITAL_PÚBLICO,RUA PROFESSOR HEITOR CARRILHO,S/N,,CENTRO,24030230,,seaphr@gmail.com,155,155,0,0,0,0,0,0,0,0,0,0,0,0
202604,SUDESTE,RJ,330630,VOLTA REDONDA,25135,HOSPITAL MUNICIPAL SAO JOAO BATISTA,SERVICO AUTONOMO HOSPITALAR,M,5,HOSPITAL GERAL,1120,HOSPITAL_PÚBLICO,RUA NOSSA SENHORA DAS GRACAS,235,,SAO GERALDO,27253610,2433424144,sah@hsjb.org.br,161,155,9,9,9,9,0,0,0,0,0,0,0,0
202604,SUDESTE,RJ,330630,VOLTA REDONDA,25143,HOSPITAL MUNICIPAL DR MUNIR RAFFUL,HOSPITAL MUNICIPAL DR MUNIR RAFFUL,M,5,HOSPITAL GERAL,1031,HOSPITAL_PÚBLICO,AV JARAGUA,1020,,RETIRO,27277130,2433399393,hmr@epdvr.com.br,183,179,10,6,10,6,0,0,0,0,0,0,0,0
202604,SUDESTE,RJ,330630,VOLTA REDONDA,25186,H FOA ECOSSISTEMA EM SAUDE E EDUCACAO ESCOLA MEDICA,FUNDACAO OSWALDO ARANHA,M,5,HOSPITAL GERAL,3069,HOSPITAL_FILANTRÓPICO,DR MIGUEL COUTO,70,,JARDIM AMALIA,27251260,24 33408371,direcao.executiva@hfoa.org.br,74,34,38,5,8,5,14,0,16,0,0,0,0,0
202604,SUDESTE,RJ,330630,VOLTA REDONDA,26050,HOSPITAL SANTA CECILIA,INSTITUTO DO CANCER DO CEARA,M,5,HOSPITAL GERAL,3999,HOSPITAL_FILANTRÓPICO,41 C,160,,VILA SANTA CECILIA,27255430,24 33443262,contabilidade@icc.org.br,125,18,30,6,20,6,5,0,5,0,0,0,0,0
202604,SUDESTE,RJ,330455,RIO DE JANEIRO,32247,HOSP CASA EVANGELICO HOSP GERAL ADM E GESTAO HOSP,HOSP CASA EVANGELICO HOSP GERAL ADM E GESTAO HOSP,M,5,HOSPITAL GERAL,2062,HOSPITAL_PRIVADO,RUA BOM PASTOR,295,CASA 1 PARTE CASA 1,TIJUCA,20521060,,,130,0,58,0,48,0,0,0,10,0,0,0,0,0
202604,SUDESTE,RJ,330045,BELFORD ROXO,52825,SOPHIA MEDIC SERVICOS MEDICOS E CIRURGICOS LTDA,SOPHIA MEDIC SERVICOS MEDICOS E CIRURGICOS LTDA,M,7,HOSPITAL ESPECIALIZADO,2062,HOSPITAL_PRIVADO,BENJAMIM PINTO DIAS,1677,SALA PARTE HOSPITAL,CENTRO,26130001,21 41231376,MEDIC.SOPHIA@GMAIL.COM,50,50,0,0,0,0,0,0,0,0,0,0,0,0
202604,SUDESTE,RJ,330330,NITEROI,55859,PROCEM CENTRO DE ESPECIALIDADES MEDICAS,C R P T ASSISTENCIA MEDICA E HOSPITALAR LTDA,M,7,HOSPITAL ESPECIALIZADO,2062,HOSPITAL_PRIVADO,TIRADENTES,12,E 18 PARTE,INGA,24210510,21 26210826,financeiro@clinicaprocem.com.br,60,0,24,0,0,0,4,0,20,0,0,0,0,0
202604,SUDESTE,RJ,330455,RIO DE JANEIRO,89338,HOSPITAL DOUTOR MARCOS MORAES,HOSPITAL DE ONCOLOGIA DO MEIER S A,M,5,HOSPITAL GERAL,2054,HOSPITAL_PRIVADO,ARISTIDES CAIRE,00027,,MEIER,20775090,21 30316762,TRIBUTARIO.GESTAO@ONCOCLINICAS.COM,86,0,10,0,10,0,0,0,0,0,0,0,0,0
202604,SUDESTE,RJ,330455,RIO DE JANEIRO,102881,HOSPITAL BARRA DAY,BARRA DAY SERVICOS MEDICOS LTDA,M,21,PRONTO SOCORRO ESPECIALIZADO,2062,HOSPITAL_PRIVADO,ARMANDO LOMBARDI,01000,BLC 2 SALAS 22,BARRA DA TIJUCA,22640000,21 35503400,ALMEIDAEVILLELA.SEGUROS@GMAIL.COM,8,0,0,0,0,0,0,0,0,0,0,0,0,0
202604,SUDESTE,RJ,330250,MAGE,103616,UNIDADE 24 HORAS DE SANTO ALEIXO,MUNICIPIO DE MAGE,M,20,PRONTO SOCORRO GERAL,1244,HOSPITAL_PÚBLICO,AVENIDA OTHON LINCH BEZERRA DE MELLO,329,ANT PRED CENTRO ADM,SANTO ALEIXO,25912206,,,14,14,0,0,0,0,0,0,0,0,0,0,0,0
202604,SUDESTE,RJ,330330,NITEROI,105317,HOSPITAL MUNICIPAL OCEANICO DR GILSON CANTARINO HMOGC,FUNDACAO MUNICIPAL DE SAUDE DE NITEROI,M,5,HOSPITAL GERAL,1155,HOSPITAL_PÚBLICO,DOUTOR RAUL DE OLIVEIRA RODRIGUES,382,,PIRATININGA,24350630,21 31803948,CONTABILIDADESAUDEDENITEROI@GMAIL.COM,80,80,10,10,10,10,0,0,0,0,0,0,0,0
202604,SUDESTE,RJ,330490,SAO GONCALO,113115,HOSPITAL MUNICIPAL RETAGUARDA GONCALENSE,SECRETARIA MUNICIPAL DE SAUDE DE SAO GONCALO,M,5,HOSPITAL GERAL,1244,HOSPITAL_PÚBLICO,RUA JOAO DE SOUZA,410,,CENTRO,24445370,,,86,59,27,0,27,0,0,0,0,0,0,0,0,0
202604,SUDESTE,RJ,330490,SAO GONCALO,113891,HOSPITAL DO CANCER E DO CORACAO HCCOR,SECRETARIA MUNICIPAL DE SAUDE DE SAO GONCALO,M,7,HOSPITAL ESPECIALIZADO,1244,HOSPITAL_PÚBLICO,ESTRADA DE PACHECO,216,A,LAGOINHA,24440400,,,47,47,10,10,10,10,0,0,0,0,0,0,0,0
202604,SUDESTE,RJ,330190,ITABORAI,131237,HOSPITAL MUNICIPAL SAO JUDAS TADEU,PREFEITURA MUNICIPAL DE ITABORAI,M,5,HOSPITAL GERAL,1244,HOSPITAL_PÚBLICO,AV 22 DE MAIO,S/N,,OUTEIRO DAS PEDRAS,24812222,21 2645-4508,gabinete.saude@itaborai.rj.gov.br,30,30,0,0,0,0,0,0,0,0,0,0,0,0
202604,SUDESTE,RJ,330170,DUQUE DE CAXIAS,155055,MATERNIDADE SANTA CRUZ DA SERRA,MUNICIPIO DE DUQUE DE CAXIAS,M,7,HOSPITAL ESPECIALIZADO,1244,HOSPITAL_PÚBLICO,AV AUTOMOVEL CLUBE,275,,SANTA CRUZ DA SERRA,25272405,,rh.maternidade.stserra@gmail.com,105,105,0,0,0,0,0,0,0,0,0,0,0,0
202604,SUDESTE,RJ,330414,QUEIMADOS,182974,HOSPITAL E MATERNIDADE MUNICIPAL DE QUEIMADOS,MUNICIPIO DE QUEIMADOS,M,7,HOSPITAL ESPECIALIZADO,1244,HOSPITAL_PÚBLICO,RUA DEUSINHO DE FREITAS,13,,CENTRO,26325290,26657800,,32,32,0,0,0,0,0,0,0,0,0,0,0,0
202604,SUDESTE,RJ,330360,PARACAMBI,219436,MATERNIDADE LAURINDO JOSE FERREIRA,MUNICIPIO DE PARACAMBI,M,7,HOSPITAL ESPECIALIZADO,1244,HOSPITAL_PÚBLICO,AVENIDA JONAS LEAL,17,,LAGES,26600000,,,15,15,0,0,0,0,0,0,0,0,0,0,0,0
202604,SUDESTE,RJ,330020,ARARUAMA,221015,HOSPITAL MUNICIPAL DR JAQUELINE PRATES CNPJ 31 135 0460001 4,HOSPITAL MUNICIPAL DRA JAQUELINE PRATES,M,5,HOSPITAL GERAL,1031,HOSPITAL_PÚBLICO,MAJOR FELIX MOREIRA,267,,CENTRO,28979102,22 97402349,sesau01@gmail.com,70,70,0,0,0,0,0,0,0,0,0,0,0,0
202604,SUDESTE,RJ,330350,NOVA IGUACU,679550,SES RJ HOSPITAL ESTADUAL DR RICARDO CRUZ,SECRETARIA DE ESTADO DE SAUDE SES,E,5,HOSPITAL GERAL,1023,HOSPITAL_PÚBLICO,AVENIDA GOVERNADOR ROBERTO SILVEIRA,1385,,CENTRO,26285060,26586670,hospitalestadualdrricardocruz@gmail.com,300,160,140,0,100,0,40,0,0,0,0,0,0,0
202604,SUDESTE,RJ,330455,RIO DE JANEIRO,697524,HOSPITAL DE AERONAUTICA DOS AFONSOS,HOSPITAL DE AERONAUTICA DOS AFONSOS,M,5,HOSPITAL GERAL,1015,HOSPITAL_PÚBLICO,AVENIDA MARECHAL FONTENELLE,1628,CAMPO DOS AFONSOS,CAMPO DOS AFONSOS,21740002,32896800,secdir.haaf@fab.mil.br,81,0,7,0,7,0,0,0,0,0,0,0,0,0
202604,SUDESTE,RJ,330510,SAO JOAO DE MERITI,726095,HOSPITAL MATERNIDADE SAO JOAO DE MERITI,MUNICIPIO DE SAO JOAO DE MERITI,M,7,HOSPITAL ESPECIALIZADO,1244,HOSPITAL_PÚBLICO,RUA VIRGILIO DE AZAMBUJA MONTEIRO,13,,CENTRO,25520410,,hospitalmaternidade.sjm@gmail.com,68,48,12,0,0,0,0,0,12,0,0,0,0,0
202604,SUDESTE,RJ,330455,RIO DE JANEIRO,759384,QUALITY CARE,QUALITY CARE SOLUCOES MEDICAS INTEGRADAS LTDA,M,5,HOSPITAL GERAL,2062,HOSPITAL_PRIVADO,RUA MENA BARRETO,165,,BOTAFOGO,22271100,2130903400,contratos@qualitylifehc.com.br,32,0,0,0,0,0,0,0,0,0,0,0,0,0
202604,SUDESTE,RJ,330200,ITAGUAI,767190,HOSPITAL COSTA VERDE,UNIMED COSTA VERDE RJ,M,5,HOSPITAL GERAL,2143,HOSPITAL_PRIVADO,HAROLDO RODRIGUES JESUS,160,QUADRA3 LOTE 36,MONTE SERRAT,23810840,21 26881739,CONTABILIDADE@COSTAVERDE.UNIMED.COM.BR,34,0,4,0,4,0,0,0,0,0,0,0,0,0
202604,SUDESTE,RJ,330350,NOVA IGUACU,807842,MATERNIDADE NEOMATER,HOSPITAL E MATERNIDADE NEOMATER LTDA,M,7,HOSPITAL ESPECIALIZADO,2062,HOSPITAL_PRIVADO,OTAVIO ASCOLI,328,,CENTRO,26215160,02128823050,diretoria@maternidadeneomater.com.br,124,0,67,0,9,0,0,0,58,0,0,0,0,0
202604,SUDESTE,RJ,330030,BARRA DO PIRAI,850160,UPA 24 HORAS BARRA DO PIRAI,FUNDO MUNICIPAL DE SAUDE DE BARRA DO PIRAI,M,20,PRONTO SOCORRO GERAL,1244,HOSPITAL_PÚBLICO,RUA FRANKLIN DE MORAES,67,,CENTRO,27140000,,contasmedicas.sms@barradopirai.rj.gov.br,5,5,0,0,0,0,0,0,0,0,0,0,0,0
202604,SUDESTE,RJ,330070,CABO FRIO,919373,HOSPITAL UNIVERSITARIO REITOR HESIO CORDEIRO HURHC,UNIVERSIDADE DO ESTADO DO RIO DE JANEIRO,E,5,HOSPITAL GERAL,1147,HOSPITAL_PÚBLICO,RUA ARIZIO GOMES DA COSTA,186,,JARDIM FLAMBOYANT,28905320,22 26401250,FRANCISCO.BARBOSA.NETO@UERJ.BR,28,20,8,0,8,0,0,0,0,0,0,0,0,0
202604,SUDESTE,RJ,330070,CABO FRIO,928143,CLINICA VISION,CLINICA VISION LTDA,M,7,HOSPITAL ESPECIALIZADO,2062,HOSPITAL_PRIVADO,RAUL VEIGA,153,LOJA 01,CENTRO,28907090,32 32154727,GERENCIA@RICARDOMARTIN.COM.BR,2,2,0,0,0,0,0,0,0,0,0,0,0,0
202604,SUDESTE,RJ,330170,DUQUE DE CAXIAS,978213,HOSPITAL MUNICIPAL INFANTIL PADRE GUILHERME,MUNICIPIO DE DUQUE DE CAXIAS,M,5,HOSPITAL GERAL,1244,HOSPITAL_PÚBLICO,RUA EVARISTO DE MORAIS,S/N,,VILA BERNADETE,25272560,,cnes.hmpg@gmail.com,31,31,0,0,0,0,0,0,0,0,0,0,0,0
202604,SUDESTE,RJ,330270,MARICA,2266733,HOSPITAL MUNICIPAL CONDE MODESTO LEAL,MUNICIPIO DE MARICA,M,5,HOSPITAL GERAL,1120,HOSPITAL_PÚBLICO,RUA DOMICIO DA GAMA,433,,CENTRO,24900815,(21)26371713,superintendenciadesaudemarica@gmail.com,105,101,0,0,0,0,0,0,0,0,0,0,0,0
202604,SUDESTE,RJ,330400,PIRAI,2267187,HOSPITAL FLAVIO LEAL,CASA DE CARIDADE DE PIRAI,M,5,HOSPITAL GERAL,3999,HOSPITAL_FILANTRÓPICO,RUA ROBERTO SILVEIRA,50,,CENTRO,27175000,(24) 35115600,hospitalpirai@bol.com.br,64,50,10,7,10,7,0,0,0,0,0,0,0,0
202604,SUDESTE,RJ,330415,QUISSAMA,2267209,HOSPITAL MUNICIPAL MARIANA MARIA DE JESUS,SECRETARIA MUNICIPAL DE SAUDE DE QUISSAMA,M,5,HOSPITAL GERAL,1031,HOSPITAL_PÚBLICO,AV AMILCAR PEREIRA DA SILVA,138,,MATO DE PIPA,28737000,2227689100,hospital@quissama.rj.gov.br,73,73,6,6,6,6,0,0,0,0,0,0,0,0
202604,SUDESTE,RJ,330015,APERIBE,2267454,HOSPITAL MUNICIPAL AUGUSTINHO GESUALD BLANC,MUNICIPIO DE APERIBE,M,5,HOSPITAL GERAL,1244,HOSPITAL_PÚBLICO,RUA ANTONIO JOSE MOREIRA,359,,SAO VICENTE DE PAULA,28495446,2238641710,saude.aperibe@bol.com.br,35,35,0,0,0,0,0,0,0,0,0,0,0,0
202604,SUDESTE,RJ,330110,CANTAGALO,2267713,HOSPITAL DE CANTAGALO,SANTA CASA DE CARIDADE DE CANTAGALO,M,5,HOSPITAL GERAL,3999,HOSPITAL_FILANTRÓPICO,MIGUEL SANTOS,S/N,,PRIMEIRO,28500000,,,98,81,15,10,15,10,0,0,0,0,0,0,0,0
202604,SUDESTE,RJ,330025,ARRAIAL DO CABO,2267802,HOSPITAL GERAL DE ARRAIAL DO CABO,SECRETARIA MUNICIPAL DE SAUDE DE ARRAIAL DO CABO,M,5,HOSPITAL GERAL,1031,HOSPITAL_PÚBLICO,AV GETULIO VARGAS,S/N,,CANAA,28930000,(22)26222107,fatura_saude@yahoo.com.br,84,75,9,0,9,0,0,0,0,0,0,0,0,0
202604,SUDESTE,RJ,330160,DUAS BARRAS,2267810,HOSPITAL MUNICIPAL DR ANTONIO CARLOS DA SILVA MONNERAT,SECRETARIA MUNICIPAL DE SAUDE DE DUAS BARRAS,M,5,HOSPITAL GERAL,1244,HOSPITAL_PÚBLICO,AV GETULIO VARGAS,199,,CENTRO,28650000,2225341177,,30,30,0,0,0,0,0,0,0,0,0,0,0,0
202604,SUDESTE,RJ,330570,SUMIDOURO,2268051,HOSPITAL MUNICIPAL DR JOAO PEREIRA MARTINS,SMS SUMIDOURO,M,5,HOSPITAL GERAL,1244,HOSPITAL_PÚBLICO,RUA CARLOS ALBERTO P MOURA JUNIOR,02,,N SRA DE FATIMA,28637000,(24)25311164,,25,25,0,0,0,0,0,0,0,0,0,0,0,0
202604,SUDESTE,RJ,330450,RIO DAS FLORES,2268329,HOSPITAL GERAL DR LUIZ PINTO,MUNICIPIO DE RIO DAS FLORES,M,5,HOSPITAL GERAL,1244,HOSPITAL_PÚBLICO,RUA MARCELINO DO VALLE,13,,INGLESES,27660322,(24)24581300,faturamentorf@gmail.com,27,26,0,0,0,0,0,0,0,0,0,0,0,0
202604,SUDESTE,RJ,330190,ITABORAI,2268922,HOSPITAL MUNICIPAL DESEMBARGADOR LEAL JUNIOR HMDLJ,PREFEITURA MUNICIPAL DE ITABORAI,M,5,HOSPITAL GERAL,1244,HOSPITAL_PÚBLICO,ESTRADA PREFEITO ALVARO DE CARVALHO JUNIOR,S/N,,NANCILANDIA,24801064,(21)26458070,hmdlj@itaborai.rj.gov.br,139,139,0,0,0,0,0,0,0,0,0,0,0,0
202604,SUDESTE,RJ,330455,RIO DE JANEIRO,2269341,SMS HOSPITAL MUNICIPAL JESUS AP 22,SMS RIO HOSPITAL MUNICIPAL JESUS AP 22,M,7,HOSPITAL ESPECIALIZADO,1031,HOSPITAL_PÚBLICO,OITO DE DEZEMBRO,717,,VILA ISABEL,20550200,,dica.hmjesus@gmail.com,95,95,8,8,0,0,8,8,0,0,0,0,0,0
202604,SUDESTE,RJ,330455,RIO DE JANEIRO,2269384,HOSPITAL FEDERAL DO ANDARAI,MS HOSPITAL DO ANDARAI,M,5,HOSPITAL GERAL,1015,HOSPITAL_PÚBLICO,RUA GASTAO PENALVA,119,,ANDARAI,20540220,(21) 25757000,,282,242,44,4,38,0,2,0,0,0,4,4,0,0
202604,SUDESTE,RJ,330455,RIO DE JANEIRO,2269392,POLICLINICA PIQUET CARNEIRO,UERJ POLICLINICA PIQUET CARNEIRO,E,5,HOSPITAL GERAL,1147,HOSPITAL_PÚBLICO,AV MARECHAL RONDOM,381,,SAO FRANCISCO XAVIER,20950003,2125667000,servccp@ppc.uerj.br,8,8,0,0,0,0,0,0,0,0,0,0,0,0
202604,SUDESTE,RJ,330455,RIO DE JANEIRO,2269406,CLINICA DA GAVEA,CLINICA DA GAVEA S A,M,7,HOSPITAL ESPECIALIZADO,2054,HOSPITAL_PRIVADO,ESTRADA DA GAVEA,151,,GAVEA,22451262,21 2274-7022,clinicadagavea@clinicadagavea.com.br,300,0,0,0,0,0,0,0,0,0,0,0,0,0
202604,SUDESTE,RJ,330455,RIO DE JANEIRO,2269430,INSTITUTO DE PSIQUIATRIA DA UFRJ IPUB,INSTITUTO DE PSIQUIATRIA DA UFRJ IPUB,M,7,HOSPITAL ESPECIALIZADO,1104,HOSPITAL_PÚBLICO,AVENIDA VENCESLAU BRAS,71,FUNDOS,BOTAFOGO,22290140,(21)39380500,gabdiretor@ipub.ufrj.br,167,167,0,0,0,0,0,0,0,0,0,0,0,0
202604,SUDESTE,RJ,330455,RIO DE JANEIRO,2269481,SMS HOSPITAL MUNICIPAL DA PIEDADE AP 32,SMS RIO HOSPITAL MUNICIPAL DA PIEDADE AP 32,M,5,HOSPITAL GERAL,1031,HOSPITAL_PÚBLICO,RUA DA CAPELA,96,,PIEDADE,20740310,(21)31116540,hmpiedade@rio.rj.gov.br,132,122,10,0,10,0,0,0,0,0,0,0,0,0
202604,SUDESTE,RJ,330455,RIO DE JANEIRO,2269678,SES RJ IECAC INST EST DE CARDIOLOGIA ALOYSIO DE CASTRO,FUNDACAO SAUDE DO ESTADO DO RIO DE JANEIRO,E,7,HOSPITAL ESPECIALIZADO,1260,HOSPITAL_PÚBLICO,RUA DAVID CAMPISTA,326,,HUMAITA,22261010,23321570,faturamento@iecac.fundacaosaude.rj.gov.br,112,97,33,18,26,18,7,0,0,0,0,0,0,0
202604,SUDESTE,RJ,330455,RIO DE JANEIRO,2269724,SMS HOSPITAL MUNICIPAL NOSSA SENHORA DO LORETO AP 31,SMS RIO HOSPITAL MUNICIPAL NOSSA SENHORA DO LORETO AP 31,M,7,HOSPITAL ESPECIALIZADO,1031,HOSPITAL_PÚBLICO,RUA TAIFEIRO OSMAR DE MORAES,26,,GALEAO,21941455,(21)33931983/0610,hmnsloreto@gmail.com,36,36,0,0,0,0,0,0,0,0,0,0,0,0
202604,SUDESTE,RJ,330455,RIO DE JANEIRO,2269775,MS HOSPITAL DE IPANEMA,MS HOSPITAL DE IPANEMA,M,5,HOSPITAL GERAL,1015,HOSPITAL_PÚBLICO,RUA ANTONIO PARREIRAS,67,,IPANEMA,22411020,(21)31112318,hospitaldeipanema@hgi.rj.saude.gov.br,133,123,10,0,10,0,0,0,0,0,0,0,0,0
202604,SUDESTE,RJ,330455,RIO DE JANEIRO,2269783,UERJ HOSPITAL UNIV PEDRO ERNESTO,UERJ HUPE HOSPITAL UNIVERSITARIO PEDRO ERNESTO,E,5,HOSPITAL GERAL,1147,HOSPITAL_PÚBLICO,BOULEVARD 28 DE SETEMBRO,77,,VILA ISABEL,20551900,(21)2868-8000,faturamento.hupe@uerj.br,521,518,102,102,71,71,6,6,25,25,0,0,0,0
202604,SUDESTE,RJ,330455,RIO DE JANEIRO,2269821,MS INCA II HOSPITAL DO CANCER II,MS INCA II HOSPITAL DO CANCER II,M,7,HOSPITAL ESPECIALIZADO,1015,HOSPITAL_PÚBLICO,RUA DO EQUADOR,831,,SANTO CRISTO,20220410,(21)3207-2804,faturamento.hc2@inca.gov.br,83,83,6,6,6,6,0,0,0,0,0,0,0,0
202604,SUDESTE,RJ,330455,RIO DE JANEIRO,2269880,HOSPITAL GERAL DE BONSUCESSO RJ,GRUPO HOSPITALAR CONCEICAO SA,M,5,HOSPITAL GERAL,2011,HOSPITAL_PRIVADO,LONDRES,616,,BONSUCESSO,21041000,(21) 3977-9500,planejamento_hgb@hfb.saude.gov.br,373,334,54,37,17,17,11,8,12,12,0,0,14,0
202604,SUDESTE,RJ,330455,RIO DE JANEIRO,2269899,HOSPITAL MARIO KROEFF,FUNDACAO EDUCACIONAL SEVERINO SOMBRA,E,7,HOSPITAL ESPECIALIZADO,3069,HOSPITAL_FILANTRÓPICO,RUA MAGE,326,,PENHA CIRCULAR,21020130,(21) 21369657,faturamento@mariokroeff.org.br,70,61,9,0,9,0,0,0,0,0,0,0,0,0
202604,SUDESTE,RJ,330455,RIO DE JANEIRO,2269945,SMS HOSPITAL MATERNIDADE ALEXANDER FLEMING AP 33,SMS RIO HOSPITAL MATERNIDADE ALEXANDER FLEMING AP 33,M,7,HOSPITAL ESPECIALIZADO,1031,HOSPITAL_PÚBLICO,RUA JORGE SCHMIDT,331,,MARECHAL HERMES,21610645,24583343,direcaohmaf2021@gmail.com,90,90,10,10,0,0,0,0,10,10,0,0,0,0
202604,SUDESTE,RJ,330455,RIO DE JANEIRO,2269988,HOSPITAL UNIVERSITARIO DOS SERVIDORES HUSE UNIRIO,EMPRESA BRASILEIRA DE SERVICOS HOSPITALARES EBSERH,M,5,HOSPITAL GERAL,2011,HOSPITAL_PRIVADO,SACADURA CABRAL,178,2 ANDAR,CENTRO,20221160,,,313,299,40,26,24,10,8,8,8,8,0,0,0,0
202604,SUDESTE,RJ,330455,RIO DE JANEIRO,2269996,SMS IMAS JULIANO MOREIRA AP 40,SMS RIO IMAS JULIANO MOREIRA AP 40,M,7,HOSPITAL ESPECIALIZADO,1031,HOSPITAL_PÚBLICO,ESTRADA RODRIGUES CALDAS,3400,,JACAREPAGUA,22713375,(21)3432-2358,imasjulianomoreira.nig@gmail.com,1,1,0,0,0,0,0,0,0,0,0,0,0,0
202604,SUDESTE,RJ,330455,RIO DE JANEIRO,2270021,MATERNIDADE ESCOLA DA UFRJ,UFRJ MATERNIDADE ESCOLA,M,7,HOSPITAL ESPECIALIZADO,1104,HOSPITAL_PÚBLICO,RUA DAS LARANJEIRAS,180,,LARANJEIRAS,22240003,(21)22059064,matesc@me.ufrj.br,57,57,16,16,0,0,0,0,16,16,0,0,0,0
202604,SUDESTE,RJ,330455,RIO DE JANEIRO,2270056,SMS HOSPITAL MATERNIDADE PAULINO WERNECK AP 31,SMS RIO HOSPITAL MATERNIDADE PAULINO WERNECK AP 31,M,7,HOSPITAL ESPECIALIZADO,1031,HOSPITAL_PÚBLICO,ESTRADA DA CACUIA,745,,ILHA DO GOVERNADOR,21921001,(21)3512-9805,diretoria.hmpw@cejam.org.br,32,24,2,0,0,0,0,0,2,0,0,0,0,0
202604,SUDESTE,RJ,330455,RIO DE JANEIRO,2270161,SEAP CGSP RJ HOSPITAL DR HAMILTON AGOSTINHO VIEIRA CASTRO,SECRETARIA DE ESTADO DE ADMINISTRACAO PENITENCIARIA,E,20,PRONTO SOCORRO GERAL,1023,HOSPITAL_PÚBLICO,GEN EMILIO MOUREL FILHO,1100,,BANGU,21854010,,,64,64,0,0,0,0,0,0,0,0,0,0,0,0
202604,SUDESTE,RJ,330455,RIO DE JANEIRO,2270188,SEAP RJ CENTRO TRAT EM DEPENDENCIA QUIMICA ROBERTO MEDEIROS,SECRETARIA DE ESTADO DE ADMINISTRACAO PENITENCIARIA,E,7,HOSPITAL ESPECIALIZADO,1023,HOSPITAL_PÚBLICO,GEN EMILIO MOUREL FILHO,1100,,BANGU,21854010,,seaprm@seap.rj.gov.br,145,145,0,0,0,0,0,0,0,0,0,0,0,0
202604,SUDESTE,RJ,330455,RIO DE JANEIRO,2270196,SEAP CGSP RJ SANATORIO PENAL,SECRETARIA DE ESTADO DE ADMINISTRACAO PENITENCIARIA,E,5,HOSPITAL GERAL,1023,HOSPITAL_PÚBLICO,GUANDU DO SENA,1902,,BANGU,21810011,23324826,sanatoriopenal@gmail.com,112,109,0,0,0,0,0,0,0,0,0,0,0,0
202604,SUDESTE,RJ,330455,RIO DE JANEIRO,2270234,SES RJ HOSPITAL ESTADUAL GETULIO VARGAS,SECRETARIA DE ESTADO DE SAUDE SES,E,5,HOSPITAL GERAL,1023,HOSPITAL_PÚBLICO,LOBO JUNIOR,2293,,PENHA,21020124,,,282,255,64,37,56,37,8,0,0,0,0,0,0,0
202604,SUDESTE,RJ,330455,RIO DE JANEIRO,2270242,SMS HOSPITAL MUNICIPAL BARATA RIBEIRO AP 10,SMS RIO HOSPITAL MUNICIPAL BARATA RIBEIRO AP 10,M,7,HOSPITAL ESPECIALIZADO,1031,HOSPITAL_PÚBLICO,RUA VISCONDE DE NITEROI,1450,,MANGUEIRA,20943001,2122841812,hmbribeiro@rio.rj.gov.br,132,132,0,0,0,0,0,0,0,0,0,0,0,0
202604,SUDESTE,RJ,330455,RIO DE JANEIRO,2270269,SMS HOSPITAL MUNICIPAL MIGUEL COUTO AP 21,SMS RIO HOSPITAL MUNICIPAL MIGUEL COUTO AP 21,M,5,HOSPITAL GERAL,1031,HOSPITAL_PÚBLICO,MARIO RIBEIRO,117,,GAVEA,22430160,21 3111-3711,hmmcdrh@gmail.com,342,342,44,44,35,35,5,5,4,4,0,0,0,0
202604,SUDESTE,RJ,330455,RIO DE JANEIRO,2270390,SMS HOSPITAL MATERNIDADE HERCULANO PINHEIRO AP 33,SMS RIO HOSPITAL MATERNIDADE HERCULANO PINHEIRO AP 33,M,7,HOSPITAL ESPECIALIZADO,1031,HOSPITAL_PÚBLICO,AV MIN EDGARD ROMERO,276,,MADUREIRA,21360200,(21)2088-6124,maternidadeherculanopinheiro@gmail.com,62,53,4,4,0,0,0,0,4,4,0,0,0,0
202604,SUDESTE,RJ,330455,RIO DE JANEIRO,2270609,SMS HOSPITAL MUNICIPAL LOURENCO JORGE AP 40,SMS RIO HOSPITAL MUNICIPAL LOURENCO JORGE AP 40,M,5,HOSPITAL GERAL,1031,HOSPITAL_PÚBLICO,AV AYRTON SENNA,2000,,BARRA DA TIJUCA,22793000,21 3111-4612,hmljorge@rio.rj.gov.br,255,255,23,23,13,13,0,0,10,10,0,0,0,0
202604,SUDESTE,RJ,330455,RIO DE JANEIRO,2270617,INSTITUTO ESTADUAL DE DERMATOLOGIA SANITARIA,SECRETARIA DE ESTADO DE SAUDE SES,E,5,HOSPITAL GERAL,1023,HOSPITAL_PÚBLICO,RUA GODOFREDO VIANA,64,,TANQUE JACAREPAGUA,22730020,021 2333-6676,IEDS@SAUDE.RJ.GOV.BR,63,63,0,0,0,0,0,0,0,0,0,0,0,0
202604,SUDESTE,RJ,330455,RIO DE JANEIRO,2270668,UFRJ HOSP ESCOLA SAO FRANCISCO DE ASSIS,UNIVERSIDADE FEDERAL DO RIO DE JANEIRO,M,5,HOSPITAL GERAL,1104,HOSPITAL_PÚBLICO,PRESIDENTE VARGAS,2863,,CIDADE NOVA,20210030,,eduardoalexander12@hesfa.ufrj.br,1,0,0,0,0,0,0,0,0,0,0,0,0,0
202604,SUDESTE,RJ,330455,RIO DE JANEIRO,2270692,CBMERJ HOSP ARISTARCHO PESSOA HOSP DO CORPO DE BOMBEIROS,HOSPITAL DO CORPO DE BOMBEIROS DO ESTADO DO RJ,M,5,HOSPITAL GERAL,1023,HOSPITAL_PÚBLICO,PAULO DE FRONTIN,876,,RIO COMPRIDO,20261243,21994510951,hcapdivisaomedica@gmail.com,89,0,4,0,0,0,0,0,4,0,0,0,0,0
202604,SUDESTE,RJ,330455,RIO DE JANEIRO,2270714,SMS HOSPITAL MATERNIDADE FERNANDO MAGALHAES AP 10,SMS RIO HOSPITAL MATERNIDADE FERNANDO MAGALHAES AP 10,M,7,HOSPITAL ESPECIALIZADO,1031,HOSPITAL_PÚBLICO,GENERAL JOSE CRISTINO,87,,SAO CRISTOVAO,20921400,21 - 38781498,hmatfernandomagalhaes@gmail.com,158,158,18,18,0,0,0,0,18,18,0,0,0,0
202604,SUDESTE,RJ,330455,RIO DE JANEIRO,2270803,SES RJ I INST EST DIABET ENDOCRINOLOGIA IEDE,SECRETARIA DE ESTADO DE SAUDE SES,E,7,HOSPITAL ESPECIALIZADO,1023,HOSPITAL_PÚBLICO,RUA MONCORVO FILHO,90,,CENTRO,20211340,(21) 233271.54,diretor.iede@saude.rj.gov.br,23,23,0,0,0,0,0,0,0,0,0,0,0,0
202604,SUDESTE,RJ,330395,PINHEIRAL,2271141,HOSPITAL MUNICIPAL DE PINHEIRAL AURELINO GONCALVES BARBOSA,MUNICIPIO DE PINHEIRAL,M,5,HOSPITAL GERAL,1244,HOSPITAL_PÚBLICO,RUA FRANCISCO RIBEIRO DE ABREU,60,,CENTRO,27198360,(24) 3356 3490/3188,smspinheiral2017@outlook.com.br,43,43,0,0,0,0,0,0,0,0,0,0,0,0
202604,SUDESTE,RJ,330455,RIO DE JANEIRO,2271443,CASA DE SAUDE SAO JOSE,ASSOCIACAO CONGREGACAO DE SANTA CATARINA,M,5,HOSPITAL GERAL,3999,HOSPITAL_FILANTRÓPICO,RUA MACEDO SOBRINHO,21,,HUMAITA,22271080,21-25387600,monica.valente@redesc.org.br,217,0,50,0,30,0,0,0,10,0,0,0,10,0
202604,SUDESTE,RJ,330455,RIO DE JANEIRO,2271451,HOSPITAL BALBINO,HOSPITAL DR BALBINO LTDA,M,5,HOSPITAL GERAL,2062,HOSPITAL_PRIVADO,RUA ANGELICA MOTA,58,66 76 90 114,OLARIA,21021490,(21) 39772000,mcarneiro@hospitalbalbino.com.br,140,0,30,0,30,0,0,0,0,0,0,0,0,0
202604,SUDESTE,RJ,330340,NOVA FRIBURGO,2271826,HOSPITAL MATERNIDADE DOUTOR MARIO DUTRA DE CASTRO,MUNICIPIO DE NOVA FRIBURGO,M,7,HOSPITAL ESPECIALIZADO,1244,HOSPITAL_PÚBLICO,TRAVESSA ANTONIO FERNANDES MOREIRA,12,,CENTRO,28610410,22 2522-9245,hospitalmaternidadenf@hotmail.com,51,45,0,0,0,0,0,0,0,0,0,0,0,0
202604,SUDESTE,RJ,330410,PORCIUNCULA,2272210,UNIDADE DE ATENDIMENTO DR ANTONIO MONTEIRO,PREFEITURA MUNICIPAL DE PORCIUNCULA,M,5,HOSPITAL GERAL,1244,HOSPITAL_PÚBLICO,RUA SCHUWARTZ VIEIRA,154,,CENTRO,28390000,2238421172,saude@porciuncula.rj.gov.br,28,27,0,0,0,0,0,0,0,0,0,0,0,0
202604,SUDESTE,RJ,330120,CARMO,2272601,HOSPITAL NOSSA SENHORA DO CARMO,HOSPITAL NOSSA SENHORA DO CARMO,M,5,HOSPITAL GERAL,3999,HOSPITAL_FILANTRÓPICO,ALEXANDRE DE MELO,89,,CENTRO,28640000,2225371395,administracao@hospitalcarmo.com.br,41,39,0,0,0,0,0,0,0,0,0,0,0,0
202604,SUDESTE,RJ,330340,NOVA FRIBURGO,2272695,HOSPITAL SAO LUCAS,CASA DE SAUDE SAO LUCAS SA,M,5,HOSPITAL GERAL,2054,HOSPITAL_PRIVADO,AVENIDA ANTONIO MARIO DE AZEVEDO,715,,DUAS PEDRAS,28630310,22 25239955,admin@saolucasfriburgo.com.br,77,24,16,6,16,6,0,0,0,0,0,0,0,0
202604,SUDESTE,RJ,330340,NOVA FRIBURGO,2272784,HOSPITAL MUNICIPAL RAUL SERTA,MUNICIPIO DE NOVA FRIBURGO,M,5,HOSPITAL GERAL,1244,HOSPITAL_PÚBLICO,RUA GENERAL OSORIO,324,,CENTRO,28625630,22 2524-2300,hmrs@gigalink.com.br,287,280,29,22,29,22,0,0,0,0,0,0,0,0
202604,SUDESTE,RJ,330412,QUATIS,2273101,HOSPITAL SAO LUCAS,ASSOC DE PROT E ASSIST E MATERN E A INFANCIA DE QUATIS,M,5,HOSPITAL GERAL,3999,HOSPITAL_FILANTRÓPICO,AVENIDA AVELINO BASTISTA SOARES,297,,CENTRO,27410180,2433532823,,34,34,0,0,0,0,0,0,0,0,0,0,0,0
202604,SUDESTE,RJ,330455,RIO DE JANEIRO,2273187,SMS HOSPITAL MUNICIPAL ALVARO RAMOS AP 40,SMS RIO HOSPITAL MUNICIPAL ALVARO RAMOS AP 40,M,7,HOSPITAL ESPECIALIZADO,1031,HOSPITAL_PÚBLICO,RUA ADAUTO BOTELHO,0,,JACAREPAGUA,22713550,(21)33920008,hmaramos@rio.rj.gov.br,50,50,0,0,0,0,0,0,0,0,0,0,0,0
202604,SUDESTE,RJ,330455,RIO DE JANEIRO,2273209,SES RJ HOSPITAL ESTADUAL SANTA MARIA,SECRETARIA DE ESTADO DE SAUDE DO RIO DE JANEIRO,E,7,HOSPITAL ESPECIALIZADO,1023,HOSPITAL_PÚBLICO,ESTRADA DO RIO PEQUENO,656,TAQUARA,JACAREPAGUA,22723195,(21) 23336548,direcaogeral.hesm@gmail.com,73,73,0,0,0,0,0,0,0,0,0,0,0,0
202604,SUDESTE,RJ,330455,RIO DE JANEIRO,2273276,MS INST NACIONAL DE TRAUMATO ORTOPEDIA,MS INST NACIONAL DE TRAUMATO ORTOPEDIA,M,7,HOSPITAL ESPECIALIZADO,1015,HOSPITAL_PÚBLICO,AVENIDA BRASIL,500,,SAO CRISTOVAO,20940070,(21)21345482,into@into.saude.gov.br,321,320,10,9,10,9,0,0,0,0,0,0,0,0
202604,SUDESTE,RJ,330455,RIO DE JANEIRO,2273349,SMS HOSPITAL MUNICIPAL RAPHAEL DE PAULA SOUZA AP 40,SMS RIO HOSPITAL MUNICIPAL RAPHAEL DE PAUL A SOUZA AP 40,M,5,HOSPITAL GERAL,1031,HOSPITAL_PÚBLICO,ESTRADA DE CURICICA,2000,CURICICA,JACAREPAGUA,22740000,2134136433,smsdirecaogeralhmrps@gmail.com,84,69,0,0,0,0,0,0,0,0,0,0,0,0
202604,SUDESTE,RJ,330455,RIO DE JANEIRO,2273357,HOSPITAL ADVENTISTA SILVESTRE,INSTITUICAO ADVENTISTA ESTE BRAS DE PREV E ASS A SAUDE,E,5,HOSPITAL GERAL,3999,HOSPITAL_FILANTRÓPICO,DOS GUARARAPES,263,,COSME VELHO,22241220,2130343000,crc.has@hasilvestre.org.br,45,11,20,5,20,5,0,0,0,0,0,0,0,0
202604,SUDESTE,RJ,330455,RIO DE JANEIRO,2273365,SES RJ INSTITUTO ESTADUAL DE INFECTOLOGIA SAO SEBASTIAO,SECRETARIA DE ESTADO DE SAUDE DO RIO DE JANEIRO,E,5,HOSPITAL GERAL,1023,HOSPITAL_PÚBLICO,RUA SACADURA CABRAL,178,ANEXO IV 4 ANDAR,SAUDE,20221161,2332-7165,diretoriaieiss@gmail.com,25,9,16,0,16,0,0,0,0,0,0,0,0,0
202604,SUDESTE,RJ,330455,RIO DE JANEIRO,2273381,SMS HOSPITAL MUNICIPAL JURANDYR MANFREDINI AP 40,SMS RIO HOSPITAL MUNICIPAL JURANDYR MANFREDINI AP 40,M,7,HOSPITAL ESPECIALIZADO,1031,HOSPITAL_PÚBLICO,RUA SAMPAIO CORREIA,S/N,,JACAREPAGUA,22713560,(21) 3432-2246,hmjmanfredini@pcrj.rj.gov.br,1,1,0,0,0,0,0,0,0,0,0,0,0,0
202604,SUDESTE,RJ,330455,RIO DE JANEIRO,2273411,SES RJ HOSPITAL ESTADUAL CARLOS CHAGAS,SECRETARIA DE ESTADO DE SAUDE DO RIO DE JANEIRO,E,5,HOSPITAL GERAL,1023,HOSPITAL_PÚBLICO,AVENIDA GENERAL OSVALDO CORDEIRO DE FARIAS,466,,MARECHAL HERMES,21610480,(21)23321127,hecc.adm@gmail.com,196,190,36,30,36,30,0,0,0,0,0,0,0,0
202604,SUDESTE,RJ,330455,RIO DE JANEIRO,2273438,HOSPITAL CENTRAL DA POLICIA MILITAR DO ESTADO DO RIO DE JANE,HOSPITAL CENTRAL DA POLICIA MILITAR DO ESTADO DO RIO DE JANE,M,5,HOSPITAL GERAL,1023,HOSPITAL_PÚBLICO,ESTACIO DE SA,20,,ESTACIO,20211270,,,175,0,5,0,0,0,0,0,5,0,0,0,0,0
202604,SUDESTE,RJ,330455,RIO DE JANEIRO,2273454,MS INCA HOSPITAL DO CANCER I,MS INCA HC I HOSPITAL DO CANCER I,M,7,HOSPITAL ESPECIALIZADO,1015,HOSPITAL_PÚBLICO,PRACA CRUZ VERMELHA,23,,CENTRO,20230130,(21)32071000,cnes.hc1@inca.gov.br,210,210,16,16,10,10,6,6,0,0,0,0,0,0
202604,SUDESTE,RJ,330455,RIO DE JANEIRO,2273462,MS INCA HOSPITAL DO CANCER III,MS INCA HCIII HOSPITAL DE CANCER III,M,7,HOSPITAL ESPECIALIZADO,1015,HOSPITAL_PÚBLICO,RUA VISCONDE DE SANTA ISABEL,274,,VILA ISABEL,20560120,(21)32073912,direcao.hc3@inca.gov.br,52,52,0,0,0,0,0,0,0,0,0,0,0,0
202604,SUDESTE,RJ,330455,RIO DE JANEIRO,2273489,SMS HOSPITAL MUNICIPAL ROCHA MAIA AP 21,SMS RIO HOSPITAL MUNICIPAL ROCHA MAIA AP 21,M,5,HOSPITAL GERAL,1031,HOSPITAL_PÚBLICO,GENERAL SEVERIANO,91,,BOTAFOGO,22290040,21-22952295,hospitalmunicipalrochamaia@gmail.com,27,27,0,0,0,0,0,0,0,0,0,0,0,0
202604,SUDESTE,RJ,330455,RIO DE JANEIRO,2273497,FUNDACAO BELA LOPES DE OLIVEIRA,FUNDACAO BELA LOPES DE OLIVEIRA,M,5,HOSPITAL GERAL,3069,HOSPITAL_FILANTRÓPICO,RUA BARAO DE LUCENA,95,,BOTAFOGO,22260020,3216-8000,assuntos.regulatorios@hospitalcasa.com.br,70,0,28,0,28,0,0,0,0,0,0,0,0,0
202604,SUDESTE,RJ,330455,RIO DE JANEIRO,2273519,HOSPITAL EVANGELICO,ASSOCIACAO DO HOSPITAL EVANGELICO DO RIO,M,5,HOSPITAL GERAL,3999,HOSPITAL_FILANTRÓPICO,RUA BOM PASTOR,295,,TIJUCA,20521060,2121592300,assuntos.regulatorios@hospitalcasa.com.br,28,0,28,0,28,0,0,0,0,0,0,0,0,0
202604,SUDESTE,RJ,330455,RIO DE JANEIRO,2273659,MS HOSPITAL FEDERAL DA LAGOA,MS HOSPITAL FEDERAL DA LAGOA,M,5,HOSPITAL GERAL,1015,HOSPITAL_PÚBLICO,RUA JARDIM BOTANICO,501,,JARDIM BOTANICO,22470050,31115108,dirhgl@nerj.rj.saude.gov.br,248,245,28,25,18,18,10,7,0,0,0,0,0,0
202604,SUDESTE,RJ,330620,VASSOURAS,2273748,HUV HOSPITAL UNIVERSITARIO DE VASSOURAS,FUNDACAO EDUCACIONAL SEVERINO SOMBRA,M,5,HOSPITAL GERAL,3069,HOSPITAL_FILANTRÓPICO,VICENTE CELESTINO,201,,MADRUGA,27700000,24 24718200,ger.contabilidade@uss.br,319,305,54,40,44,30,0,0,10,10,0,0,0,0
202604,SUDESTE,RJ,330620,VASSOURAS,2273756,HOSPITAL EUFRASIA TEIXEIRA LEITE,IRMANDADE DE SANTA CASA DE MISERICORDIA DA C VASSOURAS,M,5,HOSPITAL GERAL,3999,HOSPITAL_FILANTRÓPICO,PRC PROVEDOR FELIX MACHADO,110,,MADRUGA,27700000,2424718922,santacasa.vass@uol.com.br,127,87,10,5,10,5,0,0,0,0,0,0,0,0
202604,SUDESTE,RJ,330560,SILVA JARDIM,2274108,POLICLINICA MUNICIPAL AGUINALDO MORAES,MUNICIPIO DE SILVA JARDIM,M,5,HOSPITAL GERAL,1244,HOSPITAL_PÚBLICO,OITO DE MAIO,534,,CENTRO,28820000,,,40,40,0,0,0,0,0,0,0,0,0,0,0,0
202604,SUDESTE,RJ,330550,SAQUAREMA,2274299,HOSPITAL MUNICIPAL PORPHIRIO NUNES DE AZEREDO,SECRETARIA MUNICIPAL DE SAUDE DE SAQUAREMA,M,5,HOSPITAL GERAL,1244,HOSPITAL_PÚBLICO,RUA ADOLFO BRAVO,S/N,,BACAXA,28994699,(22)26533123,,77,71,6,0,6,0,0,0,0,0,0,0,0,0
202604,SUDESTE,RJ,330540,SAPUCAIA,2274310,HOSPITAL MUNICIPAL DE SAPUCAIA,MUNICIPIO DE SAPUCAIA,M,5,HOSPITAL GERAL,1244,HOSPITAL_PÚBLICO,RUA CORONEL MARCONDES,S/N,,CENTRO,25880000,24 2040-7501,,18,18,0,0,0,0,0,0,0,0,0,0,0,0
202604,SUDESTE,RJ,330510,SAO JOAO DE MERITI,2274558,CASA DE SAUDE E MATERNIDADE MENINO JESUS,CASA DE SAUDE E MATERNIDADE SAO FRANCISCO DE PAULA LTDA,M,5,HOSPITAL GERAL,2062,HOSPITAL_PRIVADO,RUA DOS EXPEDICIONARIOS,148,,CENTRO,25520591,(21)2756-1552,CNESBR@GMAIL.COM,79,0,0,0,0,0,0,0,0,0,0,0,0,0
202604,SUDESTE,RJ,330470,SANTO ANTONIO DE PADUA,2275228,CASA DE SAUDE SANTA MONICA,CASA DE SAUDE E MATERNIDADE SANTA MONICA LTDA,M,5,HOSPITAL GERAL,2062,HOSPITAL_PRIVADO,RUA PREF ALBERTO VAZ,72,,CENTRO,28470000,2238549150,financeirosantamonica.padua@gmail.com,55,1,4,0,4,0,0,0,0,0,0,0,0,0
202604,SUDESTE,RJ,330470,SANTO ANTONIO DE PADUA,2275244,CASA DE SAUDE PIO XII,CASA DE SAUDE PIO XII LTDA,M,5,HOSPITAL GERAL,2062,HOSPITAL_PRIVADO,AV DR THEMISTOCLES DE ALMEIDA,411,,CENTRO,28470000,2238510155,pioxii@paduaonline.com.br,46,1,4,0,4,0,0,0,0,0,0,0,0,0
202604,SUDESTE,RJ,330390,PETROPOLIS,2275562,HOSPITAL ALCIDES CARNEIRO,MUNICIPIO DE PETROPOLIS,M,5,HOSPITAL GERAL,1244,HOSPITAL_PÚBLICO,RUA VIGARIO CORREA,1345,,CORREAS,25720320,2236-6600,direcaotecnica@alcidescarneiro.com,280,264,33,20,20,10,3,0,10,10,0,0,0,0
202604,SUDESTE,RJ,330390,PETROPOLIS,2275589,HOSPITAL MUNICIPAL DR NELSON DE SA EARP,MUNICIPIO DE PETROPOLIS,M,5,HOSPITAL GERAL,1244,HOSPITAL_PÚBLICO,RUA PAULINO AFONSO,455,,CENTRO,25680000,(24)22374062,ssahmnse03@petropolis.rj.gov.br,80,72,0,0,0,0,0,0,0,0,0,0,0,0
202604,SUDESTE,RJ,330390,PETROPOLIS,2275619,HOSPITAL CLINICO DE CORREAS H C C,HOSPITAL CLINICO DE CORREAS LTDA,M,5,HOSPITAL GERAL,2062,HOSPITAL_PRIVADO,ESTRADA UNIAO E INDUSTRIA,2501,,CORREAS,25720062,(24)22212011,sanacorr@compuland.com.br,205,175,40,10,40,10,0,0,0,0,0,0,0,0
202604,SUDESTE,RJ,330390,PETROPOLIS,2275627,CLINICA VISTA ALEGRE,SANATORIO OSWALDO CRUZ LTDA,M,5,HOSPITAL GERAL,2062,HOSPITAL_PRIVADO,RUA RODOLPHO FIGUEIRA DE MELLO,06,,CORREAS,25720340,(24)2221-9404,admsochospital@gmail.com,420,143,0,0,0,0,0,0,0,0,0,0,0,0
202604,SUDESTE,RJ,330390,PETROPOLIS,2275635,HOSPITAL SANTA TERESA,ASSOCIACAO CONGREGACAO DE SANTA CATARINA,M,5,HOSPITAL GERAL,3999,HOSPITAL_FILANTRÓPICO,RUA PAULINO AFONSO,477,,CENTRO,25684900,24 98228239,cnes@redesc.org.br,162,64,47,23,37,23,3,0,7,0,0,0,0,0
202604,SUDESTE,RJ,330370,PARAIBA DO SUL,2276186,HOSPITAL NOSSA SENHORA DA PIEDADE,IRMANDADE NOSSA SENHORA DA PIEDADE,M,5,HOSPITAL GERAL,3999,HOSPITAL_FILANTRÓPICO,AV PROVEDOR RANDOLFO PENNA JUNIOR,320,,CENTRO,25850000,(24)22631166,,59,55,0,0,0,0,0,0,0,0,0,0,0,0
202604,SUDESTE,RJ,330310,NATIVIDADE,2276267,HOSPITAL NATIVIDADE,CAIXA DOS POBRES DE NATIVIDADE,M,5,HOSPITAL GERAL,3999,HOSPITAL_FILANTRÓPICO,AV MAURO ALVES RIBEIRO JUNIOR,1044,,BALNEARIO,28380000,2238419900,HNADM@HOTMAIL.COM,40,31,0,0,0,0,0,0,0,0,0,0,0,0
202604,SUDESTE,RJ,330180,ENGENHEIRO PAULO DE FRONTIN,2277174,HOSPITAL NELSON SALLES,IRMANDADE DOS POBRES DE ENGENHEIRO PAULO DE FRONTIN,M,5,HOSPITAL GERAL,3999,HOSPITAL_FILANTRÓPICO,ARLINDO NUNES,28,,CENTRO,26650000,0244 631359,,45,45,0,0,0,0,0,0,0,0,0,0,0,0
202604,SUDESTE,RJ,330455,RIO DE JANEIRO,2277301,SMS CMS MANOEL ARTHUR VILLABOIM AP 10,SMS RIO CMS MANOEL ARTHUR VILLABOIM AP 10,M,15,UNIDADE MISTA,1031,HOSPITAL_PÚBLICO,PRACA BOM JESUS,40,,PAQUETA,20397140,02133970123,uismavillaboim.cap10@gmail.com,8,8,0,0,0,0,0,0,0,0,0,0,0,0
202604,SUDESTE,RJ,330170,DUQUE DE CAXIAS,2277581,POSTO MEDICO SANITARIO DE XEREM,MUNICIPIO DE DUQUE DE CAXIAS,M,20,PRONTO SOCORRO GERAL,1244,HOSPITAL_PÚBLICO,AV NOBREGA RIBEIRO,S/N,,VILA NOSSA SENHORA D,25250050,2136538372,,24,24,0,0,0,0,0,0,0,0,0,0,0,0
202604,SUDESTE,RJ,330170,DUQUE DE CAXIAS,2277611,POSTO MEDICO SANITARIO DE IMBARIE,MUNICIPIO DE DUQUE DE CAXIAS,M,20,PRONTO SOCORRO GERAL,1244,HOSPITAL_PÚBLICO,RUA SANTA CATARINA,S/N,,IMBARIE,25271010,2126780014,imbarie.uph@gmail.com,9,9,0,0,0,0,0,0,0,0,0,0,0,0
202604,SUDESTE,RJ,330170,DUQUE DE CAXIAS,2277662,POSTO MEDICO SANITARIO DE CAMPOS ELISEOS,MUNICIPIO DE DUQUE DE CAXIAS,M,20,PRONTO SOCORRO GERAL,1244,HOSPITAL_PÚBLICO,RUA AQUITURA,333,,CAMPOS ELISEOS,25225210,2126762617,uphce.camposelisios.rh@gmail.com,10,10,0,0,0,0,0,0,0,0,0,0,0,0
202604,SUDESTE,RJ,330170,DUQUE DE CAXIAS,2277700,CRAIS SARACURUNA,MUNICIPIO DE DUQUE DE CAXIAS,M,20,PRONTO SOCORRO GERAL,1244,HOSPITAL_PÚBLICO,AV PRESIDENTE ROOSEVELT,S/N,,SARACURUNA,25215450,2126505250,,20,20,0,0,0,0,0,0,0,0,0,0,0,0
202604,SUDESTE,RJ,330170,DUQUE DE CAXIAS,2277719,POSTO MEDICO SANITARIO PARQUE EQUITATIVA,MUNICIPIO DE DUQUE DE CAXIAS,M,20,PRONTO SOCORRO GERAL,1244,HOSPITAL_PÚBLICO,AV AUTOMOVEL CLUBE,S/N,,PQ EQUITATIVA,25260000,2126791607,,15,15,0,0,0,0,0,0,0,0,0,0,0,0
202604,SUDESTE,RJ,330170,DUQUE DE CAXIAS,2277743,POSTO MEDICO SANITARIO DO PILAR,MUNICIPIO DE DUQUE DE CAXIAS,M,20,PRONTO SOCORRO GERAL,1244,HOSPITAL_PÚBLICO,RUA CARLOS ALVEAR,S/N,,PILAR,25235000,2127763180,uphpilardirecao@gmail.com,22,22,0,0,0,0,0,0,0,0,0,0,0,0
202604,SUDESTE,RJ,330170,DUQUE DE CAXIAS,2277751,HOSPITAL INFANTIL ISMELIA SILVEIRA,MUNICIPIO DE DUQUE DE CAXIAS,M,7,HOSPITAL ESPECIALIZADO,1244,HOSPITAL_PÚBLICO,RUA DA REPUBLICA,S/N,,CENTRO,25011090,(31)27712808,,62,55,7,0,0,0,7,0,0,0,0,0,0,0
202604,SUDESTE,RJ,330070,CABO FRIO,2278138,HOSPITAL MUNICIPAL OTIME CARDOSO DOS SANTOS,SECRETARIA MUNICIPAL DE SAUDE DE CABO FRIO,M,5,HOSPITAL GERAL,1031,HOSPITAL_PÚBLICO,EST VELHA DE BUZIOS,S/N,,JD ESPERANCA,28922270,(24)26299257,,60,60,0,0,0,0,0,0,0,0,0,0,0,0
202604,SUDESTE,RJ,330070,CABO FRIO,2278170,HOSPITAL SANTA HELENA,HOSPITAL SANTA HELENA,M,5,HOSPITAL GERAL,3999,HOSPITAL_FILANTRÓPICO,PRACA TIRADENTES,143,,CENTRO,28906290,(22)3199-1010,,71,0,9,0,9,0,0,0,0,0,0,0,0,0
202604,SUDESTE,RJ,330070,CABO FRIO,2278286,HOSPITAL SANTA IZABEL,IRMANDADE DE SANTA IZABEL DE CABO FRIO,M,5,HOSPITAL GERAL,3999,HOSPITAL_FILANTRÓPICO,BARAO DO RIO BRANCO,72,,PRIMEIRO,28906170,,,70,45,5,5,5,5,0,0,0,0,0,0,0,0
202604,SUDESTE,RJ,330250,MAGE,2278324,HOSPITAL MATERNO INFANTIL DE PIABETA VEREADOR HUGO BRAGA,MUNICIPIO DE MAGE,M,7,HOSPITAL ESPECIALIZADO,1244,HOSPITAL_PÚBLICO,AVENIDA SANTOS DUMONT,285,,PIABETA INHOMIRIM,25931758,(21)2739-1289,,57,57,0,0,0,0,0,0,0,0,0,0,0,0
202604,SUDESTE,RJ,330250,MAGE,2278332,HOSPITAL MUNICIPAL DE MAGE,MUNICIPIO DE MAGE,M,5,HOSPITAL GERAL,1244,HOSPITAL_PÚBLICO,RUA PIO XII,81,,FIGUEIRA,25903587,(21)26332358,,76,62,9,0,9,0,0,0,0,0,0,0,0,0
202604,SUDESTE,RJ,330250,MAGE,2278677,HOSPITAL MUNICIPAL DE FRAGOSO GENARINO COZZOLINO,MUNICIPIO DE MAGE,M,20,PRONTO SOCORRO GERAL,1244,HOSPITAL_PÚBLICO,AV AUTOMOVEL CLUB,S/N,KM 60,FRAGOSO,25935510,(21)26593236,,10,10,0,0,0,0,0,0,0,0,0,0,0,0
202604,SUDESTE,RJ,330250,MAGE,2278731,HOSPITAL DE MAUA DR MARIO PINHEIRO,MUNICIPIO DE MAGE,M,20,PRONTO SOCORRO GERAL,1244,HOSPITAL_PÚBLICO,ESTRADA REAL DE MAUA,S/N,,PRAIA DA ESPERANCA,25926586,(21)6150025,,10,10,0,0,0,0,0,0,0,0,0,0,0,0
202604,SUDESTE,RJ,330220,ITAPERUNA,2278855,HOSPITAL SAO JOSE DO AVAI,CONFERENCIA SAO JOSE DO AVAI,M,5,HOSPITAL GERAL,3999,HOSPITAL_FILANTRÓPICO,RUA CORONEL LUIZ FERRAZ,397,,CENTRO,28300000,(22)38249200,hsja@hsja.com.br,310,202,102,69,78,57,8,4,16,8,0,0,0,0
202604,SUDESTE,RJ,330220,ITAPERUNA,2278901,CLINICA SAO CAMILO DE LELIS LTDA,CLINICA SAO CAMILO DE LELIS LTDA,M,5,HOSPITAL GERAL,2062,HOSPITAL_PRIVADO,AVENIDA CARDOSO MOREIRA,897,,CENTRO,28300000,(22)38267020,csaocamilo@uol.com.br,8,0,8,0,8,0,0,0,0,0,0,0,0,0
202604,SUDESTE,RJ,330360,PARACAMBI,2279355,HOSPITAL MUNICIPAL DR ADALBERTO DA GRACA,MUNICIPIO DE PARACAMBI,M,5,HOSPITAL GERAL,1244,HOSPITAL_PÚBLICO,AV JONAS LEAL,17,,LAGES,26600000,(21)26832128,,42,42,0,0,0,0,0,0,0,0,0,0,0,0
202604,SUDESTE,RJ,330360,PARACAMBI,2279525,CASA DE SAUDE PARACAMBI,CASA DE SAUDE NOSSA SENHORA APARECIDA DE PARACAMBI LTDA,M,5,HOSPITAL GERAL,2062,HOSPITAL_PRIVADO,RUA DOUTOR NILO PECANHA,540,PREDIO,CENTRO,26600000,(21)26839200,csparacambi@ig.com.br,20,2,0,0,0,0,0,0,0,0,0,0,0,0
202604,SUDESTE,RJ,330040,BARRA MANSA,2280051,SANTA CASA DE MISERICORDIA DE BARRA MANSA,SANTA CASA DE MISERICORDIA DE BARRA MANSA,M,5,HOSPITAL GERAL,3999,HOSPITAL_FILANTRÓPICO,RUA PINTO RIBEIRO,205,,CENTRO,27310420,(24)33235282,,240,163,35,18,18,18,7,0,10,0,0,0,0,0
202604,SUDESTE,RJ,330455,RIO DE JANEIRO,2280132,MS INC INSTITUTO NACIONAL DE CARDIOLOGIA,MS INC INSTITUTO NACIONAL DE CARDIOLOGIA,M,7,HOSPITAL ESPECIALIZADO,1015,HOSPITAL_PÚBLICO,RUA DAS LARANJEIRAS,374,2 ANDAR,LARANJEIRAS,22240006,(21)30372152,,162,121,61,20,35,10,10,0,5,3,0,0,11,7
202604,SUDESTE,RJ,330455,RIO DE JANEIRO,2280167,HOSPITAL UNIVERSITARIO CLEMENTINO FRAGA FILHO,HOSPITAL UNIVERSITARIO CLEMENTINO FRAGA FILHO,M,5,HOSPITAL GERAL,1104,HOSPITAL_PÚBLICO,RUA PROFESSOR RODOLPHO PAULO ROCCO,255,CIDADE UNIVERSITARIA,ILHA DO FUNDAO,21941590,(21)39382789,diretor@hucff.ufrj.br,315,310,40,35,40,35,0,0,0,0,0,0,0,0
202604,SUDESTE,RJ,330455,RIO DE JANEIRO,2280183,SMS HOSPITAL MUNICIPAL SOUZA AGUIAR AP 10,SMS RIO HOSPITAL MUNICIPAL SOUZA AGUIAR AP 10,M,5,HOSPITAL GERAL,1031,HOSPITAL_PÚBLICO,PRACA DA REPUBLICA,111,,CENTRO,20211350,,,328,328,27,27,21,21,0,0,0,0,6,6,0,0
202604,SUDESTE,RJ,330455,RIO DE JANEIRO,2280248,SMS HOSPITAL MATERNIDADE CARMELA DUTRA AP 32,SMS RIO HOSPITAL MATERNIDADE CARMELA DUTRA AP 32,M,7,HOSPITAL ESPECIALIZADO,1031,HOSPITAL_PÚBLICO,RUA AQUIDABA,1037,,LINS DE VASCONCELOS,20720292,(21) 31116766,hmatcdutra@rio.rj.gov.br,120,120,14,14,0,0,0,0,14,14,0,0,0,0
202604,SUDESTE,RJ,330130,CASIMIRO DE ABREU,2280396,HOSPITAL MUNICIPAL ANGELA MARIA SIMOES MENEZES,HOSPITAL MUNICIPAL ANGELA MARIA SIMOES MENEZES,M,5,HOSPITAL GERAL,1244,HOSPITAL_PÚBLICO,RUA PASTOR LUIZ LAURENTINO,1292,,SANTA ELY,28860000,2227784440,faturamento.hmca@gmail.com,60,55,5,0,5,0,0,0,0,0,0,0,0,0
202604,SUDESTE,RJ,330520,SAO PEDRO DA ALDEIA,2280477,HOSPITAL E MATERNIDADE DA ALDEIA,MISSAO DE SAO PEDRO,M,5,HOSPITAL GERAL,3999,HOSPITAL_FILANTRÓPICO,AVENIDA GETULIO VARGAS,290,CASA,CENTRO,28941122,22 2621 1063,missaodesaopedro@ig.com.br,49,33,0,0,0,0,0,0,0,0,0,0,0,0
202604,SUDESTE,RJ,330520,SAO PEDRO DA ALDEIA,2280582,HOSPITAL MUNICIPAL DR JOSE SEVE NETO,SECRETARIA MUNICIPAL DE SAUDE DE SAO PEDRO DA ALDEIA,M,5,HOSPITAL GERAL,1031,HOSPITAL_PÚBLICO,RUA EPAMINONDAS PEREIRA NUNES,01,,NOVA SAO PEDRO,28941140,22 2621 2623,faturamento.psmjsn@iagp.org.br,29,29,0,0,0,0,0,0,0,0,0,0,0,0
202604,SUDESTE,RJ,330455,RIO DE JANEIRO,2280728,SMS INSTITUTO NISE DA SILVEIRA AP 32,SMS RIO INSTITUTO MUNICIPAL NISE DA SILVEIRA AP 32,M,7,HOSPITAL ESPECIALIZADO,1031,HOSPITAL_PÚBLICO,RAMIRO MAGALHAES,521,,ENGENHO DE DENTRO,20730460,21 31117426,imnisedasilveira@gmail.com,4,4,0,0,0,0,0,0,0,0,0,0,0,0
202604,SUDESTE,RJ,330010,ANGRA DOS REIS,2280868,HOSPITAL MATERNIDADE DE ANGRA DOS REIS HMAR,HOSPITAL MATERNIDADE DE ANGRA DOS REIS HMAR,M,5,HOSPITAL GERAL,1031,HOSPITAL_PÚBLICO,RUA DR COUTINHO,84,,CENTRO,23900620,2433654687,DIRECAOMEDICA.HMAR@IDEAISRJ.ORG.BR,77,69,17,9,5,5,0,0,12,4,0,0,0,0
202604,SUDESTE,RJ,330010,ANGRA DOS REIS,2281287,HOSPITAL UNIMED VOLTA REDONDA UNIDADE LITORAL SUL,HOSPITAL LITORAL SUL LTDA,M,5,HOSPITAL GERAL,2062,HOSPITAL_PRIVADO,RUA MILTON BASILIO PEREIRA,367,,PARQUE DAS PALMEIRAS,23906455,24 3364-2614,,24,0,0,0,0,0,0,0,0,0,0,0,0,0
202604,SUDESTE,RJ,330010,ANGRA DOS REIS,2281384,HOSPITAL DE PRAIA BRAVA,FUNDACAO ELETRONUCLEAR DE ASSISTENCIA MEDICA,M,5,HOSPITAL GERAL,3069,HOSPITAL_FILANTRÓPICO,RUA OITO,S/N,,PRAIA BRAVA,23950080,2433621272,feam@feam-etn.org.br,44,27,8,3,8,3,0,0,0,0,0,0,0,0
202604,SUDESTE,RJ,330227,JAPERI,2281554,HMJ HOSPITAL MUNICIPAL DE JAPERI,MUNICIPIO DE JAPERI,M,5,HOSPITAL GERAL,1244,HOSPITAL_PÚBLICO,ESTRADA ARY SCHIAVO,S/N,,SANTA INES,26440115,2126645878,policlinica@gmail.com,34,30,0,0,0,0,0,0,0,0,0,0,0,0
202604,SUDESTE,RJ,330050,BOM JARDIM,2282801,HOSPITAL DR CELSO ERTHAL,SANTA CASA DE BOM JARDIM,M,5,HOSPITAL GERAL,3999,HOSPITAL_FILANTRÓPICO,RUA JOAO FIGUEIRA RODRIGUES,36,,CENTRO,28660000,(22)25662140,,50,42,3,0,3,0,0,0,0,0,0,0,0,0
202604,SUDESTE,RJ,330290,MIGUEL PEREIRA,2283239,HOSPITAL MUNICIPAL LUIZ GONZAGA,SECRETARIA MUNICIPAL DE SAUDE DE MIGUEL PEREIRA,M,5,HOSPITAL GERAL,1244,HOSPITAL_PÚBLICO,RUA ADELAIDE BADENES,400,,CENTRO,26900000,(24)21050222,secretariaadm.hmlg@ibdap.org.br,81,71,10,0,10,0,0,0,0,0,0,0,0,0
202604,SUDESTE,RJ,330480,SAO FIDELIS,2283328,HOSPITAL ARMANDO VIDAL,ASSOCIACAO HOSPITALAR ARMANDO VIDAL,M,5,HOSPITAL GERAL,3999,HOSPITAL_FILANTRÓPICO,PRACA SAO FIDELIS,79,,CENTRO,28400000,(22)27581060,administracao@ahav.com.br,139,128,19,17,19,17,0,0,0,0,0,0,0,0
202604,SUDESTE,RJ,330070,CABO FRIO,2283395,HOSPITAL SAO JOSE OPERARIO,SECRETARIA MUNICIPAL DE SAUDE DE CABO FRIO,M,5,HOSPITAL GERAL,1031,HOSPITAL_PÚBLICO,RUA GOVERNADOR VALADARES,22,,SAO CRISTOVAO,28909010,(22)26452626,,73,73,0,0,0,0,0,0,0,0,0,0,0,0
202604,SUDESTE,RJ,330575,TANGUA,2283735,HOSPITAL MUNICIPAL DERMEVAL GARCIA DE FREITAS,SECRETARIA MUNICIPAL DE SAUDE DE TANGUA,M,5,HOSPITAL GERAL,1244,HOSPITAL_PÚBLICO,RUA PRIMEIRO DE MAIO,35,,CENTRO,24890000,21 27472301,admpoliclinicatangua@gmail.com,14,14,0,0,0,0,0,0,0,0,0,0,0,0
202604,SUDESTE,RJ,330090,CAMBUCI,2283794,HOSPITAL MUNICIPAL MOACYR GOMES DE AZEVEDO,SECRETARIA MUNICIPAL DE SAUDE DE CAMBUCI,M,5,HOSPITAL GERAL,1244,HOSPITAL_PÚBLICO,AVENIDA JOSE DE SOUZA FARIA,06,,CENTRO,28430014,2227675001,,48,39,4,4,4,4,0,0,0,0,0,0,0,0
202604,SUDESTE,RJ,330285,MESQUITA,2283832,HOSPITAL DAS CLINICAS DE JUCELINO,HOSPITAL DAS CLINICAS DE JUSCELINO LTDA,M,5,HOSPITAL GERAL,2062,HOSPITAL_PRIVADO,GERVASIO,6,,CENTRO,26550020,21 37731453,,76,0,0,0,0,0,0,0,0,0,0,0,0,0
202604,SUDESTE,RJ,330200,ITAGUAI,2284634,HOSPITAL MUNICIPAL SAO FRANCISCO XAVIER,MUNICIPIO DE ITAGUAI,M,5,HOSPITAL GERAL,1244,HOSPITAL_PÚBLICO,RUA GENERAL BOCAIUVA,16,,CENTRO,23815310,(21)26887844,sms.saude@itaguai.rj.gov.br,109,109,10,10,10,10,0,0,0,0,0,0,0,0
202604,SUDESTE,RJ,330020,ARARUAMA,2285150,HOSPITAL MUNICIPAL PREFEITO ARMANDO DA SILVA CARVALHO,SECRETARIA MUNICIPAL DE SAUDE DE ARARUAMA,M,5,HOSPITAL GERAL,1031,HOSPITAL_PÚBLICO,RUA DR JOAO FLORENCIO SOBRINHO,S/N,,SAO VICENTE DE PAULO,28988892,(22)26661238,,18,18,0,0,0,0,0,0,0,0,0,0,0,0
202604,SUDESTE,RJ,330300,MIRACEMA,2285932,HOSPITAL DE MIRACEMA,HOSPITAL DE MIRACEMA,M,5,HOSPITAL GERAL,3999,HOSPITAL_FILANTRÓPICO,RUA JOSE MONTEIRO DE BARROS,500,,HOSPITAL,28460000,08003662000,hospitaldemiracema@gmail.com,58,35,10,6,10,6,0,0,0,0,0,0,0,0
202604,SUDESTE,RJ,330022,AREAL,2285975,HOSPITAL MUNICIPAL NOSSA SENHORA DAS DORES,HOSPITAL MUNICIPAL NOSSA SENHORA DAS DORES,M,5,HOSPITAL GERAL,1244,HOSPITAL_PÚBLICO,AV PRES VARGAS,250,,CENTRO,25846220,(24)22579702,hmnsdareal@gmail.com,20,20,0,0,0,0,0,0,0,0,0,0,0,0
202604,SUDESTE,RJ,330500,SAO JOAO DA BARRA,2286289,SANTA CASA DE MISERICORDIA DE SAO JOAO DA BARRA,SANTA CASA DE MISERICORDIA DE SAO JOAO DA BARRA,M,5,HOSPITAL GERAL,3999,HOSPITAL_FILANTRÓPICO,JOAO FRANCISCO DE ALMEIDA,260,,CENTRO,28200000,22 27414600,,50,50,0,0,0,0,0,0,0,0,0,0,0,0
202604,SUDESTE,RJ,330100,CAMPOS DOS GOYTACAZES,2287099,CLINICA DA CRIANCA,FUNDACAO MUNICIPAL DE SAUDE,M,7,HOSPITAL ESPECIALIZADO,1155,HOSPITAL_PÚBLICO,RUA ANDRE LUIS,111,,JD CARIOCA,28080460,,uphguarus@fms.org.br,17,17,0,0,0,0,0,0,0,0,0,0,0,0
202604,SUDESTE,RJ,330100,CAMPOS DOS GOYTACAZES,2287250,SOCIEDADE PORTUGUESA DE BENEFICENCIA DE CAMPOS,SOCIEDADE PORTUGUESA DE BENEFICENCIA DE CAMPOS,M,5,HOSPITAL GERAL,3999,HOSPITAL_FILANTRÓPICO,RUA BARAO DE MIRACEMA,140,,CENTRO,28035302,22 27376250,,253,190,72,58,54,40,0,0,18,18,0,0,0,0
202604,SUDESTE,RJ,330100,CAMPOS DOS GOYTACAZES,2287285,HOSPITAL DR BEDA,INSTITUTO DE MED NUCLEAR E ENDOCRINOLOGIA LTDA,M,5,HOSPITAL GERAL,2062,HOSPITAL_PRIVADO,RUA CONSELHEIRO OTAVIANO,129,,CENTRO,28010140,2227371500,susimne@hotmail.com,134,60,20,9,20,9,0,0,0,0,0,0,0,0
202604,SUDESTE,RJ,330100,CAMPOS DOS GOYTACAZES,2287374,HOSPITAL SAO JOSE,FUNDACAO MUNICIPAL DE SAUDE,M,5,HOSPITAL GERAL,1155,HOSPITAL_PÚBLICO,ESTRADA DO ACUCAR,S/N,,DONANA,28010010,,,45,31,0,0,0,0,0,0,0,0,0,0,0,0
202604,SUDESTE,RJ,330100,CAMPOS DOS GOYTACAZES,2287382,SANTA CASA DE MISERICORDIA DE CAMPOS,SANTA CASA DE MISERICORDIA DE CAMPOS,M,5,HOSPITAL GERAL,3999,HOSPITAL_FILANTRÓPICO,AV PELINCA,115,,PQ TAMANDARE,28035053,27231894,santacasa@viacabo.com.br,330,159,40,35,40,35,0,0,0,0,0,0,0,0
202604,SUDESTE,RJ,330100,CAMPOS DOS GOYTACAZES,2287447,HOSPITAL ESCOLA ALVARO ALVIM,FUNDACAO BENEDITO PEREIRA NUNES,M,5,HOSPITAL GERAL,3069,HOSPITAL_FILANTRÓPICO,BARAO DA LAGOA DOURADA,409,,CENTRO,28035211,22 21012974,FBPN@FBPN-CAMPOS.COM.BR,147,116,30,20,30,20,0,0,0,0,0,0,0,0
202604,SUDESTE,RJ,330100,CAMPOS DOS GOYTACAZES,2287579,HOSPITAL FERREIRA MACHADO,FUNDACAO MUNICIPAL DE SAUDE,M,5,HOSPITAL GERAL,1155,HOSPITAL_PÚBLICO,RUA ROCHA LEAO,02,,CAJU,28051170,(22)27323788,,293,243,47,24,30,16,17,8,0,0,0,0,0,0
202604,SUDESTE,RJ,330030,BARRA DO PIRAI,2287919,CASA DE CARIDADE SANTA RITA,CASA DE CARIDADE SANTA RITA,M,5,HOSPITAL GERAL,3999,HOSPITAL_FILANTRÓPICO,RUA FRANKLIN DE MORAES,67,,CENTRO,27135000,(24)24472750,santa.casa@uol.com.br,107,84,14,7,14,7,0,0,0,0,0,0,0,0
202604,SUDESTE,RJ,330030,BARRA DO PIRAI,2287927,HOSPITAL E MATERNIDADE MARIA DE NAZARE,CENTRO ESPIRITA PAI JOSE CAMBINDA,M,5,HOSPITAL GERAL,3999,HOSPITAL_FILANTRÓPICO,RUA FRUTUOSO GIL GONCALVES,115,,MATADOURO,27115050,(24)2447-2000,cepjc@ig.com.br,79,58,0,0,0,0,0,0,0,0,0,0,0,0
202604,SUDESTE,RJ,330260,MANGARATIBA,2288109,HOSPITAL MUNICIPAL VICTOR DE SOUZA BREVES,SECRETARIA MUNICIPAL DE SAUDE,M,5,HOSPITAL GERAL,1244,HOSPITAL_PÚBLICO,RUA NILO PECANHA,85,,CENTRO,23860000,(21)2789-9035,saude@mangaratiba.rj.gov.br,74,64,0,0,0,0,0,0,0,0,0,0,0,0
202604,SUDESTE,RJ,330225,ITATIAIA,2288230,HOSP MUNICIPAL MATERNIDADE DR MANOEL MARTINS DE BARROS,SECRETARIA MUNICIPAL DE SAUDE DE ITATIAIA,M,5,HOSPITAL GERAL,1244,HOSPITAL_PÚBLICO,AV DOIS,800,,JARDIM ITATIAIA,27583495,(24) 3352-6850/1250,admhospitalmunicipalitatiaia@gmail.com,42,42,0,0,0,0,0,0,0,0,0,0,0,0
202604,SUDESTE,RJ,330455,RIO DE JANEIRO,2288338,INI FIOCRUZ,FUNDACAO OSWALDO CRUZ,M,5,HOSPITAL GERAL,1139,HOSPITAL_PÚBLICO,BRASIL,4365,PAV GASPAR VIANNA,MANGUINHOS,21040360,21 38659595,seinfo.faturamento@ini.fiocruz.br,126,126,0,0,0,0,0,0,0,0,0,0,0,0
202604,SUDESTE,RJ,330455,RIO DE JANEIRO,2288362,SMS INSTITUTO MUNICIPAL PHILIPPE PINEL AP 21,SMS RIO INSTITUTO MUNICIPAL PHILIPPE PINEL AP 21,M,7,HOSPITAL ESPECIALIZADO,1031,HOSPITAL_PÚBLICO,AV VENCESLAU BRAS,65,,BOTAFOGO,22290140,(21)22755694,imppinel@smsdc.rio.rj.gov.br,50,50,0,0,0,0,0,0,0,0,0,0,0,0
202604,SUDESTE,RJ,330420,RESENDE,2288885,SANTA CASA DE MISERICORDIA DE RESENDE,SANTA CASA DE MISERICORDIA DE RESENDE,M,5,HOSPITAL GERAL,3999,HOSPITAL_FILANTRÓPICO,PRACA CLEMENTE FERREIRA,39,,LAVAPES,27511020,(24) 3355-1159,diretoriageral@santacasaresende.org.br,82,76,5,5,5,5,0,0,0,0,0,0,0,0
202604,SUDESTE,RJ,330420,RESENDE,2288893,HOSPITAL MUNICIPAL HENRIQUE SERGIO GREGORI,SECRETARIA MUNICIPAL DE SAUDE DE RESENDE,M,5,HOSPITAL GERAL,1244,HOSPITAL_PÚBLICO,AVENIDA MARCILIO DIAS,800,,JARDIM JALISCO,27510080,(24) 3381-2080,direcaohme.resende@gmail.com,76,76,16,16,16,16,0,0,0,0,0,0,0,0
202604,SUDESTE,RJ,330420,RESENDE,2288907,APMIR,ASSOCIACAO DE PROTECAO A MATERNIDADE E A INFANCIA DE RESENDE,M,7,HOSPITAL ESPECIALIZADO,3999,HOSPITAL_FILANTRÓPICO,AVENIDA GUSTAVO JARDIM,314,,CENTRO,27511360,(24) 3355-4821/4013,apmir31@yahoo.com.br,67,46,10,10,0,0,0,0,10,10,0,0,0,0
202604,SUDESTE,RJ,330040,BARRA MANSA,2289377,INTENSIBARRA,CENTRO DE TRATAMENTO INTENSIVO DE BARRA MANSA,M,7,HOSPITAL ESPECIALIZADO,2062,HOSPITAL_PRIVADO,RUA TENENTE JOSE EDUARDO,585,,ANO BOM,27323240,02433239395,,20,0,0,0,0,0,0,0,0,0,0,0,0,0
202604,SUDESTE,RJ,330045,BELFORD ROXO,2289571,HOSPITAL MUNICIPAL DE BELFORD ROXO,SMS BELFORD ROXO,M,5,HOSPITAL GERAL,1244,HOSPITAL_PÚBLICO,AVENIDA RETIRO DA IMPRENSA,1013,,VILA MEDEIROS,26112180,(21)26621660,,65,65,0,0,0,0,0,0,0,0,0,0,0,0
202604,SUDESTE,RJ,330045,BELFORD ROXO,2289709,HOSPITAL DE CLINICAS BELFORD ROXO,CASA DE SAUDE E MATERNIDADE BELFORD ROXO LTDA,M,5,HOSPITAL GERAL,2062,HOSPITAL_PRIVADO,AV BENJAMIM PINTO DIAS,1000,,CENTRO,26130000,26622391,csmbr@ig.com.br,91,0,0,0,0,0,0,0,0,0,0,0,0,0
202604,SUDESTE,RJ,330140,CONCEICAO DE MACABU,2290073,HOSPITAL MUNICIPAL ANA MOREIRA,SECRETARIA MUNICIPAL DE SAUDE DE CONCEICAO DE MACABU,M,5,HOSPITAL GERAL,1244,HOSPITAL_PÚBLICO,RUA ROSENDO FONTES TAVARES,199,PREDIO,BOCAINA,28740000,2227792486,semsa@conceicaodemacabu.rj.gov.br,21,21,0,0,0,0,0,0,0,0,0,0,0,0
202604,SUDESTE,RJ,330170,DUQUE DE CAXIAS,2290227,HOSPITAL MUNICIPAL ADAO PEREIRA NUNES,MUNICIPIO DE DUQUE DE CAXIAS,M,5,HOSPITAL GERAL,1244,HOSPITAL_PÚBLICO,ROD WASHINGTON LUIZ,S/N,BR 040 KM 109,JD PRIMAVERA,25225015,2127775258,direcao.hmapn@duquedecaxias.rj.gov.br,485,403,104,29,63,0,18,17,23,12,0,0,0,0
202604,SUDESTE,RJ,330230,LAJE DO MURIAE,2290499,HOSPITAL MUNICIPAL DE LAJE DO MURIAE,HOSPITAL MUNICIPAL DE LAJE DO MURIAE,M,5,HOSPITAL GERAL,1244,HOSPITAL_PÚBLICO,RUA GERONCIO FERREIRA,270,,CENTRO,28350200,2238292434,,32,30,0,0,0,0,0,0,0,0,0,0,0,0
202604,SUDESTE,RJ,330455,RIO DE JANEIRO,2291266,SMS HOSPITAL MUNICIPAL FRANCISCO DA SILVA TELLES AP33,POSTO DE ASSISTENCIA MEDICA FRANCISCO DA SILVA TELLES,M,5,HOSPITAL GERAL,1031,HOSPITAL_PÚBLICO,UBIRAJARA,25,,IRAJA,21230300,021 3715070,,84,84,0,0,0,0,0,0,0,0,0,0,0,0
202604,SUDESTE,RJ,330455,RIO DE JANEIRO,2291282,HOSPITAL NOSSA SENHORA DAS DORES,SCMRJ SANTA CASA DA MISERICORDIA DO RIO DE JANEIRO,M,5,HOSPITAL GERAL,3999,HOSPITAL_FILANTRÓPICO,ERNANI CARDOSO,21,,CASCADURA,21310310,21997399187,hnsdhospital@gmail.com,222,0,0,0,0,0,0,0,0,0,0,0,0,0
202604,SUDESTE,RJ,330455,RIO DE JANEIRO,2291304,SES RJ CENTRO PSIQUIATRICO RIO DE JANEIRO,SECRETARIA DE ESTADO DE SAUDE SES,E,7,HOSPITAL ESPECIALIZADO,1023,HOSPITAL_PÚBLICO,CORONEL ASSUNCAO,S/N,,GAMBOA,20220480,21 22992577,,108,108,0,0,0,0,0,0,0,0,0,0,0,0
202604,SUDESTE,RJ,330475,SAO FRANCISCO DE ITABAPOANA,2291320,HOSPITAL MUNICIPAL MANOEL CAROLA,MUNICIPIO DE SAO FRANCISCO DE ITABAPOANA,M,5,HOSPITAL GERAL,1244,HOSPITAL_PÚBLICO,AV NILTON MAYERHOFFER PESSANHA,48,,PONTO DE CACIMBAS,28230000,22999659443,saudesfi@hotmail.com,31,31,0,0,0,0,0,0,0,0,0,0,0,0
202604,SUDESTE,RJ,330490,SAO GONCALO,2291525,H OLHOS SAO GONCALO,OFTALMOCLINICA SAO GONCALO LTDA,M,7,HOSPITAL ESPECIALIZADO,2062,HOSPITAL_PRIVADO,SALVATORI,99,ENT SUPL RUA JOSE,CENTRO,24421005,21 27129494,OFTALMOCLINICASG@GMAIL.COM,17,13,0,0,0,0,0,0,0,0,0,0,0,0
202604,SUDESTE,RJ,330490,SAO GONCALO,2292084,HOSPITAL DR LUIZ PALMIER,SECRETARIA MUNICIPAL DE SAUDE DE SAO GONCALO,M,5,HOSPITAL GERAL,1244,HOSPITAL_PÚBLICO,PRACA ESTEPHANIA DE CARVALHO,26,PARTE 1,ZE GAROTO,24440195,(21) 2603-6590,,138,130,15,7,15,7,0,0,0,0,0,0,0,0
202604,SUDESTE,RJ,330515,SAO JOSE DO VALE DO RIO PRETO,2292270,HOSPITAL MATERNIDADE SANTA THERESINHA,SECRETARIA MUNICIPAL DE SAUDE DE SAO JOSE DO VALE DO RIO PRE,M,5,HOSPITAL GERAL,1031,HOSPITAL_PÚBLICO,RUA PROFA MARIA EMILIA ESTEVES,617,,CENTRO,25780000,2422241150,saude@sjvriopreto.rj.gov.br,49,49,0,0,0,0,0,0,0,0,0,0,0,0
202604,SUDESTE,RJ,330580,TERESOPOLIS,2292386,HOSPITAL SAO JOSE,ASSOCIACAO CONGREGACAO DE SANTA CATARINA,E,5,HOSPITAL GERAL,3999,HOSPITAL_FILANTRÓPICO,RUA JUDITH MAURICIO DE PAULA,40,,IUCAS,25964220,(21)2741-4300,administracao.hsj@redesc.org.br,107,43,23,13,23,13,0,0,0,0,0,0,0,0
202604,SUDESTE,RJ,330580,TERESOPOLIS,2292513,BENEFICENCIA PORTUGUESA DE TERESOPOLIS,HOSPITAL NOSSA SENHORA DA SAUDE,M,5,HOSPITAL GERAL,3999,HOSPITAL_FILANTRÓPICO,R JOSE MARIA DE ARAUJO REGADAS,300,,ERMITAGE,25953345,(21)27420765,,69,49,0,0,0,0,0,0,0,0,0,0,0,0
202604,SUDESTE,RJ,330610,VALENCA,2292912,HOSPITAL ESCOLA LUIZ GIOSEFFI JANNUZZI,FUNDACAO EDUCACIONAL D ANDRE ARCOVERDE,M,5,HOSPITAL GERAL,3069,HOSPITAL_FILANTRÓPICO,RUA DOM JOSE COSTA CAMPOS,20,,CENTRO,27600046,(24)2453-1333,direcaohe@faa.edu.br,195,195,40,40,30,30,0,0,10,10,0,0,0,0
202604,SUDESTE,RJ,330320,NILOPOLIS,2293862,HOSPITAL MUNICIPAL JUSCELINO KUBITSCHEK,SECRETARIA MUNICIPAL DE SAUDE DE NILOPOLIS,M,5,HOSPITAL GERAL,1244,HOSPITAL_PÚBLICO,RUA ZEZINHO,111,,CENTRO,26520000,(21)37613223,,92,70,16,0,10,0,0,0,6,0,0,0,0,0
202604,SUDESTE,RJ,330600,TRES RIOS,2294923,HOSPITAL DE CLINICAS NOSSA SENHORA DA CONCEICAO,ASSOCIACAO CONGREGACAO DE SANTA CATARINA,M,5,HOSPITAL GERAL,3999,HOSPITAL_FILANTRÓPICO,RUA MAESTRO COSTA BARROS,642,,CENTRO,25805090,2422550601,dir.executivo@hcnsc.com.br,113,90,26,19,26,19,0,0,0,0,0,0,0,0
202604,SUDESTE,RJ,330093,CARAPEBUS,2294990,PRONTO ATENDIMENTO CARLITO GONCALVES DA FONSECA,MUNICIPIO DE CARAPEBUS,M,20,PRONTO SOCORRO GERAL,1244,HOSPITAL_PÚBLICO,RUA JOAO PEDRO SOBRINHO,72,,SAPECADO,27998000,2227689527,atencaobasica@carapebus.rj.gov.br,8,8,0,0,0,0,0,0,0,0,0,0,0,0
202604,SUDESTE,RJ,330210,ITAOCARA,2295016,CASA DE SAUDE JOAO XXIII LTDA,CASA DE SAUDE JOAO XXIII LTDA,M,5,HOSPITAL GERAL,2062,HOSPITAL_PRIVADO,RUA NILO PECANHA,564,,CENTRO,28570000,(22)38612552,csjxxiii@uol.com.br casadesaudeitaocara@okintrnet.com.br,41,0,12,0,12,0,0,0,0,0,0,0,0,0
202604,SUDESTE,RJ,330455,RIO DE JANEIRO,2295059,CLINICA DE REPOUSO SANTA ALICE,SANATORIO RIO DE JANEIRO LTDA,M,7,HOSPITAL ESPECIALIZADO,2062,HOSPITAL_PRIVADO,RUA BOA VISTA,99,,ALTO DA BOA VISTA,20751340,,sanatoriojane@gmail.com,50,0,0,0,0,0,0,0,0,0,0,0,0,0
202604,SUDESTE,RJ,330455,RIO DE JANEIRO,2295067,INSTITUTO ESTADUAL DE HEMATOLOGIA ARTHUR SIQUEIRA CAVALCANTI,SECRETARIA DE ESTADO DE SAUDE SES,E,7,HOSPITAL ESPECIALIZADO,1023,HOSPITAL_PÚBLICO,RUA FREI CANECA,8,,CENTRO,20211030,(21)23328611,diretoria@hemorio.rj.gov.br,83,83,0,0,0,0,0,0,0,0,0,0,0,0
202604,SUDESTE,RJ,330610,VALENCA,2295075,HOSPITAL GUSTAVO MONTEIRO JUNIOR,ASSOCIACAO DA CASA DE CARIDADE DE CONSERVATORIA,M,5,HOSPITAL GERAL,3999,HOSPITAL_FILANTRÓPICO,RUA OSWALDO FONSECA,02,,CONSERVATORIA,27610470,(24) 2438-1202,hospcon@yahoo.com.br,46,39,0,0,0,0,0,0,0,0,0,0,0,0
202604,SUDESTE,RJ,330610,VALENCA,2295105,HOSPITAL SANTA ISABEL,ASSOCIACAO HOSPITAL SANTA ISABEL,M,5,HOSPITAL GERAL,3999,HOSPITAL_FILANTRÓPICO,RUA OLIMPIA JUNQUEIRA,279,,SANTA ISABEL,27611755,(24)24571117,ahsi.adm25@gmail.com,40,40,0,0,0,0,0,0,0,0,0,0,0,0
202604,SUDESTE,RJ,330455,RIO DE JANEIRO,2295369,ACAO CRISTA VICENTE MORETTI,ACAO CRISTA VICENTE MORETTI,M,7,HOSPITAL ESPECIALIZADO,3999,HOSPITAL_FILANTRÓPICO,MARAVILHA,308,,BANGU,21810100,,,40,40,0,0,0,0,0,0,0,0,0,0,0,0
202604,SUDESTE,RJ,330455,RIO DE JANEIRO,2295393,HOSPITAL NOSSA SENHORA DA SAUDE,SANTA CASA DA MISERICORDIA DO RIO DE JANEIRO,M,5,HOSPITAL GERAL,3999,HOSPITAL_FILANTRÓPICO,RUA DA GAMBOA,303,,SAUDE,20220322,,,34,0,0,0,0,0,0,0,0,0,0,0,0,0
202604,SUDESTE,RJ,330455,RIO DE JANEIRO,2295407,SMS HOSPITAL MUNICIPAL ROCHA FARIA AP 52,SMS RIO HOSPITAL MUNICIPAL ROCHA FARIA AP 52,M,5,HOSPITAL GERAL,1031,HOSPITAL_PÚBLICO,AV CESARIO DE MELO,3215,,CAMPO GRANDE,23050101,(21)2333-6797,direcao.hmrf@igedes.org.br,198,168,36,16,16,16,0,0,20,0,0,0,0,0
202604,SUDESTE,RJ,330455,RIO DE JANEIRO,2295415,HOSPITAL UNIVERSITARIO GAFFREE E GUINLE,UNIVERSIDADE DO ESTADO DO RIO DE JANEIRO,M,5,HOSPITAL GERAL,1139,HOSPITAL_PÚBLICO,MARIZ E BARROS,775,,TIJUCA,20270004,,,167,159,15,11,7,5,0,0,8,6,0,0,0,0
202604,SUDESTE,RJ,330455,RIO DE JANEIRO,2295423,HOSPITAL FEDERAL CARDOSO FONTES,MS HOSPITAL FEDERAL CARDOSO FONTES,M,5,HOSPITAL GERAL,1015,HOSPITAL_PÚBLICO,AVENIDA MENEZES CORTES,3245,,FREGUESIA JPA,22745130,(21)24252255,dirhgj@nerj.rj.saude.gov.br,182,179,28,25,18,18,10,7,0,0,0,0,0,0
202604,SUDESTE,RJ,330430,RIO BONITO,2296241,HOSPITAL REGIONAL DARCY VARGAS,HOSPITAL REGIONAL DARCY VARGAS,M,5,HOSPITAL GERAL,3999,HOSPITAL_FILANTRÓPICO,JOAO CARMO,110,,CENTRO,28800000,,,139,114,15,15,15,15,0,0,0,0,0,0,0,0
202604,SUDESTE,RJ,330455,RIO DE JANEIRO,2296306,SMS HOSPITAL MUNICIPAL SALGADO FILHO AP 32,SMS RIO HOSPITAL MUNICIPAL SALGADO FILHO AP 32,M,5,HOSPITAL GERAL,1031,HOSPITAL_PÚBLICO,ARQUIAS CORDEIRO,370,,MEIER,20770000,,,316,316,16,16,16,16,0,0,0,0,0,0,0,0
202604,SUDESTE,RJ,330455,RIO DE JANEIRO,2296594,UFRJ INSTITUTO DE GINECOLOGIA,UNIVERSIDADE FEDERAL DO RIO DE JANEIRO,M,7,HOSPITAL ESPECIALIZADO,1104,HOSPITAL_PÚBLICO,MONCORVO FILHO,90,,CENTRO,20211340,,,12,12,0,0,0,0,0,0,0,0,0,0,0,0
202604,SUDESTE,RJ,330455,RIO DE JANEIRO,2296608,HCJ HOSPITAL DE CLINICAS DE JACAREPAGUA,HOSPITAL DE CLINICAS DE JACAREPAGUA LTDA,M,5,HOSPITAL GERAL,2062,HOSPITAL_PRIVADO,RUA BACAIRIS,499,,TAQUARA,22730120,(21) 3987-7000,almeida.camila@amil.com.br,46,2,20,0,20,0,0,0,0,0,0,0,0,0
202604,SUDESTE,RJ,330455,RIO DE JANEIRO,2296616,UFRJ IPPMG INST DE PUER PED MARTAGAO GESTEIRA,UNIVERSIDADE FEDERAL DO RIO DE JANEIRO,M,7,HOSPITAL ESPECIALIZADO,1104,HOSPITAL_PÚBLICO,BRUNO LOBO,50,,CIDADE UNIVERSITARIA,21941912,21 39384816,,78,74,14,10,0,0,10,6,4,4,0,0,0,0
202604,SUDESTE,RJ,330045,BELFORD ROXO,2296764,CASA DE SAUDE E MATERNIDADE NOSSA SENHORA DA GLORIA,CASA DE SAUDE E MATERNIDADE XV DE AGOSTO LTDA,M,7,HOSPITAL ESPECIALIZADO,2062,HOSPITAL_PRIVADO,AV BENJAMIM PINTO DIAS,1677,CENTRO,BELFORD ROXO,26130000,(21)26620660,,40,0,0,0,0,0,0,0,0,0,0,0,0,0
202604,SUDESTE,RJ,330040,BARRA MANSA,2296977,CASA DE SAUDE SANTA MARIA SA,CASA DE SAUDE SANTA MARIA SA,M,5,HOSPITAL GERAL,2054,HOSPITAL_PRIVADO,RUA TENENTE JOSE EDUARDO,585,,ANO BOM,27323240,02433249100,,124,0,10,0,0,0,0,0,10,0,0,0,0,0
202604,SUDESTE,RJ,330414,QUEIMADOS,2297132,HOSPITAL INFANTIL 21 DE JULHO LTDA,HOSPITAL INFANTIL 21 DE JULHO LTDA,M,7,HOSPITAL ESPECIALIZADO,2062,HOSPITAL_PRIVADO,RUA JOAQUIM DOS SANTOS,265,,CENTRO,26383330,2126651266,hiq100@globo.com,79,79,0,0,0,0,0,0,0,0,0,0,0,0
202604,SUDESTE,RJ,330490,SAO GONCALO,2297590,MATERNIDADE MUNICIPAL DR MARIO NIAJAR,MUNICIPIO DE SAO GONCALO,M,7,HOSPITAL ESPECIALIZADO,1244,HOSPITAL_PÚBLICO,ALFREDO BACKER,324,,ALCANTARA,24430380,2725-7390,,77,77,0,0,0,0,0,0,0,0,0,0,0,0
202604,SUDESTE,RJ,330580,TERESOPOLIS,2297795,HOSPITAL DAS CLINICAS DE TERESOPOLIS,FESO FUNDACAO EDUCACIONAL SERRA DOS ORGAOS,M,5,HOSPITAL GERAL,3069,HOSPITAL_FILANTRÓPICO,DELFIM MOREIRA,2211,,VALE PARAISO,25953230,,,217,103,56,15,36,15,0,0,20,0,0,0,0,0
202604,SUDESTE,RJ,330455,RIO DE JANEIRO,2297833,CLINICA SAO VICENTE,HOSPITAIS INTEGRADOS DA GAVEA S A,M,5,HOSPITAL GERAL,2054,HOSPITAL_PRIVADO,JOAO BORGES,204,PARTE,GAVEA,22451100,21 32394700,,87,0,30,0,30,0,0,0,0,0,0,0,0,0
202604,SUDESTE,RJ,330490,SAO GONCALO,2298031,SES RJ HOSPITAL ESTADUAL ALBERTO TORRES GERAL SAO GONCALO,SECRETARIA DO ESTADO DE SAUDE DO RIO DE JANEIRO,E,5,HOSPITAL GERAL,1023,HOSPITAL_PÚBLICO,RUA OSORIO COSTA,S/N,NAO HA,COLUBANDE,24744680,(21)3812-2646,direcaoheat@gmail.com,243,243,75,75,64,64,11,11,0,0,0,0,0,0
202604,SUDESTE,RJ,330340,NOVA FRIBURGO,2298090,HOSPITAL UNIMED DE NOVA FRIBURGO,UNIMED DE NOVA FRIBURGO SOCIEDADE COOPERATIVA DE SERVICOS ME,M,5,HOSPITAL GERAL,2143,HOSPITAL_PRIVADO,IZELINO MADURO,900,,CHACARA DO PARAISO,28605300,,,144,0,21,0,9,0,2,0,5,0,0,0,5,0
202604,SUDESTE,RJ,330340,NOVA FRIBURGO,2298104,HOSPITAL SERRANO,HOSPITAL SERRANO LTDA,M,5,HOSPITAL GERAL,2062,HOSPITAL_PRIVADO,GENERAL OSORIO,276,,CENTRO,28625630,,,41,0,10,0,10,0,0,0,0,0,0,0,0,0
202604,SUDESTE,RJ,330455,RIO DE JANEIRO,2298120,SMS HOSPITAL MUNICIPAL ALBERT SCHWEITZER AP 51,SMS RIO HOSPITAL MUNICIPAL ALBERT SCHWEITZER AP 51,M,5,HOSPITAL GERAL,1031,HOSPITAL_PÚBLICO,RUA NILOPOLIS,329,,REALENGO,21725090,(21) 2042-2096,faturamento.hmas@vivario.org.br,396,396,71,71,40,40,20,20,11,11,0,0,0,0
202604,SUDESTE,RJ,330100,CAMPOS DOS GOYTACAZES,2298317,HOSPITAL DOS PLANTADORES DE CANA,ASSOCIACAO FLUMINENSE DE ASSIST A MULHER CRIANCA E AO IDOSO,M,5,HOSPITAL GERAL,3999,HOSPITAL_FILANTRÓPICO,AV JOSE ALVES DE AZEVEDO,337,,PQ ROSARIO,28025496,2227377400,filantropia.hpc@gmail.com,286,236,50,38,30,18,0,0,20,20,0,0,0,0
202604,SUDESTE,RJ,330510,SAO JOAO DE MERITI,2298708,HOSPITAL MUNICIPAL DE SAO JOAO DE MERITI ABDON GONCALVES,SECRETARIA MUNICIPAL DE SAUDE DE SAO JOAO DE MERITI,M,5,HOSPITAL GERAL,1244,HOSPITAL_PÚBLICO,AVENIDA PRESIDENTE LINCOLN,S/N,,JARDIM MERITI,25555200,21 2651-1220,,87,67,20,0,20,0,0,0,0,0,0,0,0,0
202604,SUDESTE,RJ,330455,RIO DE JANEIRO,2298724,SES RJ HOSPITAL ESTADUAL ANCHIETA,SECRETARIA DE ESTADO DE SAUDE SES,E,5,HOSPITAL GERAL,1023,HOSPITAL_PÚBLICO,RUA CARLOS SEIDL,785,,CAJU,20930390,,,71,61,10,0,10,0,0,0,0,0,0,0,0,0
202604,SUDESTE,RJ,330455,RIO DE JANEIRO,2298740,HOSPITAL CLINICA GRAJAU,CASA DE SAUDE GRAJAU LTDA,M,5,HOSPITAL GERAL,2062,HOSPITAL_PRIVADO,RUA BARAO DO BOM RETIRO,2484,,GRAJAU,20540342,(21) 25771122,hcgrajau@hcgrajau.com.br,47,0,10,0,10,0,0,0,0,0,0,0,0,0
202604,SUDESTE,RJ,330420,RESENDE,2299216,HOSPITAL SAMER SERVICO DE ASSISTENCIA MEDICA DE RESENDE,HOSPITAIS INTEGRADOS DA GAVEA S A,M,5,HOSPITAL GERAL,2054,HOSPITAL_PRIVADO,RUA CADETE EDSON,38,QUADRA C LOTE AREA 1,MONTESE,27541060,(24) 3358-9018,direcao@samer.com.br,98,2,34,2,16,2,4,0,6,0,0,0,8,0
202604,SUDESTE,RJ,330490,SAO GONCALO,2696746,PRONTO SOCORRO CENTRAL DR ARMANDO GOMES DE SA COUTO,SECRETARIA MUNICIPAL DE SAUDE DE SAO GONCALO,M,5,HOSPITAL GERAL,1244,HOSPITAL_PÚBLICO,PRACA ESTEPHANIA DE CARVALHO,26,PARTE,ZE GAROTO,24440195,,,99,92,12,5,12,5,0,0,0,0,0,0,0,0
202604,SUDESTE,RJ,330490,SAO GONCALO,2696851,HOSPITAL SAO GONCALO LTDA,CLINICA SAO GONCALO LTDA,M,5,HOSPITAL GERAL,2062,HOSPITAL_PRIVADO,PIO XII,138,,SAO GONCALO,24440400,(21)2109-5023,,103,0,30,0,30,0,0,0,0,0,0,0,0,0
202604,SUDESTE,RJ,330080,CACHOEIRAS DE MACACU,2696924,HOSPITAL MUNICIPAL DR CELSO MARTINS,SMSDC DE CACHOEIRAS DE MACACU,M,5,HOSPITAL GERAL,1031,HOSPITAL_PÚBLICO,RUA PREFEITO JOSE DA SILVA,177,,CAMPO DO PRADO,28681300,(21)26492006,faturamentohmcm@gmail.com,82,82,0,0,0,0,0,0,0,0,0,0,0,0
202604,SUDESTE,RJ,330020,ARARUAMA,2696932,SES RJ HOSPITAL ESTADUAL ROBERTO CHABO,SECRETARIA DE ESTADO DE SAUDE DO RIO DE JANEIRO,E,5,HOSPITAL GERAL,1023,HOSPITAL_PÚBLICO,RUA BERNARDO DE VASCONCELOS,477,NAO HA,CENTRO,28979192,(22)35131408,LEONAM.LIMA@HERC.FS.RJ.GOV.BR,91,83,24,17,16,9,8,8,0,0,0,0,0,0
202604,SUDESTE,RJ,330060,BOM JESUS DO ITABAPOANA,2696940,HOSPITAL SAO VICENTE DE PAULO,CENTRO POPULAR PROMELHORAMENTOS DE BOM JESUS,M,5,HOSPITAL GERAL,3999,HOSPITAL_FILANTRÓPICO,RUA TEN JOSE TEIXEIRA,473,,CENTRO,28360000,22 38339010,hsvp@ig.com.br.,327,230,97,25,87,25,10,0,0,0,0,0,0,0
202604,SUDESTE,RJ,330240,MACAE,2697041,HOSPITAL SAO JOAO BATISTA DE MACAE,IRMANDADE DE SAO JOAO BATISTA DE MACAE,M,5,HOSPITAL GERAL,3999,HOSPITAL_FILANTRÓPICO,PRACA VERISSIMO DE MELLO,391,,CENTRO,27913100,(22) 2772-1005,stacasamacae@uol.com.br,143,76,18,10,18,10,0,0,0,0,0,0,0,0
202604,SUDESTE,RJ,330615,VARRE-SAI,2704390,HOSPITAL SAO SEBASTIAO DE VARRE SAI,HOSPITAL MUNICIPAL SAO SEBASTIAO DE VARRESAI,M,5,HOSPITAL GERAL,1244,HOSPITAL_PÚBLICO,RUA OCTAVIO MONERAT,10,,CENTRO,28375000,2238433832,,26,26,0,0,0,0,0,0,0,0,0,0,0,0
202604,SUDESTE,RJ,330380,PARATY,2704587,HOSPITAL MUNICIPAL HUGO MIRANDA,SECRETARIA MUNICIPAL DE SAUDE DE PARATY,M,5,HOSPITAL GERAL,1244,HOSPITAL_PÚBLICO,RUA SAO PEDRO DE ALCANTARA,01,,PONTAL,23970000,2433716551,paratyfaturamento@gmail.com,69,67,0,0,0,0,0,0,0,0,0,0,0,0
202604,SUDESTE,RJ,330490,SAO GONCALO,2704595,HOSPITAL INFANTIL DARCY SARMANHO VARGAS,SECRETARIA MUNICIPAL DE SAUDE DE SAO GONCALO,M,7,HOSPITAL ESPECIALIZADO,1244,HOSPITAL_PÚBLICO,PRACA ESTEPHANIA DE CARVALHO,26,PARTE 3,ZE GAROTO,24440195,(21)26056531,,43,37,6,0,0,0,6,0,0,0,0,0,0,0
202604,SUDESTE,RJ,330530,SAO SEBASTIAO DO ALTO,2704633,HOSPITAL SAO SEBASTIAO,ASSOCIACAO HOSPITALAR SAO SEBASTIAO DO ALTO,M,5,HOSPITAL GERAL,3999,HOSPITAL_FILANTRÓPICO,RUA MIN FRANCISCO DORNELLES,69,,BAIRRO STA IRENE,28550190,(22)25591313,hssa494@hotmail.com,52,44,0,0,0,0,0,0,0,0,0,0,0,0
202604,SUDESTE,RJ,330630,VOLTA REDONDA,2708078,HOSPITAL DR NELSON DOS SANTOS GONCALVES,SECRETARIA MUNICIPAL DE SAUDE PMVR,M,5,HOSPITAL GERAL,1031,HOSPITAL_PÚBLICO,RUA DEPUTADO GERALDO DI BIASE,S/N,,ATERRADO,27213080,2433399540,,38,38,0,0,0,0,0,0,0,0,0,0,0,0
202604,SUDESTE,RJ,330455,RIO DE JANEIRO,2708353,IFF FIOCRUZ,INST NACIONAL SAUDE MULHER CRIANCA ADOLES FERNANDES FIGUEIRA,M,7,HOSPITAL ESPECIALIZADO,1139,HOSPITAL_PÚBLICO,AV RUI BARBOSA,716,,FLAMENGO,22250020,(21)25541700,direcao@iff.fiocruz.br,141,141,34,34,0,0,6,6,28,28,0,0,0,0
202604,SUDESTE,RJ,330455,RIO DE JANEIRO,2708361,UFRJ INSTITUTO DE NEUROLOGIA DEOLINDO COUTO,UFRJ INSTITUTO DE NEUROLOGIA DEOLINDO COUTO,M,7,HOSPITAL ESPECIALIZADO,1104,HOSPITAL_PÚBLICO,AVENIDA VENCESLAU BRAS,95,,BOTAFOGO,22290140,(21) 3938-0531/0533,direcao@indc.ufrj.br,6,6,0,0,0,0,0,0,0,0,0,0,0,0
202604,SUDESTE,RJ,330350,NOVA IGUACU,2798662,HGNI HOSPITAL GERAL DE NOVA IGUACU,MUNICIPIO DE NOVA IGUACU,M,5,HOSPITAL GERAL,1244,HOSPITAL_PÚBLICO,AVENIDA HENRIQUE DUQUE ESTRADA MEYER,953,NAO HA,POSSE,26030380,2137799900,direcaogeral.hgni@novaiguacu.rj.gov.br,561,529,74,57,44,32,0,0,30,25,0,0,0,0
202604,SUDESTE,RJ,330030,BARRA DO PIRAI,2799308,CRUZ VERMELHA BRASILEIRA RJ BARRA DO PIRAI,CRUZ VERMELHA BRASILEIRA FILIAL DO ESTADO DO RIO DE JANEIRO,M,7,HOSPITAL ESPECIALIZADO,3999,HOSPITAL_FILANTRÓPICO,ANA NERY,120,SALA 802,CENTRO,27123150,2435114300,patricia.jankee@cruzvermelharj.org.br,100,100,0,0,0,0,0,0,0,0,0,0,0,0
202604,SUDESTE,RJ,330455,RIO DE JANEIRO,2812584,HOSPITAL SAO LOURENCO,HOSPITAL SAO LOURENCO EIRELI,M,5,HOSPITAL GERAL,2240,HOSPITAL_PRIVADO,AVENIDA SANTA CRUZ,3805,,BANGU,21810015,33386300,samirafelippe@gmail.com,39,0,0,0,0,0,0,0,0,0,0,0,0,0
202604,SUDESTE,RJ,330190,ITABORAI,2814161,SES RJ HOSPITAL ESTADUAL TAVARES DE MACEDO,SECRETARIA DE ESTADO DE SAUDE DO RIO DE JANEIRO,E,7,HOSPITAL ESPECIALIZADO,1023,HOSPITAL_PÚBLICO,AVENIDA 22 DE MAIO,S/N,KM 34,VENDA DAS PEDRAS,24805900,2136373522,hetm@saude.rj.gov.br,54,54,0,0,0,0,0,0,0,0,0,0,0,0
202604,SUDESTE,RJ,330455,RIO DE JANEIRO,2821737,CTO CLINICA TRAUMATO ORTOPEDICA,CTO CLINICA TRAUMATO ORTOPEDICA LTDA,M,7,HOSPITAL ESPECIALIZADO,2240,HOSPITAL_PRIVADO,RUA AMERICO BRASILIENSE,91,,MADUREIRA,21351060,21 3390-5636,ctofaturamento@utlook.com,12,0,0,0,0,0,0,0,0,0,0,0,0,0
202604,SUDESTE,RJ,330220,ITAPERUNA,2825376,ASSOCIACAO SANTO ANTONIO DOS POBRES DE ITAPERUNA,ASSOCIACAO SANTO ANTONIO DOS POBRES DE ITAPERUNA,M,5,HOSPITAL GERAL,3999,HOSPITAL_FILANTRÓPICO,RUA EXPEDICIONARIO CABO GAMA,494,,CIDADE NOVA,28300000,(22)38243215,financeiro@asapi.com.br,110,88,0,0,0,0,0,0,0,0,0,0,0,0
202604,SUDESTE,RJ,330455,RIO DE JANEIRO,2881683,AMBULATORIO PERINATAL LARANJEIRAS,REDE DOR SAO LUIZ S A,M,7,HOSPITAL ESPECIALIZADO,2046,HOSPITAL_PRIVADO,CARDOSO JUNIOR,5,LOJA A,LARANJEIRAS,22245000,21 22102004,silvana.moura@rededor.com.br,5,0,0,0,0,0,0,0,0,0,0,0,0,0
202604,SUDESTE,RJ,330510,SAO JOAO DE MERITI,2954885,NEO UNIDAS TERAPIA INTENSIVA NEONATAL LTDA,NEO UNIDAS TERAPIA INTENSIVA NEONATAL LTDA,M,7,HOSPITAL ESPECIALIZADO,2240,HOSPITAL_PRIVADO,RUA GESSYR GONCALVES FONTES,153,PARTE,CENTRO,25520570,21 2560-2660,neounidasrj@gmail.com,20,0,0,0,0,0,0,0,0,0,0,0,0,0
202604,SUDESTE,RJ,330350,NOVA IGUACU,2964244,HOSPITAL VIVER MAIS,HOSPITAL VIVER MAIS LTDA,M,5,HOSPITAL GERAL,2054,HOSPITAL_PRIVADO,OTAVIO ASCOLI,328,PARTE,CENTRO,26215160,2433367070,controladoria@vivermaishospital.com.br,8,0,2,0,2,0,0,0,0,0,0,0,0,0
202604,SUDESTE,RJ,330045,BELFORD ROXO,2969734,HOSPITAL INFANTIL MILENE ISABELY CHRISTOVAM,MUNICIPIO DE BELFORD ROXO,M,5,HOSPITAL GERAL,1244,HOSPITAL_PÚBLICO,AVENIDA JOAQUIM DA COSTA LIMA,S/N,,PQ FERREIRAS,26116200,,,32,32,0,0,0,0,0,0,0,0,0,0,0,0
202604,SUDESTE,RJ,330455,RIO DE JANEIRO,3001202,POLICLINICA DE BOTAFOGO,POLICLINICA DE BOTAFOGO,M,5,HOSPITAL GERAL,3999,HOSPITAL_FILANTRÓPICO,AVENIDA PASTEUR,72,PREDIO,BOTAFOGO,22290240,22751447,presidencia@policlinicadebotafogo.org,33,0,2,0,2,0,0,0,0,0,0,0,0,0
202604,SUDESTE,RJ,330100,CAMPOS DOS GOYTACAZES,3002187,HOSPITAL GERAL DE GUARUS,FUNDACAO MUNICIPAL DE SAUDE,M,5,HOSPITAL GERAL,1155,HOSPITAL_PÚBLICO,SENADOR JOSE CARLOS PEREIRA PINTO,400,,CALABOUCO,28080420,22 81751621,GABPRES.FMS@GMAIL.COM,171,151,20,0,20,0,0,0,0,0,0,0,0,0
202604,SUDESTE,RJ,330455,RIO DE JANEIRO,3003450,CASA DE SAUDE PINHEIRO MACHADO,CASA DE SAUDE PINHEIRO MACHADO LTDA,M,5,HOSPITAL GERAL,2062,HOSPITAL_PRIVADO,PINHEIRO MACHADO,00155,,BOTAFOGO,22231090,21 21254882,CONTABILIDADE@CSPM.COM.BR,40,0,14,0,14,0,0,0,0,0,0,0,0,0
202604,SUDESTE,RJ,330455,RIO DE JANEIRO,3005984,HOSPITAL ITALIANO,SOCIEDADE ITALIANA DE BENEFICENCIA E MUTUO SOCORRO,M,5,HOSPITAL GERAL,3999,HOSPITAL_FILANTRÓPICO,MARECHAL JOFFRE,30,,GRAJAU,20560185,,,58,0,27,0,27,0,0,0,0,0,0,0,0,0
202604,SUDESTE,RJ,330455,RIO DE JANEIRO,3005992,HOSPITAL COPA DOR,REDE DOR SAO LUIZ S A,M,5,HOSPITAL GERAL,2046,HOSPITAL_PRIVADO,RUA FIGUEREDO DE MAGALHAES,875,PARTE,COPACABANA,22031011,2545-3600,scopador@copador.com.br,246,0,117,0,108,0,9,0,0,0,0,0,0,0
202604,SUDESTE,RJ,330455,RIO DE JANEIRO,3006050,HOSPITAL AMERICAN COR,HOSPITAL AMERICAN COR LTDA,M,5,HOSPITAL GERAL,2062,HOSPITAL_PRIVADO,RUA ADOLFO BERGAMINI,206,,ENGENHO DE DENTRO,20730000,,,48,0,0,0,0,0,0,0,0,0,0,0,0,0
202604,SUDESTE,RJ,330455,RIO DE JANEIRO,3008568,CENTRO PEDIATRICO DA LAGOA,IPANEMA SERVICOS DE ASSISTENCIA MEDICO CIRURGICA INFANTIL,M,7,HOSPITAL ESPECIALIZADO,2062,HOSPITAL_PRIVADO,LINEU DE PAULA MACHADO,64,,LAGOA,22470040,,,31,0,31,0,0,0,31,0,0,0,0,0,0,0
202604,SUDESTE,RJ,330455,RIO DE JANEIRO,3009947,SAO CARLOS SAUDE ONCOLOGICA,CLINICA SAO CARLOS S A,M,7,HOSPITAL ESPECIALIZADO,2054,HOSPITAL_PRIVADO,RUA HUMAITA,296,,BOTAFOGO,22261001,(21)2536-1300,,40,0,0,0,0,0,0,0,0,0,0,0,0,0
202604,SUDESTE,RJ,330330,NITEROI,3012395,CLINICA LUIZ PIRES DE MELLO MATRIZ,CLINICA LUIZ PIRES DE MELLO LTDA,M,7,HOSPITAL ESPECIALIZADO,2062,HOSPITAL_PRIVADO,RUA GONCALVES LEDO,26,,FONSECA,24120160,(21) 2525-1818,,12,0,0,0,0,0,0,0,0,0,0,0,0,0
202604,SUDESTE,RJ,330330,NITEROI,3012476,CASA DE SAUDE NOSSA SENHORA AUXILIADORA S A,CASA DE SAUDE NOSSA SENHORA AUXILIADORA S A,M,5,HOSPITAL GERAL,2054,HOSPITAL_PRIVADO,RUA VEREADOR DUQUE ESTRADA,157,,SANTA ROSA,24240210,2127150404,assistenteadm@csnsa.com.br,42,0,7,0,7,0,0,0,0,0,0,0,0,0
202604,SUDESTE,RJ,330455,RIO DE JANEIRO,3013146,HOSPITAL DI CAMP,HOSPITAL DI CAMP LTDA,M,5,HOSPITAL GERAL,2062,HOSPITAL_PRIVADO,ALBARDAO,630,,CAMPO GRANDE,23070130,2131981757,,94,0,7,0,0,0,0,0,0,0,0,0,7,0
202604,SUDESTE,RJ,330330,NITEROI,3013383,HOSPITAL DE CLINICAS ALAMEDA,CASA DE SAUDE SANTA RITA DE CASSIA LTDA,M,5,HOSPITAL GERAL,2062,HOSPITAL_PRIVADO,SAO BOAVENTURA,321,,FONSECA,24130005,21 35783636,adm@hospitalalameda.com.br,107,0,30,0,20,0,8,0,2,0,0,0,0,0
202604,SUDESTE,RJ,330170,DUQUE DE CAXIAS,3014673,HOSPITAL DANIEL LIPP LTDA,HOSPITAL DANIEL LIPP LTDA,M,5,HOSPITAL GERAL,2062,HOSPITAL_PRIVADO,CONDE DE PORTO ALEGRE,271,285,JARDIM VINTE E CINCO,25070350,21 36728700,hedarei@yahoo.com.br,43,0,15,0,9,0,4,0,2,0,0,0,0,0
202604,SUDESTE,RJ,330170,DUQUE DE CAXIAS,3014681,HOSPITAL MARIO LIONI,AMICO SAUDE LTDA,M,5,HOSPITAL GERAL,2054,HOSPITAL_PRIVADO,RUA ANA NERI,190,,25 DE AGOSTO,25070420,(21) 3805-1000,almeida.camila@amil.com.br,75,0,18,0,10,0,8,0,0,0,0,0,0,0
202604,SUDESTE,RJ,330330,NITEROI,3016501,CASA DE SAUDE E MATERNIDADE SANTA MARTHA S A,CASA DE SAUDE E MATERNIDADE SANTA MARTHA SA,M,5,HOSPITAL GERAL,2054,HOSPITAL_PRIVADO,DR MARIO VIANA,653,,SANTA ROSA,24241001,,,100,0,26,0,20,0,0,0,6,0,0,0,0,0
202604,SUDESTE,RJ,330350,NOVA IGUACU,3019527,CASA DE SAUDE NOSSA SENHORA DE FATIMA N IGUACU SA,CASA DE SAUDE E MAT NOSSA SENHORA DE FATIMA DE NOVA IGUACU,M,5,HOSPITAL GERAL,2054,HOSPITAL_PRIVADO,R CORONEL BERNARDINO DE MELO,1465,,CENTRO,26255140,(21)2125-3115,csfatima@csfatima.com.br,113,0,50,0,30,0,16,0,4,0,0,0,0,0
202604,SUDESTE,RJ,330455,RIO DE JANEIRO,3020584,DAY CLINIC RIO,DAY CLINIC MADUREIRA LTDA,M,7,HOSPITAL ESPECIALIZADO,2062,HOSPITAL_PRIVADO,R GUARAPARI,41,SL501 A 510 601 602,MADUREIRA,21351120,21 3043-0609,administracao@dcm-rio.com.br,2,0,0,0,0,0,0,0,0,0,0,0,0,0
202604,SUDESTE,RJ,330330,NITEROI,3022080,NEOTIN NEONATAL,NEOTIN NEONATAL TERAPIA INTENSIVA LTDA,M,7,HOSPITAL ESPECIALIZADO,2062,HOSPITAL_PRIVADO,RUA TAPAJOS,325,,SAO FRANCISCO,24360420,21325254040,comercial@hmsaofrancisco.com.br,40,0,40,0,0,0,0,0,40,0,0,0,0,0
202604,SUDESTE,RJ,330320,NILOPOLIS,3024032,PRONIL HOSPITAL DE CLINICAS ANTONIO PAULINO,PRONIL CASA DE SAUDE E PRONTO SOCORRO INFANTIL LTDA,M,5,HOSPITAL GERAL,2062,HOSPITAL_PRIVADO,RUA JOAO PESSOA,1741,,CENTRO,26525015,26919595,RH2@PRONIL.COM.BR,132,0,33,0,33,0,0,0,0,0,0,0,0,0
202604,SUDESTE,RJ,330490,SAO GONCALO,3029131,HOSPITAL DO CORACAO SAMCORDIS,HOSPITAL SAMCORDIS LTDA,M,5,HOSPITAL GERAL,2062,HOSPITAL_PRIVADO,RUA DOUTOR NILO PECANHA,391,,ESTRELA DO NORTE,24435300,(21) 37158008,cpd@samcordis.com.br,81,0,18,0,18,0,0,0,0,0,0,0,0,0
202604,SUDESTE,RJ,330390,PETROPOLIS,3030415,BENEFICENCIA PORTUGUESA DE PETROPOLIS,SMH SOCIEDADE MEDICO HOSPITALAR LTDA,M,5,HOSPITAL GERAL,2062,HOSPITAL_PRIVADO,AVENIDA PORTUGAL,236,,VALPARAISO,25655374,024)2244-4200,smh@hospitalsmh.com.br,80,0,20,0,10,0,0,0,0,0,0,0,10,0
202604,SUDESTE,RJ,330455,RIO DE JANEIRO,3034984,HOSPITAL QUINTA DOR,REDE DOR SAO LUIZ SA,M,5,HOSPITAL GERAL,2046,HOSPITAL_PRIVADO,RUA ALMIRANTE BALTAZAR,383,435 467,SAO CRISTOVAO,20941150,2134613600,diretoriasecretaria@quintador.com.br,403,0,78,0,68,0,10,0,0,0,0,0,0,0
202604,SUDESTE,RJ,330470,SANTO ANTONIO DE PADUA,3040119,HOSPITAL HELIO MONTEZANO DE OLIVEIRA,FUNDACAO JOSE KEZEN,M,5,HOSPITAL GERAL,1155,HOSPITAL_PÚBLICO,AV JOAO JASBICK,520,,AEROPORTO,28470000,2238534089,,102,98,0,0,0,0,0,0,0,0,0,0,0,0
202604,SUDESTE,RJ,330455,RIO DE JANEIRO,3046281,CASA DE SAUDE NOSSA SENHORA DO CARMO,CASA DE SAUDE NOSSA SENHORA DO CARMO LTDA,M,7,HOSPITAL ESPECIALIZADO,2062,HOSPITAL_PRIVADO,RUA JAGUARUNA,105,,CAMPO GRANDE,23080160,,,120,0,75,0,49,0,5,0,10,0,0,0,11,0
202604,SUDESTE,RJ,330455,RIO DE JANEIRO,3046303,HOSPITAL DE CLINICAS DR ALOAN,HOSPITAL DE CLINICAS DR ALOAN LTDA,M,5,HOSPITAL GERAL,2240,HOSPITAL_PRIVADO,CHAVES FARIA,64,96,SAO CRISTOVAO,20910140,21 22332225,,50,0,18,0,18,0,0,0,0,0,0,0,0,0
202604,SUDESTE,RJ,330455,RIO DE JANEIRO,3048721,HOSPITAL DR BADIM,J BADIM S A,M,5,HOSPITAL GERAL,2054,HOSPITAL_PRIVADO,SAO FRANCISCO XAVIER,390,,TIJUCA,20550013,,DIRETORIA@BADIM.COM.BR,158,0,59,0,59,0,0,0,0,0,0,0,0,0
202604,SUDESTE,RJ,330350,NOVA IGUACU,3051692,EMCOR,EMCOR HOSPITAL DO CORACAO E DE CLINICAS DE NOVA IGUACU LTDA,M,7,HOSPITAL ESPECIALIZADO,2062,HOSPITAL_PRIVADO,RUA NELSON RAMOS,733,,CENTRO,26210140,3759-8100,emcor.br@ig.com.br,36,4,7,2,7,2,0,0,0,0,0,0,0,0
202604,SUDESTE,RJ,330455,RIO DE JANEIRO,3057496,RRM REDE RIO DE MEDICINA,RRM REDE RIO DE MEDICINA LTDA,M,5,HOSPITAL GERAL,2062,HOSPITAL_PRIVADO,DELGADO DE CARVALHO,22,,TIJUCA,20260280,21-38729922,administracao.ht@assimmedical.com.br,54,0,18,0,18,0,0,0,0,0,0,0,0,0
202604,SUDESTE,RJ,330455,RIO DE JANEIRO,3058204,PROCOR PRONTO SOCORRO CLINICO E CARDIOLOGICO,PROCOR PRONTO SOCORRO CLINICO E CARDIOLOGICO LTDA,M,7,HOSPITAL ESPECIALIZADO,2062,HOSPITAL_PRIVADO,CAMBAUBA,280,,ILHA DO GOVERNADOR,21940001,,,73,0,0,0,0,0,0,0,0,0,0,0,0,0
202604,SUDESTE,RJ,330455,RIO DE JANEIRO,3058212,HOSPITAL DE IRAJA,HOSPITAL DE IRAJA QUATRO AMIGOS LTDA,M,5,HOSPITAL GERAL,2062,HOSPITAL_PRIVADO,RUA PEREIRA DE ARAUJO,44,,IRAJA,21235090,35120645,financeiro@hospitaliraja.com.br,47,0,18,0,18,0,0,0,0,0,0,0,0,0
202604,SUDESTE,RJ,330455,RIO DE JANEIRO,3058336,CLINICA CIRURGICA SANTA BARBARA,CLINICA CIRURGICA SANTA BARBARA LTDA,M,5,HOSPITAL GERAL,2062,HOSPITAL_PRIVADO,RUA PAULO BARRETO,41,E 51,BOTAFOGO,22280010,,,53,0,13,0,7,0,0,0,6,0,0,0,0,0
202604,SUDESTE,RJ,330330,NITEROI,3065634,CHN COMPLEXO HOSPITALAR DE NITEROI,IMPAR SERVICOS HOSPITALARES SA,M,5,HOSPITAL GERAL,2054,HOSPITAL_PRIVADO,RUA LA SALLE ENTR SUPL R DR CELESTINO 113 C ENTR,12,R MARQUES DE OLINDA,CENTRO,24020096,21 2729-1000,,210,0,46,0,30,0,6,0,10,0,0,0,0,0
202604,SUDESTE,RJ,330455,RIO DE JANEIRO,3075338,SAINT ROMAN,CASA DE SAUDE SAINT ROMAN LTDA,M,7,HOSPITAL ESPECIALIZADO,2062,HOSPITAL_PRIVADO,RUA ALMIRANTE ALEXANDRINO,1342,1354 E 1368,SANTA TEREZA,20241260,38618100,marcelloratto@saintroman.com.br,100,0,0,0,0,0,0,0,0,0,0,0,0,0
202604,SUDESTE,RJ,330455,RIO DE JANEIRO,3094766,NIG BARRA,CLINICA BARRA DA TIJUCA,M,15,UNIDADE MISTA,2062,HOSPITAL_PRIVADO,RUA EINSTEIN,130,,BARRA DA TIJUCA,22611240,2124938867,administrativo@plenosaude.com.br,54,0,0,0,0,0,0,0,0,0,0,0,0,0
202604,SUDESTE,RJ,330455,RIO DE JANEIRO,3094987,NIG LEBLON,CASA GERIATRICA LEBLON LTDA,M,7,HOSPITAL ESPECIALIZADO,2062,HOSPITAL_PRIVADO,JUQUIA,18,PREDIO,LEBLON,22441080,2122743146,atendimento@nig-leblon.com.br,32,0,0,0,0,0,0,0,0,0,0,0,0,0
202604,SUDESTE,RJ,330455,RIO DE JANEIRO,3095002,NIG FLAMENGO,CASA GERIATRICA PAISSANDU LTDA,M,7,HOSPITAL ESPECIALIZADO,2062,HOSPITAL_PRIVADO,PAISSANDU,231,,FLAMENGO,22210080,11 95815921,FELIPE.FERRAZ@PREMIERHOSPITAL.COM.BR,50,0,0,0,0,0,0,0,0,0,0,0,0,0
202604,SUDESTE,RJ,330455,RIO DE JANEIRO,3095142,CENTRO REUMATOLOGICO BOTAFOGO,CREB CENTRO DE REUMATOLOGIA E ORTOPEDIA BOTAFOGO LTDA,M,5,HOSPITAL GERAL,2054,HOSPITAL_PRIVADO,RUA VOLUNTARIOS DA PATRIA,408,,BOTAFOGO,22270010,2131828282,CONTATO@CNESRIO.COM.BR,3,0,0,0,0,0,0,0,0,0,0,0,0,0
202604,SUDESTE,RJ,330455,RIO DE JANEIRO,3096513,SOS CORACAO,S O S CORACAO LTDA,M,7,HOSPITAL ESPECIALIZADO,2240,HOSPITAL_PRIVADO,JAGUARUNA,105,PARTE,CAMPO GRANDE,23052090,021 33843543,soscoracao@csnsc.com.br,5,0,0,0,0,0,0,0,0,0,0,0,0,0
202604,SUDESTE,RJ,330350,NOVA IGUACU,3096629,PSIL NOVA IGUACU,CENTRO PEDIATRICO DE NOVA IGUACU LTDA,M,21,PRONTO SOCORRO ESPECIALIZADO,2240,HOSPITAL_PRIVADO,RUA ANTONIO RABELO GUIMARAES,195,,CALIFORNIA,26216140,(21)27679815,grupocpni@gamil.com,4,0,0,0,0,0,0,0,0,0,0,0,0,0
202604,SUDESTE,RJ,330455,RIO DE JANEIRO,3113205,CASA DE PORTUGAL,CASA DE PORTUGAL,M,5,HOSPITAL GERAL,3999,HOSPITAL_FILANTRÓPICO,RUA DO BISPO,72,,RIO COMPRIDO,20261063,3987 7300,assuntos.regulatorios@hospitalcasa.com.br,144,0,68,0,68,0,0,0,0,0,0,0,0,0
202604,SUDESTE,RJ,330330,NITEROI,3127451,CLIPE CLINICA PEDIATRICA LTDA,CLIPE CLINICA PEDIATRICA LTDA,M,7,HOSPITAL ESPECIALIZADO,2062,HOSPITAL_PRIVADO,RUA TIRADENTES,12,E 18,INGA,24210510,21 26222040,,60,0,24,0,0,0,4,0,20,0,0,0,0,0
202604,SUDESTE,RJ,330510,SAO JOAO DE MERITI,3130339,CASA DE SAUDE E MATERNIDADE TEREZINHA DE JESUS LTDA,CASA DE SAUDE E MATERNIDADE TEREZINHA DE JESUS LTDA,M,5,HOSPITAL GERAL,2062,HOSPITAL_PRIVADO,GESSYR GONCALVES FONTES,153,,CENTRO,25520570,,,81,0,30,0,10,0,0,0,20,0,0,0,0,0
202604,SUDESTE,RJ,330100,CAMPOS DOS GOYTACAZES,3132471,HOSPITAL GERAL PRONTO CARDIO,HOSPITAL GERAL PRONTO CARDIO LTDA,M,5,HOSPITAL GERAL,2062,HOSPITAL_PRIVADO,RUA DR LACERDA SOBRINHO,225,,CENTRO,28010076,(22)2737-6060,,38,0,9,0,9,0,0,0,0,0,0,0,0,0
202604,SUDESTE,RJ,330350,NOVA IGUACU,3152626,UPNI,URGENCIA PEDIATRICA DE NOVA IGUACU LTDA,M,7,HOSPITAL ESPECIALIZADO,2062,HOSPITAL_PRIVADO,RUA BERNARDINO DE MELO,1465,,CENTRO,26250060,(21)26673724,,37,0,28,0,0,0,16,0,12,0,0,0,0,0
202604,SUDESTE,RJ,330455,RIO DE JANEIRO,3187837,HOSPITAL PRO CARDIACO,ESHO EMPRESA DE SERVICOS HOSPITALARES SA,M,5,HOSPITAL GERAL,2054,HOSPITAL_PRIVADO,RUA DONA MARIANA,217,219 223,BOTAFOGO,22280020,21 2528-1442,SIMONE.BAPTISTA@AMERICASMED.COM.BR,105,0,36,0,36,0,0,0,0,0,0,0,0,0
202604,SUDESTE,RJ,330452,RIO DAS OSTRAS,3193993,HOSPITAL GRAND MATER,HOSPITAL GRAND MATER LTDA,M,5,HOSPITAL GERAL,2062,HOSPITAL_PRIVADO,RUA RIO DE JANEIRO,192,QD16 LT11 12 22 23,EXTENSAO DO BOSQUE,28893334,22 27646406,financeiro@clinicamaterdei.com.br,10,0,0,0,0,0,0,0,0,0,0,0,0,0
202604,SUDESTE,RJ,330610,VALENCA,3211649,HOSPITAL DE CLINICAS MARQUES DE VALENCA,UNIMED MARQUES DE VALENCA COOPERATIVA TRABALHO MEDICO LTDA,M,5,HOSPITAL GERAL,2143,HOSPITAL_PRIVADO,AVENIDA DO CONTORNO,800,,JARDIM VALENCA,27603370,(24) 2453-9700,hcmv@mvalenca.unimed.com.br,20,0,0,0,0,0,0,0,0,0,0,0,0,0
202604,SUDESTE,RJ,330455,RIO DE JANEIRO,3248720,ORTHOS CLINICA,ORTHOS CLINICA DO APARELHO LOCOMOTOR LTDA,M,7,HOSPITAL ESPECIALIZADO,2240,HOSPITAL_PRIVADO,LEOPOLDINA REGO,774,ANEXO 778,PENHA,21021522,21 25642648,,2,0,0,0,0,0,0,0,0,0,0,0,0,0
202604,SUDESTE,RJ,330330,NITEROI,3296806,HOSPITAL SAO LUCAS,HOSPITAL SAO LUCAS DE NITEROI ASSIM MEDICAL LTDA,M,5,HOSPITAL GERAL,2062,HOSPITAL_PRIVADO,RUA DR MARCH,207,,BARRETO,24110650,21 27202090,administracao.hsl@assimmedical.com.br,52,0,0,0,0,0,0,0,0,0,0,0,0,0
202604,SUDESTE,RJ,330100,CAMPOS DOS GOYTACAZES,3315916,CLINICA CIRURGICA E MATERNIDADE LILIA NEVES,CLINICA CIRURGICA E MATERNIDADE LILIA NEVES LTDA,M,5,HOSPITAL GERAL,2062,HOSPITAL_PRIVADO,RUA CONSELHEIRO OTAVIANO,129,,CENTRO,28010140,(22)27333455,,40,0,2,0,0,0,0,0,2,0,0,0,0,0
202604,SUDESTE,RJ,330100,CAMPOS DOS GOYTACAZES,3315924,UTI NEONATAL NICOLA ALBANO,CEPLIN INSTITUTO DE NEONATOLOGIA E PEDIATRIA LTDA,M,7,HOSPITAL ESPECIALIZADO,2062,HOSPITAL_PRIVADO,RUA CONSELHEIRO OTAVIANO,129,,CENTRO,28010140,22 27333755,neoadm@utinicolaalbano.com.br,59,0,58,0,0,0,10,0,48,0,0,0,0,0
202604,SUDESTE,RJ,330455,RIO DE JANEIRO,3333868,HOSPITAL RIOMAR,HOSPITAL DE CLINICAS RIOMAR BARRA LTDA,M,5,HOSPITAL GERAL,2062,HOSPITAL_PRIVADO,AVENIDA CANDIDO PORTINARI,555,,BARRA DA TIJUCA,22793312,,legalizacao.obras@rededor.com.br,84,0,25,0,15,0,0,0,0,0,0,0,10,0
202604,SUDESTE,RJ,330455,RIO DE JANEIRO,3357783,CLINICA ENIO SERRA,CLINICA ENIO SERRA LTDA,M,5,HOSPITAL GERAL,2062,HOSPITAL_PRIVADO,SOARES CABRAL,36,,LARANJEIRAS,22240070,21 21256912,PEFCONTABIL@BOL.COM.BR,45,0,17,0,17,0,0,0,0,0,0,0,0,0
202604,SUDESTE,RJ,330240,MACAE,3410374,UTI NEONATAL NICOLA ALBANO,UTI NEONATAL NICOLA ALBANO LTDA,M,7,HOSPITAL ESPECIALIZADO,2062,HOSPITAL_PRIVADO,RUA MARECHAL DEODORO,565,,CENTRO,27910310,(22)27626436,neoadm@utinicolaalbano.com.br,22,0,21,0,0,0,0,0,21,0,0,0,0,0
202604,SUDESTE,RJ,330330,NITEROI,3450678,CLINICA PATER SAUDE MENTAL ALDEIA,CLINICA PATER LTDA,M,7,HOSPITAL ESPECIALIZADO,2062,HOSPITAL_PRIVADO,CAETANO MONTEIRO,1800,,BADU,24320570,21 27194465,CONCEICAOLEGALIZACAO@GMAIL.COM,70,0,0,0,0,0,0,0,0,0,0,0,0,0
202604,SUDESTE,RJ,330210,ITAOCARA,3470350,HOSPITAL MUNICIPAL DE ITAOCARA,MUNICIPIO DE ITAOCARA,M,5,HOSPITAL GERAL,1244,HOSPITAL_PÚBLICO,PRACA TOLEDO PIZZA,151,,CENTRO,28570000,(22)38612250,hospital_hmi@hotmaill.com,44,44,0,0,0,0,0,0,0,0,0,0,0,0
202604,SUDESTE,RJ,330455,RIO DE JANEIRO,3521133,HOSPITAL CEMERU,AMESC ASSOCIACAO MEDICA ESPIRITA CRISTA,M,5,HOSPITAL GERAL,3999,HOSPITAL_FILANTRÓPICO,AVENIDA FELIPE CARDOSO,1025,,SANTA CRUZ,23510000,2124183389,SOCIETARIA.CONTABILIDADE@CEMERU.COM,115,0,38,0,19,0,9,0,10,0,0,0,0,0
202604,SUDESTE,RJ,330455,RIO DE JANEIRO,3521168,HOSPITAL ILHACOR,CASA DE SAUDE SAO BENTO LTDA,M,5,HOSPITAL GERAL,2062,HOSPITAL_PRIVADO,RUA MANUEL BONFIM,76,,ZUMBI,21930200,,,32,0,0,0,0,0,0,0,0,0,0,0,0,0
202604,SUDESTE,RJ,330455,RIO DE JANEIRO,3531228,SEMIU SERVICOS DE ESP MED E INT DE URGENCIA,SEMIU SERVICOS DE ESPECIALIDADES MEDICAS AMBULATORIAIS E CON,M,5,HOSPITAL GERAL,2062,HOSPITAL_PRIVADO,AV VICENTE DE CARVALHO,1159,,VILA DA PENHA,21210623,21 33915457,gestao@semiu.com.br,175,0,37,0,22,0,0,0,0,0,0,0,15,0
202604,SUDESTE,RJ,330455,RIO DE JANEIRO,3541207,CALREN HOSPITAL DO CALCULO RENAL,CALREN HOSPITAL DE URGENCIAS UROLOGICAS LTDA,M,7,HOSPITAL ESPECIALIZADO,2240,HOSPITAL_PRIVADO,RUA GENERAL ORLANDO GAISEL,100,XXXX,RECREIO DOS BANDEIRA,22790280,(21) 2430-2500,calrenhospital@yahoo.com.br,10,0,1,0,1,0,0,0,0,0,0,0,0,0
202604,SUDESTE,RJ,330455,RIO DE JANEIRO,3543579,HOSPITAL QUALI IPANEMA,INSTITUTO CIRURGICO GABRIEL DE LUCENA LTDA,M,5,HOSPITAL GERAL,2062,HOSPITAL_PRIVADO,BARAO DA TORRE,145,151 E 151 A,IPANEMA,22411001,,,17,0,4,0,4,0,0,0,0,0,0,0,0,0
202604,SUDESTE,RJ,330250,MAGE,3556441,CEMEP,CEMEP CENTRO MEDICO DE PIABETA LTDA,M,7,HOSPITAL ESPECIALIZADO,2062,HOSPITAL_PRIVADO,RUA CARAMURU,108,,PIABETA INHOMIRIM,25931806,(21)27391639,cemepcentromedico@yahoo.com.br,4,0,0,0,0,0,0,0,0,0,0,0,0,0
202604,SUDESTE,RJ,330590,TRAJANO DE MORAES,3584968,HOSPITAL MUNICIPAL FRANCISCO LIMONGI,MUNICIPIO DE TRAJANO DE MORAES,M,5,HOSPITAL GERAL,1244,HOSPITAL_PÚBLICO,RUA NEY FORTUNA,30,ATRAS DO CAMPO,CENTRO,28750000,(22)25641102,hflimongi@hotmail.com,41,41,0,0,0,0,0,0,0,0,0,0,0,0
202604,SUDESTE,RJ,330330,NITEROI,3587053,CENTRO ORTOPEDICO,CENTRO ORTOPEDICO SAO LUCAS LTDA,M,5,HOSPITAL GERAL,2062,HOSPITAL_PRIVADO,GAL PEREIRA DA SILVA,278,,ICARAI,24220031,21 27193535,,53,0,14,0,14,0,0,0,0,0,0,0,0,0
202604,SUDESTE,RJ,330330,NITEROI,3594432,HOSPITAL NITEROI DOR,HOSPITAL FLUMINENSE S A,D,5,HOSPITAL GERAL,2054,HOSPITAL_PRIVADO,SETE DE SETEMBRO,301,ENTR SUPL RUA MARI,SANTA ROSA,24230251,21 26079150,legalizacao.obras@rededor.com.br,158,7,91,0,85,0,6,0,0,0,0,0,0,0
202604,SUDESTE,RJ,330455,RIO DE JANEIRO,3603539,HOSPITAL ISRAELITA ALBERT SABIN,ASSOCIACAO BENEFICENTE ISRAELITA DO RIO DE JANEIRO,M,5,HOSPITAL GERAL,3999,HOSPITAL_FILANTRÓPICO,PROFESSOR GABIZO,319,,MARACANA,20271065,21 21768800,ALFREDO.PAULO@BADIM.COM.BR,56,0,10,0,10,0,0,0,0,0,0,0,0,0
202604,SUDESTE,RJ,330520,SAO PEDRO DA ALDEIA,3621316,HOSPITAL PEDIATRICO LAGOS,HOSPITAL PEDIATRICO LAGOS,M,7,HOSPITAL ESPECIALIZADO,2062,HOSPITAL_PRIVADO,RUA TEIXEIRA BRANDAO,19,,ESTACAO,28941186,(22) 3199 1356,contato@hplagos.med.br,43,0,33,0,0,0,13,0,20,0,0,0,0,0
202604,SUDESTE,RJ,330455,RIO DE JANEIRO,3784630,HOSPITAL DO MEIER,RRM REDE RIO DE MEDICINA LTDA,M,5,HOSPITAL GERAL,2062,HOSPITAL_PRIVADO,TENENTE COSTA,160,,MEIER,20775080,21 32798500,administracao.hm@assimmedical.com.br,32,0,0,0,0,0,0,0,0,0,0,0,0,0
202604,SUDESTE,RJ,330190,ITABORAI,3784916,SES RJ HOSP EST PREF JOAO BATISTA CAFFARO,SECRETARIA DE ESTADO DE SAUDE SES,E,5,HOSPITAL GERAL,1023,HOSPITAL_PÚBLICO,OSORIO COSTA,S/N,NAO HA,CENTRO,24800001,21 26359395,mbiasi@ideas.med.br,128,85,50,7,50,7,0,0,0,0,0,0,0,0
202604,SUDESTE,RJ,330455,RIO DE JANEIRO,3947262,HOSPITAL CASA SANTA CRUZ HOSPITAL GERAL ADMINISTRACAO E GE,HOSPITAL CASA SANTA CRUZ HOSPITAL GERAL ADMINISTRACAO E GE,M,5,HOSPITAL GERAL,2062,HOSPITAL_PRIVADO,RUA NESTOR,00131,,SANTA CRUZ,23515680,,assuntos.regulatorios@hospitalcasa.com.br,84,0,30,0,20,0,10,0,0,0,0,0,0,0
202604,SUDESTE,RJ,330390,PETROPOLIS,3972976,HOSPITAL UNIMED,UNIMED PETROPOLIS COOPERATIVA DE TRABALHO MEDICO,M,5,HOSPITAL GERAL,2143,HOSPITAL_PRIVADO,RUA DO EXPEDICIONARIO,144,,BINGEN,25660290,2291-9840,diretoriahu@unimedpetropolis.com.br,64,0,4,0,0,0,0,0,4,0,0,0,0,0
202604,SUDESTE,RJ,330020,ARARUAMA,3988732,HCLAGOS,HOSPITAL DAS CLINICAS DA REGIAO DOS LAGOS S A,M,5,HOSPITAL GERAL,2054,HOSPITAL_PRIVADO,AV NILO PECANHA,835,EDIFICIO,CENTRO,28979285,2226656040,hclagos@yahoo.com.br,25,0,7,0,7,0,0,0,0,0,0,0,0,0
202604,SUDESTE,RJ,330455,RIO DE JANEIRO,4002806,CLINIPAM,CLINIPAM CLINICA PARANAENSE DE ASSISTENCIA MEDICA LTDA,M,7,HOSPITAL ESPECIALIZADO,2062,HOSPITAL_PRIVADO,ESTRAD DOS TRES RIOS,610,,FREGUESIA,22745005,21 21040705,IVANA.PORTO@HAPVIDA.COM.BR,13,0,0,0,0,0,0,0,0,0,0,0,0,0
202604,SUDESTE,RJ,330455,RIO DE JANEIRO,4012666,CLINIPAM CLINICA PARANAENS DE ASSISTENCIA MEDICA,CLINIPAM CLINICA PARANAENS DE ASSISTENCIA MEDICA LTDA,M,7,HOSPITAL ESPECIALIZADO,2062,HOSPITAL_PRIVADO,ESTRADA DOSTRES RIOS,542,,FREGUESIA,22745005,2121040705,IVANA.PORTO@HAPVIDA.COM.BR,31,0,10,0,0,0,0,0,10,0,0,0,0,0
202604,SUDESTE,RJ,330420,RESENDE,4042859,UTI INFANTIL DO MEDIO PARAIBA,UTI INFANTIL DO MEDIO PARAIBA LTDA,M,7,HOSPITAL ESPECIALIZADO,2062,HOSPITAL_PRIVADO,RUA ELZA DA SILVA DUARTE,71,PISO TERREO,CAMPO DO MANEJO,27520005,(24) 3028-0144,rh@utisupere.com.br,10,0,9,0,0,0,5,0,4,0,0,0,0,0
202604,SUDESTE,RJ,330455,RIO DE JANEIRO,4068432,PLACI BARRA,HOSPITAL PLACI BARRA LTDA,M,5,HOSPITAL GERAL,2062,HOSPITAL_PRIVADO,AVENIDA LUIS CARLOS PRESTES,180,,BARRA DA TIJUCA,22775055,,t.nogueira@placi.com.br,34,0,0,0,0,0,0,0,0,0,0,0,0,0
202604,SUDESTE,RJ,330550,SAQUAREMA,4089189,HOSPITAL MUNICIPAL NOSSA SENHORA DE NAZARETH,MUNICIPIO DE SAQUAREMA,M,5,HOSPITAL GERAL,1244,HOSPITAL_PÚBLICO,FABIO LUCIO DOS SANTOS,158,BARREIRA,VERDE VALE,28994434,22 26514821,SAUDE@SAQUAREMA.RJ.GOV.BR,87,87,20,20,10,10,10,10,0,0,0,0,0,0
202604,SUDESTE,RJ,330040,BARRA MANSA,4090101,SEST SERVICO SOCIAL DO TRANSPORTE,SEST SERVICO SOCIAL DO TRANSPORTE,M,15,UNIDADE MISTA,3077,HOSPITAL_FILANTRÓPICO,JOAO BRABO,05,,BARBARA,27330600,61 33157000,CNPJ@SESTSENAT.ORG.BR,4,0,0,0,0,0,0,0,0,0,0,0,0,0
202604,SUDESTE,RJ,330040,BARRA MANSA,4104269,PLAZA MEDICAL SERVICOS ESPECIALIZADOS EM SAUDE,PLAZA MEDICAL SERVICOS ESPECIALIZADOS EM SAUDE LTDA,M,7,HOSPITAL ESPECIALIZADO,2062,HOSPITAL_PRIVADO,TENENTE JOSE EDUARDO,200,,ANO BOM,27323240,24 33420298,G2CCONTABILIDADE@UOL.COM.BR,10,0,10,0,0,0,0,0,10,0,0,0,0,0
202604,SUDESTE,RJ,330280,MENDES,4123069,SAO MARCELINO CHAMPAGNAT,MUNICIPIO DE MENDES,M,5,HOSPITAL GERAL,1244,HOSPITAL_PÚBLICO,RJ127 KM30,S/N,,GONZALES,26700000,,,61,61,0,0,0,0,0,0,0,0,0,0,0,0
202604,SUDESTE,RJ,330455,RIO DE JANEIRO,4171330,HOSPITAL CASA MENSSANA,HOSPITAL CASA MENSSANA HOSPITAL GERAL ADM E GESTAO HOSP,M,7,HOSPITAL ESPECIALIZADO,2062,HOSPITAL_PRIVADO,RUA MARECHAL JOFRE,30,,GRAJAU,20560185,,,46,0,0,0,0,0,0,0,0,0,0,0,0,0
202604,SUDESTE,RJ,330455,RIO DE JANEIRO,4172140,ORPEXPLOIT BRASIL RESIDENCIAIS E CLINICAS PARA IDOSOS,ORPEXPLOIT BRASIL RESIDENCIAIS E CLINICAS,M,7,HOSPITAL ESPECIALIZADO,2062,HOSPITAL_PRIVADO,PAULO DE FRONTIN,756,,RIO COMPRIDO,20261243,,legalizacao@bslsaude.com.br,60,0,0,0,0,0,0,0,0,0,0,0,0,0
202604,SUDESTE,RJ,330100,CAMPOS DOS GOYTACAZES,4174941,HOSPITAL NURSING CARE,HOSPITAL NURSING CARE LTDA,M,5,HOSPITAL GERAL,2062,HOSPITAL_PRIVADO,AVENIDA DR ARTHUR BERNARDES,1583,1599,FLAMBOYANT II,28015325,22 27242982,ATENDIMENTO@HOSPITALNURSINGCARE.COM.BR,50,0,0,0,0,0,0,0,0,0,0,0,0,0
202604,SUDESTE,RJ,330455,RIO DE JANEIRO,4176030,HOSPITAL DE CLINICAS RIO MAR BARRA HIG,HOSPITAL INTEGRADOS DA GAVEA S A,M,5,HOSPITAL GERAL,2054,HOSPITAL_PRIVADO,AVENIDA CANDIDO PORTINARI,555,,BARRA DA TIJUCA,22793312,,legalizacao.obras@rededor.com.br,84,0,25,0,15,0,0,0,0,0,0,0,10,0
202604,SUDESTE,RJ,330455,RIO DE JANEIRO,4228391,MATERNIDADE PERINATAL BARRA,REDE DOR SAO LUIZ S A,M,7,HOSPITAL ESPECIALIZADO,2046,HOSPITAL_PRIVADO,AVENIDA EMBAIXADOR ABELARDO BUENO,201,LOT 02 PAL 46985,BARRA DA TIJUCA,22775040,2137222000,silvana.moura@rededor.com.br,161,8,81,0,17,0,12,0,52,0,0,0,0,0
202604,SUDESTE,RJ,330240,MACAE,4249216,NOVO HOSPITAL DA UNIMED,UNIMED DE MACAE COOPERATIVA DE ASSISTENCIA A SAUDE,M,5,HOSPITAL GERAL,2143,HOSPITAL_PRIVADO,ESTRADA HEROINA LIMA VIEIRA AZEVEDO,73,,GLORIA,27933030,(22) 2105-8008,diretoriahospital@costadosol.unimed.com.br,153,0,57,0,37,0,10,0,10,0,0,0,0,0
202604,SUDESTE,RJ,330580,TERESOPOLIS,4278399,NEONATAL TERESOPOLIS,REDE DOR SAO LUIZ S A,M,7,HOSPITAL ESPECIALIZADO,2046,HOSPITAL_PRIVADO,DELFIM MOREIRA,2149,3 ANDAR PARTE,VALE DO PARAISO,25976016,21 80537012,marcus.costaf@rededor.com.br,12,0,0,0,0,0,0,0,0,0,0,0,0,0
202604,SUDESTE,RJ,330095,COMENDADOR LEVY GASPARIAN,4296702,CLINICA MEDICA TRIUNFO,CLINICA MEDICATRIUNFO LTDA,M,7,HOSPITAL ESPECIALIZADO,2062,HOSPITAL_PRIVADO,EST UNIAO INDUSTRIA,S/N,KM 142,ZONA RURAL,25875000,(32) 3224-3374,MODERNOSCONTABILIDADE@HOTMAIL.COM,50,0,0,0,0,0,0,0,0,0,0,0,0,0
202604,SUDESTE,RJ,330455,RIO DE JANEIRO,4316908,CENTRO PEDIATRICO DE SAUDE INTEGRADA,CENTRO PEDIATRICO DE SAUDE INTEGRADA LTDA,M,7,HOSPITAL ESPECIALIZADO,2062,HOSPITAL_PRIVADO,AV LINEU DE PAULA MACHADO,64,,LAGOA,22470040,,analistadp@prontobaby.com.br,16,0,0,0,0,0,0,0,0,0,0,0,0,0
202604,SUDESTE,RJ,330455,RIO DE JANEIRO,4549082,LARANJEIRAS PLASTIC DAY,LARANJEIRAS HOSPITAL E CLINICA CIRURGICA LTDA,M,5,HOSPITAL GERAL,2062,HOSPITAL_PRIVADO,SOARES CABRAL,00038,,LARANJEIRAS,22240070,21 41059920,CAAFF.ASSESSORIA.RJ@GMAIL.COM,5,0,0,0,0,0,0,0,0,0,0,0,0,0
202604,SUDESTE,RJ,330455,RIO DE JANEIRO,4575474,SMS MATERNIDADE DA ROCINHA AP 21,SMS RIO MATERNIDADE DA ROCINHA AP 21,M,7,HOSPITAL ESPECIALIZADO,1031,HOSPITAL_PÚBLICO,AV NIEMEYER,776,,SAO CONRADO,22450221,,,9,9,0,0,0,0,0,0,0,0,0,0,0,0
202604,SUDESTE,RJ,330340,NOVA FRIBURGO,4613988,SES RJ HOSPITAL ESTADUAL ONCOLOGICO DE NOVA FRIBURGO,SECRETARIA DE ESTADO DE SAUDE SES,E,7,HOSPITAL ESPECIALIZADO,1023,HOSPITAL_PÚBLICO,AVENIDA HAMBURGO,2379,,PONTE DA SAUDADE,28615230,,,49,40,9,0,9,0,0,0,0,0,0,0,0,0
202604,SUDESTE,RJ,330490,SAO GONCALO,4628799,HOSPITAL GERAL DE SAO GONCALO,MUNICIPIO DE SAO GONCALO,M,5,HOSPITAL GERAL,1244,HOSPITAL_PÚBLICO,RUA SA CARVALHO,686,,VILA IARA,24440710,,,94,54,40,0,40,0,0,0,0,0,0,0,0,0
202604,SUDESTE,RJ,330630,VOLTA REDONDA,4643488,PLAZA MEDICAL SERVICOS ESPECIALIZADOS EM SAUDE LTDA,PLAZA MEDICAL SERVICOS ESPECIALIZADOS EM SAUDE LTDA,M,7,HOSPITAL ESPECIALIZADO,2062,HOSPITAL_PRIVADO,NOSSA SENHORA DAS GRACAS,235,PARTE,SAO GERALDO,27253610,24 33420298,G2CCONTABILIDADE@UOL.COM.BR,11,1,10,0,0,0,0,0,10,0,0,0,0,0
202604,SUDESTE,RJ,330455,RIO DE JANEIRO,4734785,IPANEMA SERV DE ASSIST MED CIR INF,IPANEMA SERV DE ASSIST MED CIR INF LTDA,M,7,HOSPITAL ESPECIALIZADO,2062,HOSPITAL_PRIVADO,AV EPITACIO PESSOA,5030,,LAGOA,22471006,,analistadp@prontobaby.com.br,1,0,0,0,0,0,0,0,0,0,0,0,0,0
202604,SUDESTE,RJ,330490,SAO GONCALO,4766679,VISATTO SERVICOS MEDICOS OFTALMOLOGICOS LTDA,VISATTO SERVICOS MEDICOS OFTALMOLOGICOS LTDA,M,7,HOSPITAL ESPECIALIZADO,2062,HOSPITAL_PRIVADO,DR NILO PECANHA,56,SALAS 04 05 06 07,CENTRO,24445360,(22) 98824-3382,VISATTOFINANCEIRO@GMAIL.COM,1,1,0,0,0,0,0,0,0,0,0,0,0,0
202604,SUDESTE,RJ,330170,DUQUE DE CAXIAS,4832256,HOSPITAL MUNICIPAL DO CORACAO SAO JOSE,SECRETARIA MUNICIPAL DE SAUDE DE DUQUE DE CAXIAS,M,7,HOSPITAL ESPECIALIZADO,1031,HOSPITAL_PÚBLICO,RUA NOBRE DE LACERDA,111,,VILA FLAVIA,25010260,,,48,18,30,0,30,0,0,0,0,0,0,0,0,0
202604,SUDESTE,RJ,330100,CAMPOS DOS GOYTACAZES,4888030,HOSPITAL DE OLHOS DE CAMPOS,HOSPITAL DE OLHOS DE CAMPOS LTDA,M,7,HOSPITAL ESPECIALIZADO,2062,HOSPITAL_PRIVADO,28 DE MARCO,545,,PARQUE SANTO AMARO,28020740,22 21312647,CONTATO@ESCRIMAR.COM.BR,1,0,0,0,0,0,0,0,0,0,0,0,0,0
202604,SUDESTE,RJ,330240,MACAE,4906349,HOSPITAL MACAE,PACIFICO OPERACOES HOSPITALARES S A,M,5,HOSPITAL GERAL,2054,HOSPITAL_PRIVADO,AVENIDA ALUIZIO DA SILVA GOMES,787,,GLORIA,27930560,(22) 2763-4000,legalizacao.obras@rededor.com.br,98,0,35,0,25,0,0,0,10,0,0,0,0,0
202604,SUDESTE,RJ,330455,RIO DE JANEIRO,4922816,REVIT HOSPITAIS,REVIT HOSPITAIS LTDA,M,5,HOSPITAL GERAL,2062,HOSPITAL_PRIVADO,R JARDIM BOTANICO,660,,JARDIM BOTANICO,22461002,(21) 2508-1637,FINANCEIRO@ELDRY.COM.BR,40,0,0,0,0,0,0,0,0,0,0,0,0,0
202604,SUDESTE,RJ,330490,SAO GONCALO,4930371,HOSPITAL SAO LUCAS DE NITEROI ASSIM MEDICAL,HOSPITAL SAO LUCAS DE NITEROI ASSIM MEDICAL LTDA,M,5,HOSPITAL GERAL,2062,HOSPITAL_PRIVADO,R CORONEL SERRADO,688,,ZE GAROTO,24440001,(21) 2102-9782,,20,0,0,0,0,0,0,0,0,0,0,0,0,0
202604,SUDESTE,RJ,330455,RIO DE JANEIRO,4935306,HOSPITAL BARRA DOR II,HOSPITAL ESPERANCA SA,M,5,HOSPITAL GERAL,2054,HOSPITAL_PRIVADO,AVENIDA NELSON MUFARREJ,255,,BARRA DA TIJUCA,22775050,(21)24303600,marcus.costaf@rededor.com.br,203,0,56,0,36,0,0,0,0,0,0,0,20,0
202604,SUDESTE,RJ,330455,RIO DE JANEIRO,5034302,TIJUTRAUMA 613,CENTRO ORTOPEDICO TRAUMATOLOGICO TIJUCA LTDA,M,7,HOSPITAL ESPECIALIZADO,2062,HOSPITAL_PRIVADO,ANTONIO BASILIO,613,,TIJUCA,20511190,,,62,0,0,0,0,0,0,0,0,0,0,0,0,0
202604,SUDESTE,RJ,330420,RESENDE,5042062,NEOVIDA RESENDE,CENTRO DE TERAPIA INTENSIVA NEOVIDA RESENDE LTDA,M,7,HOSPITAL ESPECIALIZADO,2062,HOSPITAL_PRIVADO,RUA CADETE EDSON,38,1 ANDAR,MONTESE,27541060,(24) 3355-8114/8390,neovidaresende@gmail.com,17,0,15,0,0,0,5,0,10,0,0,0,0,0
202604,SUDESTE,RJ,330330,NITEROI,5042488,MATERNIDADE MUNICIPAL DRA ALZIRA REIS VIEIRA FERREIRA,FUNDACAO MUNICIPAL DE SAUDE DE NITEROI,M,7,HOSPITAL ESPECIALIZADO,1155,HOSPITAL_PÚBLICO,RUA CARLOS ERMELINDO MARINS,S/N,,JURUJUBA,24370195,2136110107,admmarvf2@gmail.com,32,32,0,0,0,0,0,0,0,0,0,0,0,0
202604,SUDESTE,RJ,330280,MENDES,5057531,HOSPITAL MUNICIPAL SANTA MARIA,MUNICIPIO DE MENDES,M,5,HOSPITAL GERAL,1244,HOSPITAL_PÚBLICO,RUA CAPITAO MEXIAS,112,,CENTRO,26700000,2424652240,,22,21,0,0,0,0,0,0,0,0,0,0,0,0
202604,SUDESTE,RJ,330320,NILOPOLIS,5073898,DOMINGOS LOURENCO HOSPITAL E MATERNIDADE,CLINICA MATERNO INFANTIL DOMINGOS LOURENCO LTDA,M,7,HOSPITAL ESPECIALIZADO,2240,HOSPITAL_PRIVADO,RUA ALFREDO GONCALVES FILGUEIRAS,230,,CENTRO,26525060,21 32369300,assdir@domingoslourenco.com.br,61,0,31,0,1,0,0,0,30,0,0,0,0,0
202604,SUDESTE,RJ,330460,SANTA MARIA MADALENA,5095824,HOSPITAL BASILEU ESTRELA,MUNICIPIO DE SANTA MARIA MADALENA,M,5,HOSPITAL GERAL,1244,HOSPITAL_PÚBLICO,RUA BARAO DE MACABU,17,,CENTRO,28770000,2225611768,,23,23,0,0,0,0,0,0,0,0,0,0,0,0
202604,SUDESTE,RJ,330100,CAMPOS DOS GOYTACAZES,5108969,HOSPITAL UNIMED,UNIMED CAMPOS COOPERATIVA TRABALHO MEDICO,M,5,HOSPITAL GERAL,2143,HOSPITAL_PRIVADO,RUA VISCONDE DE ITABORAI,347,,PQ ROSARIO,28027142,22 21010650,,125,0,29,0,19,0,4,0,6,0,0,0,0,0
202604,SUDESTE,RJ,330455,RIO DE JANEIRO,5158044,HOSPITAL NAVAL MARCILIO DIAS,COMANDO DA MARINHA,M,5,HOSPITAL GERAL,1015,HOSPITAL_PÚBLICO,CESAR ZAMA,185,,LINS DE VASCONCELOS,20725090,,,561,0,67,0,41,0,6,0,10,0,0,0,10,0
202604,SUDESTE,RJ,330455,RIO DE JANEIRO,5160308,PRONTOBABY HOSPITAL DA CRIANCA,PRONTOBABY HOSPITAL DA CRIANCA LTDA,M,7,HOSPITAL ESPECIALIZADO,2062,HOSPITAL_PRIVADO,RUA ADOLFO MOTA 81,81,,TIJUCA,20540100,,,130,0,41,0,0,0,41,0,0,0,0,0,0,0
202604,SUDESTE,RJ,330455,RIO DE JANEIRO,5188326,LLAK MEDICINA NEONATAL LTDA MATRIZ,LLAK MEDICINA NEONATAL LTDA,M,7,HOSPITAL ESPECIALIZADO,2062,HOSPITAL_PRIVADO,RUA SILVA CARDOSO,711,3 ANDAR,BANGU,21810031,2124132003,ursula@neonatal.com.br,2,0,1,0,0,0,0,0,1,0,0,0,0,0
202604,SUDESTE,RJ,330350,NOVA IGUACU,5237424,HOSPITAL CATARINA,HOSPITAL CLINICO CIRURGICO CATARINA LTDA,M,5,HOSPITAL GERAL,2062,HOSPITAL_PRIVADO,AVENIDA ABILIO AUGUSTO TAVORA 2451,2451,LOTE 10,DA LUZ,26260045,(21) 97148-8942,CONTATO@HOSPITALCATARINA.COM.BR,5,0,0,0,0,0,0,0,0,0,0,0,0,0
202604,SUDESTE,RJ,330330,NITEROI,5264359,GERIATRIC S,RICARDO RODRIG E MARENIZIA B S RODRIG CONSULTORIOS LTDA,M,15,UNIDADE MISTA,2054,HOSPITAL_PRIVADO,ALMIRANTE ARY PARREIRAS,712,,VITAL BRASIL,24230322,21 93160792,,10,0,0,0,0,0,0,0,0,0,0,0,0,0
202604,SUDESTE,RJ,330411,PORTO REAL,5307864,HOSPITAL GERAL MUNICIPAL SAO FRANCISCO DE ASSIS,MUNICIPIO DE PORTO REAL,M,5,HOSPITAL GERAL,1244,HOSPITAL_PÚBLICO,AVENIDA RENATO MONTEIRO,1235,,CENTRO,27570000,2433534201,controleavaliacaopr@gmail.com,64,60,10,6,10,6,0,0,0,0,0,0,0,0
202604,SUDESTE,RJ,330455,RIO DE JANEIRO,5328942,CLINICA PEDIATRICA DA BARRA,CLINICA PEDIATRICA DA BARRA LTDA,M,21,PRONTO SOCORRO ESPECIALIZADO,2062,HOSPITAL_PRIVADO,AV DAS AMERICAS,4666,328 329,BARRA DA TIJUCA,22631004,21 34311000,pediatria@cmb.com.br,14,0,0,0,0,0,0,0,0,0,0,0,0,0
202604,SUDESTE,RJ,330555,SEROPEDICA,5349893,HOSPITAL MATERNIDADE MUNICIPAL DE SEROPEDICA,MUNICIPIO DE SEROPEDICA,M,7,HOSPITAL ESPECIALIZADO,1244,HOSPITAL_PÚBLICO,AV HALBERT ALVES DOS SANTOS,S/N,,INCRA,23890600,2126821532,hmmseropedica@hotmail.com,29,29,0,0,0,0,0,0,0,0,0,0,0,0
202604,SUDESTE,RJ,330455,RIO DE JANEIRO,5354684,UROCLIN,CLINICA ESPECIALIZADA EM UROLOGIA DE CAMPO GRANDE LTDA,M,7,HOSPITAL ESPECIALIZADO,2062,HOSPITAL_PRIVADO,RUA GENERAL ORLANDO GEISEL,100,LT 12 PAL 19672 Q117,RECREIO DOS BANDEIRA,22790280,21 24302504,UROLOGIACLIN@GMAIL.COM,1,0,0,0,0,0,0,0,0,0,0,0,0,0
202604,SUDESTE,RJ,330455,RIO DE JANEIRO,5355699,HOSPITAL DE CLINICAS SANTA CRUZ,HOSPITAL DE CLINICAS SANTA CRUZ LTDA,M,5,HOSPITAL GERAL,2062,HOSPITAL_PRIVADO,RUA FELIPE CARDOSO,759,,SANTA CRUZ,23510006,21039198,segurancatrab@hospitalmemorialsantacruz.com.br,46,0,10,0,10,0,0,0,0,0,0,0,0,0
202604,SUDESTE,RJ,330455,RIO DE JANEIRO,5358833,UFRJ INSTITUTO DE DOENCAS DO TORAX,UNIVERSIDADE FEDERAL DO RIO DE JANEIRO,M,7,HOSPITAL ESPECIALIZADO,1104,HOSPITAL_PÚBLICO,RUA PROFESSOR RODOLPHO PAULO ROCCO,255,01D58,ILHA DO FUNDAO,21941913,21 3938-2887,direcao@idt.ufrj.br,8,8,0,0,0,0,0,0,0,0,0,0,0,0
202604,SUDESTE,RJ,330170,DUQUE DE CAXIAS,5364515,HSCOR,HS COR HOSPITAL DO CORACAO DE DUQUE DE CAXIAS LTDA,M,5,HOSPITAL GERAL,2062,HOSPITAL_PRIVADO,GENERAL MITRE,110,,JARDIM 25 DE AGOSTO,25075100,21 21968012,,79,18,40,10,30,10,0,0,0,0,0,0,10,0
202604,SUDESTE,RJ,330455,RIO DE JANEIRO,5409063,HOSPITAL RIO LARANJEIRAS,HOSPITAL RIO LARANJEIRAS LTDA,M,5,HOSPITAL GERAL,2240,HOSPITAL_PRIVADO,DAS LARANJEIRAS,72,,LARANJEIRAS,22240000,21 31818647,assuntos.regulatorios@hospitalcasa.com.br,96,0,30,0,30,0,0,0,0,0,0,0,0,0
202604,SUDESTE,RJ,330240,MACAE,5412447,HOSPITAL PUBLICO MUNICIPAL DE MACAE HPM,MUNICIPIO DE MACAE,M,5,HOSPITAL GERAL,1244,HOSPITAL_PÚBLICO,ROD RJ 168,S/N,KM 04,VIRGEM SANTA,27910000,2227730061,faturamento.hpm@macae.rj.gov.br,274,258,46,34,30,30,6,4,10,0,0,0,0,0
202604,SUDESTE,RJ,330455,RIO DE JANEIRO,5414830,CLINICA CRISTO REI,CLINICA CRISTO REI LTDA,M,5,HOSPITAL GERAL,2062,HOSPITAL_PRIVADO,AVENIDA LOBO JUNIOR,695,,PENHA CIRCULAR,21020124,,,91,0,7,0,7,0,0,0,0,0,0,0,0,0
202604,SUDESTE,RJ,330200,ITAGUAI,5435153,UNIDADE BASICA DE SAUDE DR ALFREDO DE CARVALHO MAIO,UNIDADE BASICA DE SAUDE DR ALFREDO DE CARVALHO MAIO,M,15,UNIDADE MISTA,1244,HOSPITAL_PÚBLICO,RUA SAO BENEDITO,S/N,LT 22 23 E 24 QD13,VILA GENY,23826010,2137812799,ubsvilageny@itaguai.rj.gov.br,1,1,0,0,0,0,0,0,0,0,0,0,0,0
202604,SUDESTE,RJ,330045,BELFORD ROXO,5445329,CONTEX SOLUCOES E SERVICOS LTDA,CONTEX SOLUCOES E SERVICOS LTDA,M,7,HOSPITAL ESPECIALIZADO,2062,HOSPITAL_PRIVADO,BENJAMIM PINTO DIAS,1677,,CENTRO,26130001,21 26676676,CONTEX@GMAIL.COM,64,64,0,0,0,0,0,0,0,0,0,0,0,0
202604,SUDESTE,RJ,330320,NILOPOLIS,5478898,SES RJ HOSPITAL ESTADUAL VEREADOR MELCHIADES CALAZANS,SECRETARIA DE ESTADO DE SAUDE DO RIO DE JANEIRO,E,7,HOSPITAL ESPECIALIZADO,1023,HOSPITAL_PÚBLICO,RUA JOAO DE CASTRO,1250,,CABUIS,26540390,37611648,faturamento.htob@gmail.com,99,86,6,6,6,6,0,0,0,0,0,0,0,0
202604,SUDESTE,RJ,330350,NOVA IGUACU,5650852,SES RJ INSTITUTO ESTADUAL DE ONCOLOGIA DA BAIXADA,SECRETARIA DE ESTADO DE SAUDE SES,E,7,HOSPITAL ESPECIALIZADO,1023,HOSPITAL_PÚBLICO,AV BALTIMORE,23,,JARDIM ESPLANADA,26013320,,faturamento.oncobxd@gmail.com,100,81,19,0,19,0,0,0,0,0,0,0,0,0
202604,SUDESTE,RJ,330420,RESENDE,5681359,HOSPITAL MILITAR DE RESENDE,HOSPITAL MILITAR DE RESENDE,M,5,HOSPITAL GERAL,1015,HOSPITAL_PÚBLICO,RODOVIA PRESIDENTE DUTRA,306,,INDEPENDENCIA,27534970,(24) 3388-4753,,46,0,0,0,0,0,0,0,0,0,0,0,0,0
202604,SUDESTE,RJ,330070,CABO FRIO,5691710,PROCOR,L H EMPREENDIMENTOS MEDICOS LTDA,M,5,HOSPITAL GERAL,2062,HOSPITAL_PRIVADO,RUA ARIZIO GOMES DA COSTA,184,,JARDIM FLAMBOYANT,28905320,22 26457051,,58,0,0,0,0,0,0,0,0,0,0,0,0,0
202604,SUDESTE,RJ,330455,RIO DE JANEIRO,5717256,SMS HOSPITAL MUNICIPAL RONALDO GAZOLLA AP 33,EMPRESA PUBLICA DE SAUDE DO RIO DE JANEIRO S A RIOSAUDE,M,5,HOSPITAL GERAL,2011,HOSPITAL_PRIVADO,AV PASTOR MARTIN LUTHER KING,10976,,ACARI,21531010,(21)2088-4600,,425,425,245,245,245,245,0,0,0,0,0,0,0,0
202604,SUDESTE,RJ,330330,NITEROI,5738296,NEOTIN PEC,NEOTIN PEC UNIDADES MEDICAS INTENSIVAS LTDA,M,7,HOSPITAL ESPECIALIZADO,2062,HOSPITAL_PRIVADO,GUARARAPES,90,,SAO FRANCISCO,24360150,21 36179876,MARCELLO.TORRES@HMSAOFRANCISCO.COM.BR,7,0,0,0,0,0,0,0,0,0,0,0,0,0
202604,SUDESTE,RJ,330330,NITEROI,5738318,NEOTIN CIRURGIAS,NEOTIN CIRURGIAS LTDA,M,7,HOSPITAL ESPECIALIZADO,2062,HOSPITAL_PRIVADO,GUARARAPES,90,,SAO FRANCISCO,24360150,21 36179876,MARCELLO.TORRES@HMSAOFRANCISCO.COM.BR,60,0,30,0,0,0,10,0,20,0,0,0,0,0
202604,SUDESTE,RJ,330045,BELFORD ROXO,5811406,INSTITUTO ELISA DE CASTRO,INSTITUTO ELISA DE CASTRO,M,5,HOSPITAL GERAL,3999,HOSPITAL_FILANTRÓPICO,DJALMA RIBEIRO DE ANDRADE,5,,AREIA BRANCA,26112140,21 25322055,FISCALLDA@LDACONSULTORIA.COM,94,94,0,0,0,0,0,0,0,0,0,0,0,0
202604,SUDESTE,RJ,330040,BARRA MANSA,5829593,ANGIO BARRA,ANGIO BARRA MANSA HEMODINAMICA E CIRURGIAS CARDIOVASCULARES,M,7,HOSPITAL ESPECIALIZADO,2240,HOSPITAL_PRIVADO,PINTO RIBEIRO,205,ANDAR 2,CENTRO,27310420,24 33485060,,5,0,0,0,0,0,0,0,0,0,0,0,0,0
202604,SUDESTE,RJ,330170,DUQUE DE CAXIAS,5837618,HGF HOSPITAL GERAL NOSSA SENHORA DE FATIMA,HOSPITAL GERAL NOSSA SENHORA DE FATIMA LTDA,M,5,HOSPITAL GERAL,2062,HOSPITAL_PRIVADO,RUA VOLUNTARIOS DA PATRIA,257,CONJ PART,JARDIM 25 DE AGOSTO,25075030,,,55,0,10,0,10,0,0,0,0,0,0,0,0,0
202604,SUDESTE,RJ,330040,BARRA MANSA,5878640,HOSPITAL MATERNIDADE THERESA SACCHI DE MOURA,HOSPITAL MATERNO INFANTIL DE BARRA MANSA,M,7,HOSPITAL ESPECIALIZADO,1031,HOSPITAL_PÚBLICO,RUA TEN JOSE EDUARDO,200,,ANO BOM,27323240,02433245991,,38,38,0,0,0,0,0,0,0,0,0,0,0,0
202604,SUDESTE,RJ,330045,BELFORD ROXO,5886740,MATERNIDADE MUNICIPAL DE BELFORD ROXO,MUNICIPIO DE BELFORD ROXO,M,7,HOSPITAL ESPECIALIZADO,1244,HOSPITAL_PÚBLICO,AVENIDA BENJAMIN PINTO DIAS,S/N,,CENTRO,26116200,,,60,54,0,0,0,0,0,0,0,0,0,0,0,0
202604,SUDESTE,RJ,330045,BELFORD ROXO,5892732,DESAM,DESENVOLVIMENTO DE ASSISTENCIA MULTIPLA DESAM,M,5,HOSPITAL GERAL,3999,HOSPITAL_FILANTRÓPICO,BENJAMIM PINTO DIAS,1000,HOSPITAL,CENTRO,26130001,24 24712980,ADM@DESAM.COM.BR,31,0,0,0,0,0,0,0,0,0,0,0,0,0
202604,SUDESTE,RJ,330070,CABO FRIO,5903394,HOSPITAL MUNICIPAL DA MULHER EM CABO FRIO,HOSPITAL MUNICIPAL DA MULHER EM CABO FRIO,M,7,HOSPITAL ESPECIALIZADO,1031,HOSPITAL_PÚBLICO,FLORISBELA PENA,S/N,,BRAGA,28908050,22 26462506,CONTABILIDADE_SAUDE@CABOFRIO.RJ.GOV.BR,50,41,0,0,0,0,0,0,0,0,0,0,0,0
202604,SUDESTE,RJ,330455,RIO DE JANEIRO,5942292,CLINICA REVITALIS BARRA,CLINICA REVITALIS BARRA LTDA,M,7,HOSPITAL ESPECIALIZADO,2062,HOSPITAL_PRIVADO,EST BARRA DA TIJUCA,01020,,ITANHANGA,22641003,(21) 2529-2977,REVITALIS@CLINICAREVITALIS.COM.BR,47,0,0,0,0,0,0,0,0,0,0,0,0,0
202604,SUDESTE,RJ,330390,PETROPOLIS,5968879,CLINICA POUSADA DAS BROMELIAS,CASA DE SAUDE SANTA MONICA LTDA,M,7,HOSPITAL ESPECIALIZADO,2062,HOSPITAL_PRIVADO,RUA BISPO DOM JOSE PEREIRA ALVES,235,CASA,VALPARAISO,25685140,2422482289,pousada.das.bromelias@hotmail.com,30,0,0,0,0,0,0,0,0,0,0,0,0,0
202604,SUDESTE,RJ,330170,DUQUE DE CAXIAS,6007317,HOSPITAL MUNICIPAL MOACYR RODRIGUES DO CARMO,SECRETARIA MUNICIPAL DE SAUDE DE DUQUE DE CAXIAS,M,5,HOSPITAL GERAL,1031,HOSPITAL_PÚBLICO,ROD WASHINGTON LUIS,3200,,VILA SAO LUIZ,25085009,26721090 26723857,cnes.hmmrc.upa@gmail.com,321,311,30,20,30,20,0,0,0,0,0,0,0,0
202604,SUDESTE,RJ,330455,RIO DE JANEIRO,6043941,HOSPITAL CENTRAL DA AERONAUTICA HCA,HOSPITAL CENTRAL DA AERONAUTICA HCA,M,5,HOSPITAL GERAL,1015,HOSPITAL_PÚBLICO,RUA BARAO DE ITAPAGIPE,167,,RIO COMPRIDO,20261000,(21)3501-3100,dmd.hca@gmail.com,82,0,19,0,9,0,0,0,10,0,0,0,0,0
202604,SUDESTE,RJ,330100,CAMPOS DOS GOYTACAZES,6050476,HEMOCARDIO LTDA CARDIOCAMPOS,HEMOCARDIO LTDA,M,7,HOSPITAL ESPECIALIZADO,2240,HOSPITAL_PRIVADO,RUA SALDANHA MARINHO,480,1 ANDAR,CENTRO,28010272,2227345859,hemocardio@gmail.com,4,0,0,0,0,0,0,0,0,0,0,0,0,0
202604,SUDESTE,RJ,330452,RIO DAS OSTRAS,6069134,HOSPITAL MUNICIPAL DRA NAELMA MONTEIRO DA SILVA,MUNICIPIO RIO DAS OSTRAS,M,5,HOSPITAL GERAL,1244,HOSPITAL_PÚBLICO,RUA NILDON LUSTOSA,S/N,,PARQUE ZABULAO,28893800,22 27716329,hmro@pmro.rj.gov.br,63,57,6,0,6,0,0,0,0,0,0,0,0,0
202604,SUDESTE,RJ,330010,ANGRA DOS REIS,6086497,ANGRACOR SERVICOS HOSPITALARES LTDA,ANGRACOR SERVICOS HOSPITALARES LTDA,M,5,HOSPITAL GERAL,2240,HOSPITAL_PRIVADO,RUA MILTON BASILIO PEREIRA,455,,PARQUE DAS PALMEIRAS,23906270,2433650630,,5,0,5,0,5,0,0,0,0,0,0,0,0,0
202604,SUDESTE,RJ,330170,DUQUE DE CAXIAS,6121705,UTI RIO SERVICOS MEDICOS LTDA,UTI RIO SERVICOS MEDICOS LTDA,M,5,HOSPITAL GERAL,2240,HOSPITAL_PRIVADO,RUA CONDE DE PORTO ALEGRE,271,PARTE,25 DE AGOSTO,25070350,21-3672-8700,leandrohdl@uol.com.br,51,0,50,0,0,0,10,0,40,0,0,0,0,0
202604,SUDESTE,RJ,330185,GUAPIMIRIM,6146376,HOSPITAL MUNICIPAL JOSE RABELLO DE MELLO,PREFEITURA MUNICIPAL DE GUAPIMIRIM,M,5,HOSPITAL GERAL,1244,HOSPITAL_PÚBLICO,RUA OSVALDO CRUZ,0,,BANANAL,25946497,2126323169,sms@guapimirim.rj.gov.br,82,72,10,0,10,0,0,0,0,0,0,0,0,0
202604,SUDESTE,RJ,330455,RIO DE JANEIRO,6176666,HOSPITAL RIOS DOR,MEDISE MEDICINA DIAGNOSTICO E SERVICOS S A,M,5,HOSPITAL GERAL,2054,HOSPITAL_PRIVADO,DOS TRES RIOS,1316,1366 FREGUESIA,JACAREPAGUA,22745005,21 22833448,,138,0,41,0,34,0,7,0,0,0,0,0,0,0
202604,SUDESTE,RJ,330455,RIO DE JANEIRO,6183948,CASA DE SAUDE SAO JOAO DE DEUS,SAMOC S A SOCIEDADE ASSITENCIAL MEDICA E ODONTO CIRURGICA,M,5,HOSPITAL GERAL,2054,HOSPITAL_PRIVADO,ALMIRANTE ALEXANDRINO,2696,,SANTA TEREZA,20241263,(21)3233-1018,,8,0,7,0,7,0,0,0,0,0,0,0,0,0
202604,SUDESTE,RJ,330023,ARMACAO DOS BUZIOS,6200702,HOSPITAL MUNICIPAL DR RODOLPHO PERISSE,PREFEITURA MUNICIPAL DE ARMACAO DOS BUZIOS,M,5,HOSPITAL GERAL,1031,HOSPITAL_PÚBLICO,ESTRADA DOS BUZIOS,S/N,HOSPITAL,SAO JOSE,28958580,2226237622,saudebuzios@gmail.com,93,91,10,10,10,10,0,0,0,0,0,0,0,0
202604,SUDESTE,RJ,330440,RIO CLARO,6232094,HOSPITAL MUNICIPAL NOSSA SENHORA DA PIEDADE,SECRETARIA MUNICIPAL DE SAUDE DE RIO CLARO,M,5,HOSPITAL GERAL,1244,HOSPITAL_PÚBLICO,RODOVIA FRANCISCO SATURNINO BRAGA,9831,,GUARITA,27460000,24 33321611/33321798,fusarc.infdados@rioclaro.rj.gov.br,43,43,0,0,0,0,0,0,0,0,0,0,0,0
202604,SUDESTE,RJ,330455,RIO DE JANEIRO,6257100,UNIDADE INTEGRADA DE SAUDE MENTAL,COMANDO DA MARINHA,M,7,HOSPITAL ESPECIALIZADO,1015,HOSPITAL_PÚBLICO,MARECHAL SEREJO,539,,JACAREPAGUA,22743380,(21) 3312-4900,uism.secom@marinha.mil.br,56,0,0,0,0,0,0,0,0,0,0,0,0,0
202604,SUDESTE,RJ,330045,BELFORD ROXO,6291724,NEOPED,NEOPED UNIDADE NEONATAL E PEDIATRICA LTDA,M,7,HOSPITAL ESPECIALIZADO,2240,HOSPITAL_PRIVADO,BENJAMIN PINTO DIAS,1000,PARTE,CENTRO,26130000,21 26622400,josealbertovieira@globo.com,4,0,1,0,0,0,0,0,1,0,0,0,0,0
202604,SUDESTE,RJ,330040,BARRA MANSA,6392415,INTENSI BABY,CENTRO PERINATAL E PEDIATRICO SANTA MARIA LTDA,M,7,HOSPITAL ESPECIALIZADO,2062,HOSPITAL_PRIVADO,RUA TENENTE JOSE EDUARDO,585,,ANO BOM,27323240,33221788,intensibaby@gmail.com.br,10,0,6,0,0,0,2,0,4,0,0,0,0,0
202604,SUDESTE,RJ,330455,RIO DE JANEIRO,6427138,HOSPITAL DE CLINICAS SAO MATHEUS,AMA ASSISTENCIA MEDICA ALTERNATIVA LTDA,M,5,HOSPITAL GERAL,2062,HOSPITAL_PRIVADO,SILVA CARDOSO,689,,BANGU,21810031,21 24017396,clinicama@ig.com.br,136,0,32,0,20,0,0,0,12,0,0,0,0,0
202604,SUDESTE,RJ,330510,SAO JOAO DE MERITI,6518893,SES RJ HOSPITAL DA MULHER HELONEIDA STUDART,SECRETARIA DE ESTADO DE SAUDE SES,E,7,HOSPITAL ESPECIALIZADO,1023,HOSPITAL_PÚBLICO,AUTOMOVEL CLUBE,S/N,LOTE 1745,JARDIM JOSE BONIFACI,25565171,21 26519600,,134,134,30,30,10,10,0,0,20,20,0,0,0,0
202604,SUDESTE,RJ,330630,VOLTA REDONDA,6635148,HOSPITAL UNIMED,UNIMED DE VOLTA REDONDA COOPERATIVA DE TRABALHO MEDICO,M,5,HOSPITAL GERAL,2143,HOSPITAL_PRIVADO,DOS METALURGICOS,2490,,CASA DE PEDRA,27258000,24 21027007,NUCLEOFISCAL@UNIMEDVR.COM.BR,253,10,50,10,30,10,9,0,11,0,0,0,0,0
202604,SUDESTE,RJ,330455,RIO DE JANEIRO,6638309,QUALI DIAGNOSE,LORD SERVICOS MEDICOS LTDA,M,5,HOSPITAL GERAL,2062,HOSPITAL_PRIVADO,BARAO DA TORRE,00145,NUM 00151 151 A,IPANEMA,22411001,21 86343108,GER.ADMINISTRATIVA@QUALIIPANEMA.COM.BR,10,0,0,0,0,0,0,0,0,0,0,0,0,0
202604,SUDESTE,RJ,330500,SAO JOAO DA BARRA,6656951,CENTRO MUNICIPAL DE EMERGENCIA,MUNICIPIO DE SAO JOAO DA BARRA,M,5,HOSPITAL GERAL,1244,HOSPITAL_PÚBLICO,BR 356,S/N,FUNDOS,CENTRO,28200000,,,34,34,0,0,0,0,0,0,0,0,0,0,0,0
202604,SUDESTE,RJ,330455,RIO DE JANEIRO,6670504,LLAK MEDICINA NEONATAL BANGU,LLAK MEDICINA NEONATAL LTDA,M,7,HOSPITAL ESPECIALIZADO,2062,HOSPITAL_PRIVADO,SILVA CARDOSO,689,3 ANDAR,BANGU,21810031,21 24132003,llak@neonatal.com.br,25,0,0,0,0,0,0,0,0,0,0,0,0,0
202604,SUDESTE,RJ,330455,RIO DE JANEIRO,6681573,HOSPITAL NORTE DOR,HOSPITAL NORTE DOR DE CASCADURA SA,M,5,HOSPITAL GERAL,2054,HOSPITAL_PRIVADO,RUA CAROLINA MACHADO,38,,CASCADURA,21351021,21 37473600,diretoria@nortedor.com.br,146,0,40,0,40,0,0,0,0,0,0,0,0,0
202604,SUDESTE,RJ,330455,RIO DE JANEIRO,6716849,SMS CENTRO DE EMERGENCIA REGIONAL CER LEBLON AP 21,SMS RIO CENTRO DE EMERGENCIA REGIONAL CER LEBLON AP 21,M,20,PRONTO SOCORRO GERAL,1031,HOSPITAL_PÚBLICO,RUA MARIO RIBEIRO,1080,,LEBLON,22430160,2529-9227,coord.adm.cerleblon@fas.org.br,15,1,14,0,14,0,0,0,0,0,0,0,0,0
202604,SUDESTE,RJ,330455,RIO DE JANEIRO,6716938,SMS CENTRO DE EMERGENCIA REGIONAL CER BARRA AP 40,SMS RIO CENTRO DE EMERGENCIA REGIONAL CER BARRA AP 40,M,20,PRONTO SOCORRO GERAL,1031,HOSPITAL_PÚBLICO,AVENIDA AYRTON SENNA,2000,,BARRA DA TIJUCA,22793000,35507060,coord.emerg.barra.riosaude@gmail.com,6,0,0,0,0,0,0,0,0,0,0,0,0,0
202604,SUDESTE,RJ,330330,NITEROI,6734014,HOSPITAL ICARAI,CLINICA SAO GONCALO LTDA,M,5,HOSPITAL GERAL,2062,HOSPITAL_PRIVADO,RUA MARQUES DE PARANA,233,,CENTRO,24030215,3176-5000-RM :5114,,256,0,0,0,0,0,0,0,0,0,0,0,0,0
202604,SUDESTE,RJ,330455,RIO DE JANEIRO,6753469,HOSPITAL CENTRAL DO EXERCITO,HOSPITAL CENTRAL DO EXERCITO,M,5,HOSPITAL GERAL,1015,HOSPITAL_PÚBLICO,FRANCISCO MANUEL,126,PAVLH DIRECAO,BENFICA,20911270,21 38917269,tesouraria@hce.eb.mil.br,61,0,0,0,0,0,0,0,0,0,0,0,0,0
202604,SUDESTE,RJ,330330,NITEROI,6861873,SAO FRANCISCO HOSPITAL MATERNIDADE,NEOTIN NEONATAL TERAPIA INTENSIVA LTDA,M,7,HOSPITAL ESPECIALIZADO,2062,HOSPITAL_PRIVADO,TAPAJOS,325,ANTIGO 81,SAO FRANCISCO,24360200,,comercial@hmsaofrancisco.com.br,118,5,34,0,4,0,10,0,20,0,0,0,0,0
202604,SUDESTE,RJ,330455,RIO DE JANEIRO,6878865,CASA DE SAUDE SANTA LUCIA,ESHO EMPRESA DE SERVICOS HOSPITALARES S A,M,5,HOSPITAL GERAL,2054,HOSPITAL_PRIVADO,VOLUNTARIOS DA PATRIA,435,ENTRADA PELA,BOTAFOGO,22270000,21 22038655,TRIBUTARIO@AMERICASMED.COM.BR,16,0,16,0,16,0,0,0,0,0,0,0,0,0
202604,SUDESTE,RJ,330455,RIO DE JANEIRO,6995462,SMS HOSPITAL MUNICIPAL PEDRO II AP 53,SMS RIO HOSPITAL MUNICIPAL PEDRO II AP 53,M,5,HOSPITAL GERAL,1031,HOSPITAL_PÚBLICO,RUA DO PRADO,325,,SANTA CRUZ,23555012,3365 5201,cnes.hmp2@spdm-pais.org.br,331,322,63,54,34,34,10,10,10,10,9,0,0,0
202604,SUDESTE,RJ,330455,RIO DE JANEIRO,7002017,MS INCA HOSPITAL DO CANCER IV CUIDADOS PALIATIVOS,MS INCA HC IV HOSPITAL DO CANCER IV,M,7,HOSPITAL ESPECIALIZADO,1015,HOSPITAL_PÚBLICO,RUA VISCONDE SANTA ISABEL,274,,VILA ISABEL,20560120,21 3207 4058,hc4@inca.gov.br,56,56,0,0,0,0,0,0,0,0,0,0,0,0
202604,SUDESTE,RJ,330285,MESQUITA,7011857,SES RJ COMPLEXO REG MESQUITA MATERNID E CLINICA MULHER,FUNDACAO SAUDE DO ESTADO DO RIO DE JANEIRO,E,7,HOSPITAL ESPECIALIZADO,1260,HOSPITAL_PÚBLICO,DR CARVALHAES,400,,ROCHA SOBRINHO,26572530,21 23345010,ANA.FERNANDES@FS.GOV.BR,129,129,10,10,0,0,0,0,10,10,0,0,0,0
202604,SUDESTE,RJ,330455,RIO DE JANEIRO,7027397,SMS HOSPITAL MATERNIDADE MARIA AMELIA B DE HOLLANDA AP 10,SMS RIO HOSPITAL MATERNIDADE MARIA AMELIA B HOLLANDA AP 10,M,7,HOSPITAL ESPECIALIZADO,1031,HOSPITAL_PÚBLICO,RUA MONCORVO FILHO,67,,CENTRO,20211340,2122241949,hmmabh.faturamento@gmail.com,123,122,13,12,0,0,0,0,13,12,0,0,0,0
202604,SUDESTE,RJ,330455,RIO DE JANEIRO,7041624,SMS MATERNIDADE DA MULHER MARISKA RIBEIRO AP 51,SMS RIO HOSPITAL MUNICIPAL DA MULHER MARISKA RIBEIRO AP 51,M,7,HOSPITAL ESPECIALIZADO,1031,HOSPITAL_PÚBLICO,PRACA 1 DE MAIO,S/N,,BANGU,21830006,21 2042-2912,diretoria.hmmr@cejam.org.br,123,123,10,10,0,0,0,0,10,10,0,0,0,0
202604,SUDESTE,RJ,330630,VOLTA REDONDA,7052987,HINJA,HOSPITAL JARDIM AMALIA LTDA,M,5,HOSPITAL GERAL,2062,HOSPITAL_PRIVADO,DR MIGUEL COUTO,70,,JARDIM AMALIA,27251260,0024 03482001,HIMJA@UOL.COM.BR,22,0,2,0,2,0,0,0,0,0,0,0,0,0
202604,SUDESTE,RJ,330455,RIO DE JANEIRO,7065515,HOSPITAL SAO FRANCISCO NA PROVIDENCIA DE DEUS,ASSOCIACAO LAR SAO FRANCISCO DE ASSIS NA PROVIDENCIA DE DEUS,E,5,HOSPITAL GERAL,3999,HOSPITAL_FILANTRÓPICO,RUA CONDE DE BONFIM,1033,,TIJUCA,20530001,21 32944500,coordfaturamento.hsf@alsf.org.br,244,90,55,26,55,26,0,0,0,0,0,0,0,0
202604,SUDESTE,RJ,330420,RESENDE,7149328,HOSPITAL UNIMED RESENDE,UNIMED RESENDE RJ COOPERATIVA DE TRABALHO MEDICO,M,5,HOSPITAL GERAL,2143,HOSPITAL_PRIVADO,RUA ELZA DA SILVA DUARTE,71,,MANEJO,27520005,(24) 2108-9912,adm@hospitalunimedresende.com.br,70,0,10,0,10,0,0,0,0,0,0,0,0,0
202604,SUDESTE,RJ,330455,RIO DE JANEIRO,7158726,ESPACO CLIF,ESPACO CLIF MENTE E VIDA SA,M,7,HOSPITAL ESPECIALIZADO,2054,HOSPITAL_PRIVADO,RUA DAS PALMEIRAS,46,,BOTAFOGO,22270070,,,20,0,0,0,0,0,0,0,0,0,0,0,0,0
202604,SUDESTE,RJ,330100,CAMPOS DOS GOYTACAZES,7162723,ONCOBEDA II,ONCOBEDA SERVICOS MEDICOS LTDA ME,M,5,HOSPITAL GERAL,2062,HOSPITAL_PRIVADO,RUA SALDANHA MARINHO,387,,CENTRO,28010271,27330101,,32,0,5,0,5,0,0,0,0,0,0,0,0,0
202604,SUDESTE,RJ,330455,RIO DE JANEIRO,7166494,SMS HOSPITAL MUNICIPAL EVANDRO FREIRE AP 31,SMS RIO HOSPITAL MUNICIPAL EVANDRO FREIRE AP 31,M,5,HOSPITAL GERAL,1031,HOSPITAL_PÚBLICO,ESTRADA DO GALEAO,2920,,PORTUGUESA ILHA DO G,21931582,21 38122400,faturamento.hmef@cejam.org.br,103,103,30,30,30,30,0,0,0,0,0,0,0,0
202604,SUDESTE,RJ,330100,CAMPOS DOS GOYTACAZES,7170645,COMUNIDADE S8,COMUNIDADE S8,M,7,HOSPITAL ESPECIALIZADO,3999,HOSPITAL_FILANTRÓPICO,FAZENDA PEDRA LISA,S/N,,MORRO DO COCO,28178000,,comunidades8@comunidades8.org.br,42,0,0,0,0,0,0,0,0,0,0,0,0,0
202604,SUDESTE,RJ,330455,RIO DE JANEIRO,7185081,SES RJ HOSPITAL ESTADUAL TRANSPLANTE CANCER E CIR INFANTIL,SECRETARIA DE ESTADO DE SAUDE SES,E,7,HOSPITAL ESPECIALIZADO,1023,HOSPITAL_PÚBLICO,RUA LUIZ BELTRAO,147,RUA DAS TULIPAS 209,VILA VALQUEIRE,21330400,2133699650,administracao@hcrianca.com.br,83,77,26,20,0,0,10,10,16,10,0,0,0,0
202604,SUDESTE,RJ,330330,NITEROI,7202180,PLACI NITEROI,SETRE SERVICO DE TRATAMENTO E REABILITACAO ESPECIALIZADA LTD,M,5,HOSPITAL GERAL,2062,HOSPITAL_PRIVADO,MARTINS TORRES,98,,SANTA ROSA,24240705,21 34357385,RECEPCAO@PLACI.COM.BR,37,0,0,0,0,0,0,0,0,0,0,0,0,0
202604,SUDESTE,RJ,330170,DUQUE DE CAXIAS,7244339,HOSPITAL CAXIAS DOR,REDE DOR SAO LUIZ S A,M,5,HOSPITAL GERAL,2046,HOSPITAL_PRIVADO,AVENIDA BRIGADEIRO LIMA E SILVA,821,755 AREA A4 QD 13,25 DE AGOSTO,25071182,2134613488,diretoria@caxiasdor.com.br,220,0,114,0,49,0,28,0,15,0,0,0,22,0
202604,SUDESTE,RJ,330455,RIO DE JANEIRO,7251491,UNIMED RIO HOSPITAL BARRA DA TIJUCA,UNIMED RIO EMPREENDIMENTOS MEDICOS E HOSPITALARES LTDA,M,5,HOSPITAL GERAL,2062,HOSPITAL_PRIVADO,AV AYRTON SENNA,2550,,BARRA DA TIJUCA,22775003,21 3883-1000,,225,0,65,0,55,0,10,0,0,0,0,0,0,0
202604,SUDESTE,RJ,330455,RIO DE JANEIRO,7267975,SES RJ INSTITUTO ESTADUAL DO CEREBRO PAULO NIEMEYER,SECRETARIA DE ESTADO DE SAUDE DO RIO DE JANEIRO,E,7,HOSPITAL ESPECIALIZADO,1023,HOSPITAL_PÚBLICO,RUA DO REZENDE,156,NAO HA,CENTRO,20231092,021-38124105,hvillacorta@ideas.med.br,110,95,59,44,44,38,15,6,0,0,0,0,0,0
202604,SUDESTE,RJ,330455,RIO DE JANEIRO,7317530,HOSPITAL SAMARITANO,ESHO EMPRESA DE SERVICOS HOSPITALARES S A,M,5,HOSPITAL GERAL,2054,HOSPITAL_PRIVADO,RUA BAMBINA,98,,BOTAFOGO,22251050,(21) 3444-1000,edgar.araujo@amil.com.br,73,0,29,0,29,0,0,0,0,0,0,0,0,0
202604,SUDESTE,RJ,330390,PETROPOLIS,7337159,CLINICA REVITALIS,CLINICA PARA TRATAMENTO DE DEPENDENTES QUIMICOS REVITALIS,M,7,HOSPITAL ESPECIALIZADO,2062,HOSPITAL_PRIVADO,ESTRADA BERNARDO COUTINHO,2241,,ARARAS,25725022,2225-0430,revitalis@clinicarevitalis.com.br,108,0,0,0,0,0,0,0,0,0,0,0,0,0
202604,SUDESTE,RJ,330010,ANGRA DOS REIS,7354746,HOSPITAL MUNICIPAL DA JAPUIBA HMJ,FUNDACAO HOSPITALAR JORGE ELIAS MIGUEL,M,5,HOSPITAL GERAL,1155,HOSPITAL_PÚBLICO,RUA JAPORANGA,1700,,JAPUIBA,23934055,24 33686556,HGJ.dtec@angra.rj.gov.br,157,157,20,20,20,20,0,0,0,0,0,0,0,0
202604,SUDESTE,RJ,330030,BARRA DO PIRAI,7415273,CONSULTORIO UNIMED 24 HORAS,UNIMED CENTRO SUL FLUMINENSE COOPERATIVA DE TRABALHO MEDICO,M,5,HOSPITAL GERAL,2143,HOSPITAL_PRIVADO,RUA FRANKLIN DE MORAES,67,,CENTRO,27135000,24 24471700,,23,0,0,0,0,0,0,0,0,0,0,0,0,0
202604,SUDESTE,RJ,330455,RIO DE JANEIRO,7421710,HOSPITAL PASTEUR,AMICO SAUDE LTDA,M,5,HOSPITAL GERAL,2054,HOSPITAL_PRIVADO,AVENIDA AMARO CAVALCANTI,495,,MEIER,20735040,(21) 2104-4400,adm@hospitalpasteur.com.br,217,3,64,0,38,0,10,0,16,0,0,0,0,0
202604,SUDESTE,RJ,330200,ITAGUAI,7436734,HOSPITAL GERAL DE ITAGUAI,C M M A CENTRO MEDICO MOISES ABRAAO LTDA,M,5,HOSPITAL GERAL,2062,HOSPITAL_PRIVADO,ARI PARREIRAS,S/N,QUADRA03 LOTE 03 E 0,CENTRO,23815541,21 33953403,,94,37,20,0,10,0,10,0,0,0,0,0,0,0
202604,SUDESTE,RJ,330350,NOVA IGUACU,7454007,NEOVIDA NOVA IGUACU,NEOVIDA C INFANTIL DE T I E URG DE CAXIAS LTDA EPP,M,7,HOSPITAL ESPECIALIZADO,2062,HOSPITAL_PRIVADO,RUA NELSON RAMOS,733,,CENTRO,26210140,2126539619,neovidacentroinfantil@gamil.com,29,0,28,0,0,0,0,0,28,0,0,0,0,0
202604,SUDESTE,RJ,330455,RIO DE JANEIRO,7458940,HOSPITAL BARRA DOR PEDIATRIA,HOSPITAL ESPERANCA S A,M,5,HOSPITAL GERAL,2054,HOSPITAL_PRIVADO,AVENIDA AYRTON SENNA,3079,ANTIGO 2 541 AREA 2,BARRA DA TIJUCA,22775002,21 24303600,SECRETARIA@BARRADOR.COM.BR,30,0,10,0,0,0,10,0,0,0,0,0,0,0
202604,SUDESTE,RJ,330455,RIO DE JANEIRO,7474059,HOSPITAL SAO LUCAS,IMPAR SERVICOS HOSPITALARES SA,M,5,HOSPITAL GERAL,2054,HOSPITAL_PRIVADO,TRAVESSA FREDERICO PAMPLONA,22,29 32 S C RAMOS 173,COPACABANA,22061080,(21) 2545-4407,nadia@saolucascopacabana.com.br,184,0,54,0,54,0,0,0,0,0,0,0,0,0
202604,SUDESTE,RJ,330455,RIO DE JANEIRO,7516800,SES RJ HOSPITAL ESTADUAL EDUARDO RABELLO,FUNDACAO SAUDE DO ESTADO DO RIO DE JANEIRO,E,5,HOSPITAL GERAL,1260,HOSPITAL_PÚBLICO,DO PRE,S/N,,SENADOR VASCONCELOS,23013550,21 3408-9190,DOMINGOS.LIMA@FS.RJ.GOV.BR,100,93,7,0,7,0,0,0,0,0,0,0,0,0
202604,SUDESTE,RJ,330550,SAQUAREMA,7529384,SES RJ HOSPITAL ESTADUAL DOS LAGOS NOSSA SENHORA DE NAZARETH,SECRETARIA DE ESTADO DE SAUDE SES,E,5,HOSPITAL GERAL,1023,HOSPITAL_PÚBLICO,MANOEL DOMINGOS DOS SANTOS,725,,BARREIROS,28994621,22 9971-63518,hosp.est.doslagos.helagos@gmail.com,89,69,23,10,10,10,0,0,13,0,0,0,0,0
202604,SUDESTE,RJ,330190,ITABORAI,7550944,HOSPITAL ADVENTISTA SILVESTRE UNIDADE ITABORAI,INSTITUICAO ADVENTISTA ESTE BRAS DE PREV E ASS A SAUDE,M,5,HOSPITAL GERAL,3999,HOSPITAL_FILANTRÓPICO,RUA DESEMBARGADOR FERREIRA PINTO,721,PARTE,CENTRO,24800205,(21) 37856200,,13,0,8,0,8,0,0,0,0,0,0,0,0,0
202604,SUDESTE,RJ,330350,NOVA IGUACU,7580126,HOSPITAL GERAL PRONTONIL,HGP HOSPITAL GERAL PRONTONIL,M,5,HOSPITAL GERAL,2062,HOSPITAL_PRIVADO,OSCAR SOARES,515,PARTE,CALIFONIA,26220098,213892-7229,miranda@prontonil.com.br,102,0,44,0,34,0,10,0,0,0,0,0,0,0
202604,SUDESTE,RJ,330350,NOVA IGUACU,7591136,HOSPITAL IGUASSU MATERNIDADE MUNICIPAL MARIANA BULHOES,SECRETARIA MUNICIPAL DE SAUDE DE NOVA IGUACU,M,7,HOSPITAL ESPECIALIZADO,1244,HOSPITAL_PÚBLICO,RUA CORONEL ALFREDO SOARES,S/N,,CENTRO,26255150,31023123,direcaogeral.mmmb@gmail.com,30,0,25,0,0,0,0,0,25,0,0,0,0,0
202604,SUDESTE,RJ,330452,RIO DAS OSTRAS,7605331,CENTRO MEDICO INTEGRADO SANTA TERESINHA,INTERMEDICAL SERVICOS DE GESTAO ORGANIZACAO E LOGISTICA EM,M,5,HOSPITAL GERAL,2062,HOSPITAL_PRIVADO,AVENIDA GOVERNADOR ROBERTO SILVEIRA,S/N,QD0A8 LT014,COSTAZUL,28895266,22 27645751,,10,0,10,0,10,0,0,0,0,0,0,0,0,0
202604,SUDESTE,RJ,330455,RIO DE JANEIRO,7605935,HOSPITAL BANGU,REDE DOR SAO LUIZ S A,M,5,HOSPITAL GERAL,2046,HOSPITAL_PRIVADO,RUA FRANCISCO REAL,00732,NUM 00722 LOT 1 PAL,PADRE MIGUEL,21810042,21 31075600,legalizacao.obras@rededor.com.br,49,0,19,0,19,0,0,0,0,0,0,0,0,0
202604,SUDESTE,RJ,330452,RIO DAS OSTRAS,7612036,PRONTO SOCORRO MUNICIPAL RIO DAS OSTRAS,PREFEITURA MUNICIPAL DE RIO RIO DAS OSTRAS,M,5,HOSPITAL GERAL,1244,HOSPITAL_PÚBLICO,LAERCIO LUCIO DE CARVALHO,1075,,PARQUE ZABULAO,28893437,22 27641823,,46,42,0,0,0,0,0,0,0,0,0,0,0,0
202604,SUDESTE,RJ,330455,RIO DE JANEIRO,7642415,SAMARITANO BARRA,HOSPITAL ALVORADA TAGUATINGA LTDA,M,5,HOSPITAL GERAL,2054,HOSPITAL_PRIVADO,AV JORGE CURI,550,BLOCO B,BARRA DA TIJUCA,22640102,21 31422760,jusanramos@americasmed.com.br,32,0,8,0,8,0,0,0,0,0,0,0,0,0
202604,SUDESTE,RJ,330455,RIO DE JANEIRO,7642423,HOSPITAL VITORIA AMC,HOSPITAL ALVORADA TAGUATINGA LTDA,M,5,HOSPITAL GERAL,2054,HOSPITAL_PRIVADO,AVENIDA JORGE CURI,550,BLOCO C D,BARRA DA TIJUCA,22793334,,jusanramos@americasmed.com.br,239,0,50,0,34,0,16,0,0,0,0,0,0,0
202604,SUDESTE,RJ,330240,MACAE,7655703,HOSPITAL PUBLICO MUNICIPAL DA SERRA HPMS,MUNICIPIO DE MACAE,M,5,HOSPITAL GERAL,1244,HOSPITAL_PÚBLICO,RUA JOAO MANOEL DA SILVA,600,,TRAPICHE,27945000,(22) 2793-3914,assessoriahpms@gmail.com,31,31,0,0,0,0,0,0,0,0,0,0,0,0
202604,SUDESTE,RJ,330455,RIO DE JANEIRO,7659415,HOSPITAL OESTE DOR,REDE DOR SAO LUIZ S A,M,5,HOSPITAL GERAL,2046,HOSPITAL_PRIVADO,RUA OLINDA ELLIS,93,,CAMPO GRANDE,23045160,2124143600,legalizacao.obras@rededor.com.br,175,0,64,0,41,0,7,0,16,0,0,0,0,0
202604,SUDESTE,RJ,330040,BARRA MANSA,7711697,CASA CLINICA DE ATENCAO A SAUDE AMPLIADA SOCIEDADE EMPRESA,CASA CLINICA DE ATENCAO A SAUDE AMPLIADA SOCIEDADE EMPRESA,M,7,HOSPITAL ESPECIALIZADO,2062,HOSPITAL_PRIVADO,RUA ABDO FELIPE,156,,ANO BOM,27345030,02433230140,,21,0,0,0,0,0,0,0,0,0,0,0,0,0
202604,SUDESTE,RJ,330455,RIO DE JANEIRO,7859341,HOSPITAL SAO VICENTE DE PAULO,HOSPITAL SAO VICENTE DE PAULO,M,5,HOSPITAL GERAL,3999,HOSPITAL_FILANTRÓPICO,GONCALVES CRESPO,430,,TIJUCA,20270320,21 25632121,juridico@hsvp.org.br,131,0,20,0,10,0,0,0,0,0,0,0,10,0
202604,SUDESTE,RJ,330185,GUAPIMIRIM,7877528,PENSIONATO N S APARECIDA,PENSIONATO PROTEGIDO NOSSA SENHORA APARECIDA LTDA,M,7,HOSPITAL ESPECIALIZADO,2062,HOSPITAL_PRIVADO,AVENIDA CAFE FILHO,123,,CITROLANDIA,25942220,,,60,0,0,0,0,0,0,0,0,0,0,0,0,0
202604,SUDESTE,RJ,330330,NITEROI,7884680,HOSPITAL ITAIPU,UNIMED SAO GONCALO NITEROI SOC COOP SERV MED HOSP LTDA,M,5,HOSPITAL GERAL,2143,HOSPITAL_PRIVADO,ESTRADA FRANCISCO DA CRUZ NUNES,5599,,PIRATININGA,24350310,21 26085430,diretoria@hospitalitaipu.com.br,179,0,65,0,50,0,15,0,0,0,0,0,0,0
202604,SUDESTE,RJ,330455,RIO DE JANEIRO,7898843,HOSPITAL PANAMERICANO,CASA DE SAUDE SANTA THEREZINHA S A,M,5,HOSPITAL GERAL,2062,HOSPITAL_PRIVADO,MOURA BRITO,138,,TIJUCA,20520060,998118321,almeida.camila@amil.com.br,109,2,22,0,22,0,0,0,0,0,0,0,0,0
202604,SUDESTE,RJ,330620,VASSOURAS,7938861,CIS CENTRO INTEGRADO DE SAUDE,FUNDACAO EDUCACIONAL SEVERINO SOMBRA,M,5,HOSPITAL GERAL,3069,HOSPITAL_FILANTRÓPICO,AVENIDA RUI BARBOSA,17,,SANTA AMALIA,27700000,24 24718381,,23,0,9,0,5,0,0,0,4,0,0,0,0,0
202604,SUDESTE,RJ,330455,RIO DE JANEIRO,7954549,HOSPITAL ILHA DO GOVERNADOR,HOSPITAL ILHA DO GOVERNADOR LTDA,M,5,HOSPITAL GERAL,2062,HOSPITAL_PRIVADO,ESTRADA DO DENDE,668,,TAUA,21920610,32168000,assuntos.regulatorios@hospitalcasa.com.br,113,0,37,0,37,0,0,0,0,0,0,0,0,0
202604,SUDESTE,RJ,330455,RIO DE JANEIRO,8080798,GLORIA DOR,GLORIA DOR OPERACOES HOSPITALARES LTDA,M,5,HOSPITAL GERAL,2062,HOSPITAL_PRIVADO,RUA SANTO AMARO,80,886 88 90 E 92 SUP R,GLORIA,22211230,(21) 3262-2000,LEGALIZACAO.OBRAS@REDEDOR.COM.BR,218,0,81,0,30,0,14,0,20,0,0,0,17,0
202604,SUDESTE,RJ,330620,VASSOURAS,8200882,HMC PRIVATE HOSPITAL MARCO CAPUTE PRIVATE,FUNDACAO SEVERINO SOMBRA,M,5,HOSPITAL GERAL,3069,HOSPITAL_FILANTRÓPICO,RONALD FIUZA MANHAES,S/N,,CENTRO,27700000,24 24718244,hmcprivate@univassouras.edu.br,71,0,20,0,10,0,0,0,10,0,0,0,0,0
202604,SUDESTE,RJ,330045,BELFORD ROXO,8219982,CCA SERVICOS,CCA SERVICOS MEDICOS LTDA,M,7,HOSPITAL ESPECIALIZADO,2062,HOSPITAL_PRIVADO,BENJAMIM PINTO DIAS,1677,ANDAR 1 ANDAR HOSPIT,CENTRO,26130001,21 41231376,CHAVESALE2008@HOTMAIL.COM,64,0,0,0,0,0,0,0,0,0,0,0,0,0
202604,SUDESTE,RJ,330220,ITAPERUNA,9020462,HOSPITAL UNIMED NORTE FLUMINENSE,UNIMED DO NORTE FLUMINENSE COOP TRABALHO MEDICO,M,5,HOSPITAL GERAL,2143,HOSPITAL_PRIVADO,BUARQUE DE NAZARETH,226,ANEXO 221 E 234,CENTRO,28300000,22 38232450,jroberto@itaperuna.unimed.com.br,33,0,0,0,0,0,0,0,0,0,0,0,0,0
202604,SUDESTE,RJ,330455,RIO DE JANEIRO,9027645,PLACI BOTAFOGO,SOCIEDADE HOSPITALAR 4 DE JULHO LTDA,M,5,HOSPITAL GERAL,2062,HOSPITAL_PRIVADO,GENERAL POLIDORO,144,,BOTAFOGO,22280005,21 25165306,nathalia.tostes@aptalicenciamentos.com.br,90,0,0,0,0,0,0,0,0,0,0,0,0,0
202604,SUDESTE,RJ,330455,RIO DE JANEIRO,9065946,HOSPITAL COPA STAR,REDE DOR SAO LUIZ S A,M,5,HOSPITAL GERAL,2046,HOSPITAL_PRIVADO,RUA FIGUEIREDO MAGALHAES,700,,COPACABANA,22031012,34613620,LEGALIZACAO.OBRAS@REDEDOR.COM.BR,51,0,40,0,40,0,0,0,0,0,0,0,0,0
202604,SUDESTE,RJ,330630,VOLTA REDONDA,9074457,SES RJ HOSP REGIONAL MEDIO PARAIBA DRA ZILDA ARNS NEUMANN,SECRETARIA ESTADUAL DE SAUDE DO RIO DE JANEIRO,E,5,HOSPITAL GERAL,1023,HOSPITAL_PÚBLICO,RODOVIA PRESIDENTE DUTRA,S/N,KM 257 258,RIO DAS FLORES,27257420,(24) 3512-5002,CAIO.LARCHER@HRZAN.FS.RJ.GOV.BR,242,174,144,76,109,56,35,20,0,0,0,0,0,0
202604,SUDESTE,RJ,330205,ITALVA,9089497,ASSOCIACAO BENEFICIENTE E ASSISTENCIA MAGNUS DE ITALVA,ASSOCIACAO BENEFICIENTE E ASSISTENCIA MAGNUS DE ITALVA,M,5,HOSPITAL GERAL,3999,HOSPITAL_FILANTRÓPICO,CORONEL LUIS SALLES,208,,CENTRO,28250000,22 27832485,,56,0,0,0,0,0,0,0,0,0,0,0,0,0
202604,SUDESTE,RJ,330455,RIO DE JANEIRO,9110089,HOSPITAL GERAL DO RIO DE JANEIRO,HOSPITAL GERAL DO RIO DE JANEIRO,M,5,HOSPITAL GERAL,1015,HOSPITAL_PÚBLICO,AV DUQUE DE CAXIAS,1551,,DEODORO,21615220,(21) 24571700,DIVMEDHGERJ@GMAIL.COM,48,0,6,0,6,0,0,0,0,0,0,0,0,0
202604,SUDESTE,RJ,330455,RIO DE JANEIRO,9151532,HOSPITAL CASA DE PORTUGAL HOSPITAL GERAL ADMINISTRACAO,HOSPITAL CASA DE PORTUGAL HOSPITAL GERAL ADMINISTRACAO,M,5,HOSPITAL GERAL,2062,HOSPITAL_PRIVADO,RUA DO BISPO,S/N,PARTE,RIO COMPRIDO,20261064,(21) 2218-5354,assuntos.regulatorios@hospitalcasa.com.br,100,0,68,0,68,0,0,0,0,0,0,0,0,0
202604,SUDESTE,RJ,330455,RIO DE JANEIRO,9198024,HOSPITAL RIO BOTAFOGO,HOSPITAL RIO BOTAFOGO LTDA,M,5,HOSPITAL GERAL,2062,HOSPITAL_PRIVADO,BARAO DE LUCENA,95,,BOTAFOGO,22260020,21 3216-8000,assuntos.regulatorios@hospitalcasa.com.br,70,0,28,0,28,0,0,0,0,0,0,0,0,0
202604,SUDESTE,RJ,330455,RIO DE JANEIRO,9214763,HOSPITAL CASA SAO BERNARDO,HOSPITAL CASA SAO BERNARDO HOSPITAL GERAL,M,5,HOSPITAL GERAL,2062,HOSPITAL_PRIVADO,AVENIDA DAS AMERICAS,3250,,BARRA DA TIJUCA,22640102,2132168000,assuntos.regulatorios@hospitalcasa.com.br,135,0,78,0,70,0,0,0,0,0,0,0,8,0
202604,SUDESTE,RJ,330455,RIO DE JANEIRO,9426752,HOSPITAL BARRA PLASTICA,YP CLINICA CIRURGICA DA BARRA LTDA,M,7,HOSPITAL ESPECIALIZADO,2062,HOSPITAL_PRIVADO,RUA DAUT PERES,114,,BARRA DA TIJUCA,22640070,3251-1070/3253-5228,atendimento.barraplastica@gmail.com,21,0,0,0,0,0,0,0,0,0,0,0,0,0
202604,SUDESTE,RJ,330210,ITAOCARA,9441085,TOTAL MED SERVICOS MEDICOS LTDA ME,TOTAL MED SERVICOS MEDICOS LTDA ME,M,15,UNIDADE MISTA,2062,HOSPITAL_PRIVADO,RUA NILO PECANHA,564,SALA 789101112,CENTRO,28570000,2238618421,,3,0,0,0,0,0,0,0,0,0,0,0,0,0
202604,SUDESTE,RJ,330455,RIO DE JANEIRO,9461086,HOSPITAL SEMIU,SEMIU CENTRO MEDICO LTDA,M,5,HOSPITAL GERAL,2062,HOSPITAL_PRIVADO,AVENIDA VICENTE DE CARVALHO,1159,,VILA DA PENHA,21210623,21 34578800,GESTAO@SEMIU.COM.BR,175,0,37,0,22,0,0,0,0,0,0,0,15,0
202604,SUDESTE,RJ,330150,CORDEIRO,9491619,HOSPITAL DE CORDEIRO,MUNICIPIO DE CORDEIRO,M,5,HOSPITAL GERAL,1244,HOSPITAL_PÚBLICO,RUA ABEL VENTURA RIBEIRO DE MORAES,361,,CENTRO,28540000,,,40,40,0,0,0,0,0,0,0,0,0,0,0,0
202604,SUDESTE,RJ,330455,RIO DE JANEIRO,9567933,HOSPITAL MEMORIAL FUAD CHIDID,HOSPITAL MEMORIAL FUAD CHIDID LTDA,M,5,HOSPITAL GERAL,2062,HOSPITAL_PRIVADO,JOSE DOS REIS,81,23 27 59 71 73 75,ENGENHO DE DENTRO,20756115,,,92,0,29,0,29,0,0,0,0,0,0,0,0,0
202604,SUDESTE,RJ,330455,RIO DE JANEIRO,9614133,INTERMEDICA,NOTRE DAME INTERMEDICA SAUDE S A,M,5,HOSPITAL GERAL,2054,HOSPITAL_PRIVADO,SILVA TELES,00052,,ANDARAI,20541110,21 2570-6336,t_roberto.calheiros@hapvida.com.br,50,0,9,0,9,0,0,0,0,0,0,0,0,0
202604,SUDESTE,RJ,330455,RIO DE JANEIRO,9640665,LOG HEALTH,LOG HEALTH LOGISTICA GESTAO EM SAUDE DE,M,5,HOSPITAL GERAL,2062,HOSPITAL_PRIVADO,RUA ADOLFO BERGAMINI,206,PARTE,ENGENHO DE DENTRO,20730000,(21)3899-6342,,1,0,0,0,0,0,0,0,0,0,0,0,0,0
202604,SUDESTE,RJ,330100,CAMPOS DOS GOYTACAZES,9666389,VILA VERDE,NOVOS RUMOS SAUDE MENTAL LTDA,M,7,HOSPITAL ESPECIALIZADO,2062,HOSPITAL_PRIVADO,VOLUNTARIOS DA PATRIA,194,,CENTRO,28035260,22 998021806,SOCIETARIO3@MAXIMUMCONTABIL.COM.BR,2,0,0,0,0,0,0,0,0,0,0,0,0,0
202604,SUDESTE,RJ,330455,RIO DE JANEIRO,9739459,CENTRO HOSPITALAR AMEP JACAREPAGUA,HSJ HOSPITAL SEMIU DE JACAREPAGUA LTDA,M,5,HOSPITAL GERAL,2062,HOSPITAL_PRIVADO,MARECHAL MIGUEL SALAZAR MENDES DE MORAIS,254,,TAQUARA,22770330,21 86691518,GEANFRANCO@UOL.COM.BR,4,0,0,0,0,0,0,0,0,0,0,0,0,0
202604,SUDESTE,RJ,330630,VOLTA REDONDA,9761322,HOSPITAL VIVER MAIS,HOSPITAL VIVER MAIS S A,M,5,HOSPITAL GERAL,2054,HOSPITAL_PRIVADO,CENTO E CINQUENTA E SEIS,380,,LARANJAL,27255005,24 33430773,HOSPITALVIVERMAIS@GMAIL.COM,59,0,10,0,10,0,0,0,0,0,0,0,0,0
202604,SUDESTE,RJ,330390,PETROPOLIS,9762558,H C C CENTRO DE TERAPIA INTENSIVA E CIRURGICA LTDA,H C C CENTRO DE TERAPIA INTENSIVA E CIRURGICA LTDA,M,5,HOSPITAL GERAL,2062,HOSPITAL_PRIVADO,ESTRADA UNIAO E INDUSTRIA,2501,PARTE,CORREAS,25720062,(24) 22363738,faturamentohcc.hcc@gmail.com,91,1,45,0,45,0,0,0,0,0,0,0,0,0
202604,SUDESTE,RJ,330455,RIO DE JANEIRO,9796282,HOSPITAL PRO CRIANCA,HOSPITAIS INTEGRADOS DA GAVEA S A,M,7,HOSPITAL ESPECIALIZADO,2054,HOSPITAL_PRIVADO,RUA DONA MARIANA,220,,BOTAFOGO,22280020,32394685,legalizacao.obras@rededor.com.br,43,0,12,0,0,0,12,0,0,0,0,0,0,0
202604,SUDESTE,RJ,330455,RIO DE JANEIRO,9837426,HOSPITAL GLORIA DOR,HOSPITAIS INTEGRADOS DA GAVEA S A,E,5,HOSPITAL GERAL,2054,HOSPITAL_PRIVADO,RUA SANTO AMARO,80,86 88 90 92 C ENTRA,GLORIA,22211230,(21) 3262-2000,LEGALIZACAO.OBRAS@REDEDOR.COM.BR,218,0,88,0,37,0,14,0,20,0,0,0,17,0
202604,SUDESTE,RJ,330330,NITEROI,9839674,ESSENCIAL HOSPITAL DE TRANSICAO,ESSENCIAL CARE ASSISTENCIA MEDICA,M,5,HOSPITAL GERAL,2062,HOSPITAL_PRIVADO,AVENIDA RUI BARBOSA,716,,SAO FRANCISCO,24360440,,,30,0,0,0,0,0,0,0,0,0,0,0,0,0
202604,SUDESTE,RJ,330270,MARICA,9895124,ERNESTO CHE GUEVARA SMSM,HOSPITAL MUNICIPAL DR ERNESTO CHE GUEVARA,M,5,HOSPITAL GERAL,1031,HOSPITAL_PÚBLICO,ROD ERNANI DO AMARAL PEIXOTO,23269,QD GLD LT 2,SAO JOSE DO IMBASSAI,24931000,21-26372667,ernestocheguevaramarica@gmail.com,135,120,25,10,20,10,5,0,0,0,0,0,0,0
202604,SUDESTE,RJ,330010,ANGRA DOS REIS,9903496,PLAZA MEDICAL SERVICOS ESPECIALIZADOS EM SAUDE LTDA,PLAZA MEDICAL SERVICOS ESPECIALIZADOS EM SAUDE LTDA,M,5,HOSPITAL GERAL,2062,HOSPITAL_PRIVADO,RUA DOUTOR COUTINHO,84,2 ANDAR,CENTRO,23900620,24 21022121,,20,0,20,0,0,0,5,0,15,0,0,0,0,0
202604,SUDESTE,RJ,330490,SAO GONCALO,9912584,CLISSIL,CLISSIL CLINICA SAO SILVESTRE,M,7,HOSPITAL ESPECIALIZADO,2240,HOSPITAL_PRIVADO,RUA DR NILO PECANHA,940,,NOVA CIDADE,24440000,,,20,0,0,0,0,0,0,0,0,0,0,0,0,0
202604,SUDESTE,RJ,330110,CANTAGALO,9921710,CTI JOAO PAULO II,CENTRO DE TRATAMENTO INTENSIVO DE CANTAGALO LTDA,M,5,HOSPITAL GERAL,2062,HOSPITAL_PRIVADO,MIGUEL SANTOS,25,,CHACARA QUEIMADA,28500000,22 25510125,sandro@contavel.com,10,0,10,0,10,0,0,0,0,0,0,0,0,0
202605,SUDESTE,RJ,330330,NITEROI,12505,HOSPITAL UNIVERSITARIO ANTONIO PEDRO,EMPRESA BRASILEIRA DE SERVICOS HOSPITALARES,M,5,HOSPITAL GERAL,2011,HOSPITAL_PRIVADO,RUA MARQUES DO PARANA,303,,CENTRO,24033900,(21) 26299114,uac.huap@ebserh.gov.br,240,213,34,34,16,16,0,0,8,8,0,0,10,10
202605,SUDESTE,RJ,330330,NITEROI,12513,HOSPITAL MUNICIPAL CARLOS TORTELLY,FUNDACAO MUNICIPAL DE SAUDE,M,5,HOSPITAL GERAL,1155,HOSPITAL_PÚBLICO,ATHAYDE PARREIRAS,266,,NITEROI,24070090,(21) 2729-9342,,126,126,0,0,0,0,0,0,0,0,0,0,0,0
202605,SUDESTE,RJ,330330,NITEROI,12521,SES RJ HOSPITAL ESTADUAL AZEVEDO LIMA,SECRETARIA DE ESTADO DE SAUDE SES,E,5,HOSPITAL GERAL,1023,HOSPITAL_PÚBLICO,DR TEIXEIRA DE FREITAS,30,,FONSECA,24130616,2126271448,faturamento@fs.rj.gov.br,251,228,45,30,35,30,0,0,10,0,0,0,0,0
202605,SUDESTE,RJ,330330,NITEROI,12548,HOSPITAL DA POLICIA MILITAR DE NITEROI,HOSPITAL DA POLICIA MILITAR DE NITEROI,M,5,HOSPITAL GERAL,1023,HOSPITAL_PÚBLICO,RUA MARTINS TORRES,245,,SANTA ROSA,24240705,(21)2715-4765,subdirtec?_hpmnit@pmerj.rj.gov.br,27,0,0,0,0,0,0,0,0,0,0,0,0,0
202605,SUDESTE,RJ,330330,NITEROI,12556,HOSPITAL ORENCIO DE FREITAS,FUNDACAO MUNICIPAL DE SAUDE DE NITEROI,M,5,HOSPITAL GERAL,1155,HOSPITAL_PÚBLICO,MACHADO,S/N,,BARRETO,24111000,021 26203434,direcaohof@gmail.com,76,70,6,0,6,0,0,0,0,0,0,0,0,0
202605,SUDESTE,RJ,330330,NITEROI,12599,HOSPITAL GETULIO VARGAS FILHO,FUNDACAO MUNICIPAL DE SAUDE,M,7,HOSPITAL ESPECIALIZADO,1155,HOSPITAL_PÚBLICO,TEIXEIRA DE FREITAS,S/N,,FONSECA,24130616,,,81,79,17,17,0,0,10,10,7,7,0,0,0,0
202605,SUDESTE,RJ,330330,NITEROI,12610,HOSPITAL DE OLHOS SANTA BEATRIZ,HOSPITAL OFTALMOLOGICO SANTA BEATRIZ LTDA,M,7,HOSPITAL ESPECIALIZADO,2062,HOSPITAL_PRIVADO,ALAMEDA SAO BOAVENTURA,586,,FONSECA,24120191,(21)26268000,diretoria@hosb.com.br,44,20,0,0,0,0,0,0,0,0,0,0,0,0
202605,SUDESTE,RJ,330330,NITEROI,12718,HOSPITAL PSIQUIATRICO DE JURUJUBA,FUNDACAO MUNICIPAL DE SAUDE DE NITEROI,M,7,HOSPITAL ESPECIALIZADO,1155,HOSPITAL_PÚBLICO,AV SILVIO PICANCO,S/N,,CHARITAS,24370005,(21)26107678,hospitalpsiquiatricodejurujuba@saude.niteroi.rj.gov.br,45,45,0,0,0,0,0,0,0,0,0,0,0,0
202605,SUDESTE,RJ,330330,NITEROI,12769,SES RJ INSTITUTO ESTADUAL DE DOENCAS DO TORAX ARY PARREIRAS,SECRETARIA DE ESTADO DE SAUDE DO RIO DE JANEIRO,E,7,HOSPITAL ESPECIALIZADO,1023,HOSPITAL_PÚBLICO,RUA DR LUIZ PALMIER,762,,BARRETO,24110310,(21)27290008,dg@ietap.fs.rj.gov.br,84,35,10,0,10,0,0,0,0,0,0,0,0,0
202605,SUDESTE,RJ,330330,NITEROI,12823,SEAP RJ HOSPITAL DE CUST E TRAT PSIQUIATRICO HENRIQUE ROXO,SECRETARIA DE ESTADO DE ADMINISTRACAO PENITENCIARIA,E,7,HOSPITAL ESPECIALIZADO,1023,HOSPITAL_PÚBLICO,RUA PROFESSOR HEITOR CARRILHO,S/N,,CENTRO,24030230,,seaphr@gmail.com,155,155,0,0,0,0,0,0,0,0,0,0,0,0
202605,SUDESTE,RJ,330630,VOLTA REDONDA,25135,HOSPITAL MUNICIPAL SAO JOAO BATISTA,SERVICO AUTONOMO HOSPITALAR,M,5,HOSPITAL GERAL,1120,HOSPITAL_PÚBLICO,RUA NOSSA SENHORA DAS GRACAS,235,,SAO GERALDO,27253610,2433424144,sah@hsjb.org.br,161,155,9,9,9,9,0,0,0,0,0,0,0,0
202605,SUDESTE,RJ,330630,VOLTA REDONDA,25143,HOSPITAL MUNICIPAL DR MUNIR RAFFUL,HOSPITAL MUNICIPAL DR MUNIR RAFFUL,M,5,HOSPITAL GERAL,1031,HOSPITAL_PÚBLICO,AV JARAGUA,1020,,RETIRO,27277130,2433399393,hmr@epdvr.com.br,183,179,10,6,10,6,0,0,0,0,0,0,0,0
202605,SUDESTE,RJ,330630,VOLTA REDONDA,25186,H FOA ECOSSISTEMA EM SAUDE E EDUCACAO ESCOLA MEDICA,FUNDACAO OSWALDO ARANHA,M,5,HOSPITAL GERAL,3069,HOSPITAL_FILANTRÓPICO,DR MIGUEL COUTO,70,,JARDIM AMALIA,27251260,24 33408371,direcao.executiva@hfoa.org.br,74,34,38,5,8,5,14,0,16,0,0,0,0,0
202605,SUDESTE,RJ,330630,VOLTA REDONDA,26050,HOSPITAL SANTA CECILIA,INSTITUTO DO CANCER DO CEARA,M,5,HOSPITAL GERAL,3999,HOSPITAL_FILANTRÓPICO,41 C,160,,VILA SANTA CECILIA,27255430,24 33443262,contabilidade@icc.org.br,125,18,30,6,20,6,5,0,5,0,0,0,0,0
202605,SUDESTE,RJ,330455,RIO DE JANEIRO,32247,HOSP CASA EVANGELICO HOSP GERAL ADM E GESTAO HOSP,HOSP CASA EVANGELICO HOSP GERAL ADM E GESTAO HOSP,M,5,HOSPITAL GERAL,2062,HOSPITAL_PRIVADO,RUA BOM PASTOR,295,CASA 1 PARTE CASA 1,TIJUCA,20521060,,,130,0,58,0,48,0,0,0,10,0,0,0,0,0
202605,SUDESTE,RJ,330045,BELFORD ROXO,52825,SOPHIA MEDIC SERVICOS MEDICOS E CIRURGICOS LTDA,SOPHIA MEDIC SERVICOS MEDICOS E CIRURGICOS LTDA,M,7,HOSPITAL ESPECIALIZADO,2062,HOSPITAL_PRIVADO,BENJAMIM PINTO DIAS,1677,SALA PARTE HOSPITAL,CENTRO,26130001,21 41231376,MEDIC.SOPHIA@GMAIL.COM,50,50,0,0,0,0,0,0,0,0,0,0,0,0
202605,SUDESTE,RJ,330330,NITEROI,55859,PROCEM CENTRO DE ESPECIALIDADES MEDICAS,C R P T ASSISTENCIA MEDICA E HOSPITALAR LTDA,M,7,HOSPITAL ESPECIALIZADO,2062,HOSPITAL_PRIVADO,TIRADENTES,12,E 18 PARTE,INGA,24210510,21 26210826,financeiro@clinicaprocem.com.br,60,0,24,0,0,0,4,0,20,0,0,0,0,0
202605,SUDESTE,RJ,330455,RIO DE JANEIRO,89338,HOSPITAL DOUTOR MARCOS MORAES,HOSPITAL DE ONCOLOGIA DO MEIER S A,M,5,HOSPITAL GERAL,2054,HOSPITAL_PRIVADO,ARISTIDES CAIRE,00027,,MEIER,20775090,21 30316762,TRIBUTARIO.GESTAO@ONCOCLINICAS.COM,86,0,10,0,10,0,0,0,0,0,0,0,0,0
202605,SUDESTE,RJ,330455,RIO DE JANEIRO,102881,HOSPITAL BARRA DAY,BARRA DAY SERVICOS MEDICOS LTDA,M,21,PRONTO SOCORRO ESPECIALIZADO,2062,HOSPITAL_PRIVADO,ARMANDO LOMBARDI,01000,BLC 2 SALAS 22,BARRA DA TIJUCA,22640000,21 35503400,ALMEIDAEVILLELA.SEGUROS@GMAIL.COM,8,0,0,0,0,0,0,0,0,0,0,0,0,0
202605,SUDESTE,RJ,330250,MAGE,103616,UNIDADE 24 HORAS DE SANTO ALEIXO,MUNICIPIO DE MAGE,M,20,PRONTO SOCORRO GERAL,1244,HOSPITAL_PÚBLICO,AVENIDA OTHON LINCH BEZERRA DE MELLO,329,ANT PRED CENTRO ADM,SANTO ALEIXO,25912206,,,14,14,0,0,0,0,0,0,0,0,0,0,0,0
202605,SUDESTE,RJ,330330,NITEROI,105317,HOSPITAL MUNICIPAL OCEANICO DR GILSON CANTARINO HMOGC,FUNDACAO MUNICIPAL DE SAUDE DE NITEROI,M,5,HOSPITAL GERAL,1155,HOSPITAL_PÚBLICO,DOUTOR RAUL DE OLIVEIRA RODRIGUES,382,,PIRATININGA,24350630,21 31803948,CONTABILIDADESAUDEDENITEROI@GMAIL.COM,80,80,10,10,10,10,0,0,0,0,0,0,0,0
202605,SUDESTE,RJ,330490,SAO GONCALO,113115,HOSPITAL MUNICIPAL RETAGUARDA GONCALENSE,SECRETARIA MUNICIPAL DE SAUDE DE SAO GONCALO,M,5,HOSPITAL GERAL,1244,HOSPITAL_PÚBLICO,RUA JOAO DE SOUZA,410,,CENTRO,24445370,,,86,59,27,0,27,0,0,0,0,0,0,0,0,0
202605,SUDESTE,RJ,330490,SAO GONCALO,113891,HOSPITAL DO CANCER E DO CORACAO HCCOR,SECRETARIA MUNICIPAL DE SAUDE DE SAO GONCALO,M,7,HOSPITAL ESPECIALIZADO,1244,HOSPITAL_PÚBLICO,ESTRADA DE PACHECO,216,A,LAGOINHA,24440400,,,47,47,10,10,10,10,0,0,0,0,0,0,0,0
202605,SUDESTE,RJ,330190,ITABORAI,131237,HOSPITAL MUNICIPAL SAO JUDAS TADEU,PREFEITURA MUNICIPAL DE ITABORAI,M,5,HOSPITAL GERAL,1244,HOSPITAL_PÚBLICO,AV 22 DE MAIO,S/N,,OUTEIRO DAS PEDRAS,24812222,21 2645-4508,gabinete.saude@itaborai.rj.gov.br,30,30,0,0,0,0,0,0,0,0,0,0,0,0
202605,SUDESTE,RJ,330170,DUQUE DE CAXIAS,155055,MATERNIDADE SANTA CRUZ DA SERRA,MUNICIPIO DE DUQUE DE CAXIAS,M,7,HOSPITAL ESPECIALIZADO,1244,HOSPITAL_PÚBLICO,AV AUTOMOVEL CLUBE,275,,SANTA CRUZ DA SERRA,25272405,,rh.maternidade.stserra@gmail.com,105,105,0,0,0,0,0,0,0,0,0,0,0,0
202605,SUDESTE,RJ,330414,QUEIMADOS,182974,HOSPITAL E MATERNIDADE MUNICIPAL DE QUEIMADOS,MUNICIPIO DE QUEIMADOS,M,7,HOSPITAL ESPECIALIZADO,1244,HOSPITAL_PÚBLICO,RUA DEUSINHO DE FREITAS,13,,CENTRO,26325290,26657800,,32,32,0,0,0,0,0,0,0,0,0,0,0,0
202605,SUDESTE,RJ,330360,PARACAMBI,219436,MATERNIDADE LAURINDO JOSE FERREIRA,MUNICIPIO DE PARACAMBI,M,7,HOSPITAL ESPECIALIZADO,1244,HOSPITAL_PÚBLICO,AVENIDA JONAS LEAL,17,,LAGES,26600000,,,15,15,0,0,0,0,0,0,0,0,0,0,0,0
202605,SUDESTE,RJ,330020,ARARUAMA,221015,HOSPITAL MUNICIPAL DR JAQUELINE PRATES CNPJ 31 135 0460001 4,HOSPITAL MUNICIPAL DRA JAQUELINE PRATES,M,5,HOSPITAL GERAL,1031,HOSPITAL_PÚBLICO,MAJOR FELIX MOREIRA,267,,CENTRO,28979102,22 97402349,sesau01@gmail.com,70,70,0,0,0,0,0,0,0,0,0,0,0,0
202605,SUDESTE,RJ,330350,NOVA IGUACU,679550,SES RJ HOSPITAL ESTADUAL DR RICARDO CRUZ,SECRETARIA DE ESTADO DE SAUDE SES,E,5,HOSPITAL GERAL,1023,HOSPITAL_PÚBLICO,AVENIDA GOVERNADOR ROBERTO SILVEIRA,1385,,CENTRO,26285060,26586670,hospitalestadualdrricardocruz@gmail.com,300,160,140,0,100,0,40,0,0,0,0,0,0,0
202605,SUDESTE,RJ,330455,RIO DE JANEIRO,697524,HOSPITAL DE AERONAUTICA DOS AFONSOS,HOSPITAL DE AERONAUTICA DOS AFONSOS,M,5,HOSPITAL GERAL,1015,HOSPITAL_PÚBLICO,AVENIDA MARECHAL FONTENELLE,1628,CAMPO DOS AFONSOS,CAMPO DOS AFONSOS,21740002,32896800,secdir.haaf@fab.mil.br,81,0,7,0,7,0,0,0,0,0,0,0,0,0
202605,SUDESTE,RJ,330510,SAO JOAO DE MERITI,726095,HOSPITAL MATERNIDADE SAO JOAO DE MERITI,MUNICIPIO DE SAO JOAO DE MERITI,M,7,HOSPITAL ESPECIALIZADO,1244,HOSPITAL_PÚBLICO,RUA VIRGILIO DE AZAMBUJA MONTEIRO,13,,CENTRO,25520410,,hospitalmaternidade.sjm@gmail.com,68,48,12,0,0,0,0,0,12,0,0,0,0,0
202605,SUDESTE,RJ,330455,RIO DE JANEIRO,759384,QUALITY CARE,QUALITY CARE SOLUCOES MEDICAS INTEGRADAS LTDA,M,5,HOSPITAL GERAL,2062,HOSPITAL_PRIVADO,RUA MENA BARRETO,165,,BOTAFOGO,22271100,2130903400,contratos@qualitylifehc.com.br,32,0,0,0,0,0,0,0,0,0,0,0,0,0
202605,SUDESTE,RJ,330200,ITAGUAI,767190,HOSPITAL COSTA VERDE,UNIMED COSTA VERDE RJ,M,5,HOSPITAL GERAL,2143,HOSPITAL_PRIVADO,HAROLDO RODRIGUES JESUS,160,QUADRA3 LOTE 36,MONTE SERRAT,23810840,21 26881739,CONTABILIDADE@COSTAVERDE.UNIMED.COM.BR,34,0,4,0,4,0,0,0,0,0,0,0,0,0
202605,SUDESTE,RJ,330350,NOVA IGUACU,807842,MATERNIDADE NEOMATER,HOSPITAL E MATERNIDADE NEOMATER LTDA,M,7,HOSPITAL ESPECIALIZADO,2062,HOSPITAL_PRIVADO,OTAVIO ASCOLI,328,,CENTRO,26215160,02128823050,diretoria@maternidadeneomater.com.br,124,0,67,0,9,0,0,0,58,0,0,0,0,0
202605,SUDESTE,RJ,330030,BARRA DO PIRAI,850160,UPA 24 HORAS BARRA DO PIRAI,FUNDO MUNICIPAL DE SAUDE DE BARRA DO PIRAI,M,20,PRONTO SOCORRO GERAL,1244,HOSPITAL_PÚBLICO,RUA FRANKLIN DE MORAES,67,,CENTRO,27140000,,contasmedicas.sms@barradopirai.rj.gov.br,5,5,0,0,0,0,0,0,0,0,0,0,0,0
202605,SUDESTE,RJ,330070,CABO FRIO,919373,HOSPITAL UNIVERSITARIO REITOR HESIO CORDEIRO HURHC,UNIVERSIDADE DO ESTADO DO RIO DE JANEIRO,E,5,HOSPITAL GERAL,1147,HOSPITAL_PÚBLICO,RUA ARIZIO GOMES DA COSTA,186,,JARDIM FLAMBOYANT,28905320,22 26401250,FRANCISCO.BARBOSA.NETO@UERJ.BR,28,20,8,0,8,0,0,0,0,0,0,0,0,0
202605,SUDESTE,RJ,330070,CABO FRIO,928143,CLINICA VISION,CLINICA VISION LTDA,M,7,HOSPITAL ESPECIALIZADO,2062,HOSPITAL_PRIVADO,RAUL VEIGA,153,LOJA 01,CENTRO,28907090,32 32154727,GERENCIA@RICARDOMARTIN.COM.BR,2,2,0,0,0,0,0,0,0,0,0,0,0,0
202605,SUDESTE,RJ,330170,DUQUE DE CAXIAS,978213,HOSPITAL MUNICIPAL INFANTIL PADRE GUILHERME,MUNICIPIO DE DUQUE DE CAXIAS,M,5,HOSPITAL GERAL,1244,HOSPITAL_PÚBLICO,RUA EVARISTO DE MORAIS,S/N,,VILA BERNADETE,25272560,,cnes.hmpg@gmail.com,31,31,0,0,0,0,0,0,0,0,0,0,0,0
202605,SUDESTE,RJ,330270,MARICA,2266733,HOSPITAL MUNICIPAL CONDE MODESTO LEAL,MUNICIPIO DE MARICA,M,5,HOSPITAL GERAL,1120,HOSPITAL_PÚBLICO,RUA DOMICIO DA GAMA,433,,CENTRO,24900815,(21)26371713,superintendenciadesaudemarica@gmail.com,105,101,0,0,0,0,0,0,0,0,0,0,0,0
202605,SUDESTE,RJ,330400,PIRAI,2267187,HOSPITAL FLAVIO LEAL,CASA DE CARIDADE DE PIRAI,M,5,HOSPITAL GERAL,3999,HOSPITAL_FILANTRÓPICO,RUA ROBERTO SILVEIRA,50,,CENTRO,27175000,(24) 35115600,hospitalpirai@bol.com.br,64,50,10,7,10,7,0,0,0,0,0,0,0,0
202605,SUDESTE,RJ,330415,QUISSAMA,2267209,HOSPITAL MUNICIPAL MARIANA MARIA DE JESUS,SECRETARIA MUNICIPAL DE SAUDE DE QUISSAMA,M,5,HOSPITAL GERAL,1031,HOSPITAL_PÚBLICO,AV AMILCAR PEREIRA DA SILVA,138,,MATO DE PIPA,28737000,2227689100,hospital@quissama.rj.gov.br,73,73,6,6,6,6,0,0,0,0,0,0,0,0
202605,SUDESTE,RJ,330015,APERIBE,2267454,HOSPITAL MUNICIPAL AUGUSTINHO GESUALD BLANC,MUNICIPIO DE APERIBE,M,5,HOSPITAL GERAL,1244,HOSPITAL_PÚBLICO,RUA ANTONIO JOSE MOREIRA,359,,SAO VICENTE DE PAULA,28495446,2238641710,saude.aperibe@bol.com.br,35,35,0,0,0,0,0,0,0,0,0,0,0,0
202605,SUDESTE,RJ,330110,CANTAGALO,2267713,HOSPITAL DE CANTAGALO,SANTA CASA DE CARIDADE DE CANTAGALO,M,5,HOSPITAL GERAL,3999,HOSPITAL_FILANTRÓPICO,MIGUEL SANTOS,S/N,,PRIMEIRO,28500000,,,98,81,15,10,15,10,0,0,0,0,0,0,0,0
202605,SUDESTE,RJ,330025,ARRAIAL DO CABO,2267802,HOSPITAL GERAL DE ARRAIAL DO CABO,SECRETARIA MUNICIPAL DE SAUDE DE ARRAIAL DO CABO,M,5,HOSPITAL GERAL,1031,HOSPITAL_PÚBLICO,AV GETULIO VARGAS,S/N,,CANAA,28930000,(22)26222107,fatura_saude@yahoo.com.br,84,75,9,0,9,0,0,0,0,0,0,0,0,0
202605,SUDESTE,RJ,330160,DUAS BARRAS,2267810,HOSPITAL MUNICIPAL DR ANTONIO CARLOS DA SILVA MONNERAT,SECRETARIA MUNICIPAL DE SAUDE DE DUAS BARRAS,M,5,HOSPITAL GERAL,1244,HOSPITAL_PÚBLICO,AV GETULIO VARGAS,199,,CENTRO,28650000,2225341177,,30,30,0,0,0,0,0,0,0,0,0,0,0,0
202605,SUDESTE,RJ,330570,SUMIDOURO,2268051,HOSPITAL MUNICIPAL DR JOAO PEREIRA MARTINS,SMS SUMIDOURO,M,5,HOSPITAL GERAL,1244,HOSPITAL_PÚBLICO,RUA CARLOS ALBERTO P MOURA JUNIOR,02,,N SRA DE FATIMA,28637000,(24)25311164,,25,25,0,0,0,0,0,0,0,0,0,0,0,0
202605,SUDESTE,RJ,330450,RIO DAS FLORES,2268329,HOSPITAL GERAL DR LUIZ PINTO,MUNICIPIO DE RIO DAS FLORES,M,5,HOSPITAL GERAL,1244,HOSPITAL_PÚBLICO,RUA MARCELINO DO VALLE,13,,INGLESES,27660322,(24)24581300,faturamentorf@gmail.com,27,26,0,0,0,0,0,0,0,0,0,0,0,0
202605,SUDESTE,RJ,330190,ITABORAI,2268922,HOSPITAL MUNICIPAL DESEMBARGADOR LEAL JUNIOR HMDLJ,PREFEITURA MUNICIPAL DE ITABORAI,M,5,HOSPITAL GERAL,1244,HOSPITAL_PÚBLICO,ESTRADA PREFEITO ALVARO DE CARVALHO JUNIOR,S/N,,NANCILANDIA,24801064,(21)26458070,hmdlj@itaborai.rj.gov.br,139,139,0,0,0,0,0,0,0,0,0,0,0,0
202605,SUDESTE,RJ,330455,RIO DE JANEIRO,2269341,SMS HOSPITAL MUNICIPAL JESUS AP 22,SMS RIO HOSPITAL MUNICIPAL JESUS AP 22,M,7,HOSPITAL ESPECIALIZADO,1031,HOSPITAL_PÚBLICO,OITO DE DEZEMBRO,717,,VILA ISABEL,20550200,,dica.hmjesus@gmail.com,95,95,8,8,0,0,8,8,0,0,0,0,0,0
202605,SUDESTE,RJ,330455,RIO DE JANEIRO,2269384,HOSPITAL FEDERAL DO ANDARAI,MS HOSPITAL DO ANDARAI,M,5,HOSPITAL GERAL,1015,HOSPITAL_PÚBLICO,RUA GASTAO PENALVA,119,,ANDARAI,20540220,(21) 25757000,,282,242,44,4,38,0,2,0,0,0,4,4,0,0
202605,SUDESTE,RJ,330455,RIO DE JANEIRO,2269392,POLICLINICA PIQUET CARNEIRO,UERJ POLICLINICA PIQUET CARNEIRO,E,5,HOSPITAL GERAL,1147,HOSPITAL_PÚBLICO,AV MARECHAL RONDOM,381,,SAO FRANCISCO XAVIER,20950003,2125667000,servccp@ppc.uerj.br,18,18,0,0,0,0,0,0,0,0,0,0,0,0
202605,SUDESTE,RJ,330455,RIO DE JANEIRO,2269406,CLINICA DA GAVEA,CLINICA DA GAVEA S A,M,7,HOSPITAL ESPECIALIZADO,2054,HOSPITAL_PRIVADO,ESTRADA DA GAVEA,151,,GAVEA,22451262,21 2274-7022,clinicadagavea@clinicadagavea.com.br,300,0,0,0,0,0,0,0,0,0,0,0,0,0
202605,SUDESTE,RJ,330455,RIO DE JANEIRO,2269430,INSTITUTO DE PSIQUIATRIA DA UFRJ IPUB,INSTITUTO DE PSIQUIATRIA DA UFRJ IPUB,M,7,HOSPITAL ESPECIALIZADO,1104,HOSPITAL_PÚBLICO,AVENIDA VENCESLAU BRAS,71,FUNDOS,BOTAFOGO,22290140,(21)39380500,gabdiretor@ipub.ufrj.br,167,167,0,0,0,0,0,0,0,0,0,0,0,0
202605,SUDESTE,RJ,330455,RIO DE JANEIRO,2269481,SMS HOSPITAL MUNICIPAL DA PIEDADE AP 32,SMS RIO HOSPITAL MUNICIPAL DA PIEDADE AP 32,M,5,HOSPITAL GERAL,1031,HOSPITAL_PÚBLICO,RUA DA CAPELA,96,,PIEDADE,20740310,(21)31116540,hmpiedade@rio.rj.gov.br,132,122,10,0,10,0,0,0,0,0,0,0,0,0
202605,SUDESTE,RJ,330455,RIO DE JANEIRO,2269678,SES RJ IECAC INST EST DE CARDIOLOGIA ALOYSIO DE CASTRO,FUNDACAO SAUDE DO ESTADO DO RIO DE JANEIRO,E,7,HOSPITAL ESPECIALIZADO,1260,HOSPITAL_PÚBLICO,RUA DAVID CAMPISTA,326,,HUMAITA,22261010,23321570,faturamento@iecac.fundacaosaude.rj.gov.br,112,97,33,18,26,18,7,0,0,0,0,0,0,0
202605,SUDESTE,RJ,330455,RIO DE JANEIRO,2269724,SMS HOSPITAL MUNICIPAL NOSSA SENHORA DO LORETO AP 31,SMS RIO HOSPITAL MUNICIPAL NOSSA SENHORA DO LORETO AP 31,M,7,HOSPITAL ESPECIALIZADO,1031,HOSPITAL_PÚBLICO,RUA TAIFEIRO OSMAR DE MORAES,26,,GALEAO,21941455,(21)33931983/0610,hmnsloreto@gmail.com,36,36,0,0,0,0,0,0,0,0,0,0,0,0
202605,SUDESTE,RJ,330455,RIO DE JANEIRO,2269775,MS HOSPITAL DE IPANEMA,MS HOSPITAL DE IPANEMA,M,5,HOSPITAL GERAL,1015,HOSPITAL_PÚBLICO,RUA ANTONIO PARREIRAS,67,,IPANEMA,22411020,(21)31112318,hospitaldeipanema@hgi.rj.saude.gov.br,133,123,10,0,10,0,0,0,0,0,0,0,0,0
202605,SUDESTE,RJ,330455,RIO DE JANEIRO,2269783,UERJ HOSPITAL UNIV PEDRO ERNESTO,UERJ HUPE HOSPITAL UNIVERSITARIO PEDRO ERNESTO,E,5,HOSPITAL GERAL,1147,HOSPITAL_PÚBLICO,BOULEVARD 28 DE SETEMBRO,77,,VILA ISABEL,20551900,(21)2868-8000,faturamento.hupe@uerj.br,521,518,102,102,71,71,6,6,25,25,0,0,0,0
202605,SUDESTE,RJ,330455,RIO DE JANEIRO,2269821,MS INCA II HOSPITAL DO CANCER II,MS INCA II HOSPITAL DO CANCER II,M,7,HOSPITAL ESPECIALIZADO,1015,HOSPITAL_PÚBLICO,RUA DO EQUADOR,831,,SANTO CRISTO,20220410,(21)3207-2804,faturamento.hc2@inca.gov.br,83,83,6,6,6,6,0,0,0,0,0,0,0,0
202605,SUDESTE,RJ,330455,RIO DE JANEIRO,2269880,HOSPITAL GERAL DE BONSUCESSO RJ,GRUPO HOSPITALAR CONCEICAO SA,M,5,HOSPITAL GERAL,2011,HOSPITAL_PRIVADO,LONDRES,616,,BONSUCESSO,21041000,(21) 3977-9500,planejamento_hgb@hfb.saude.gov.br,373,334,54,37,17,17,11,8,12,12,0,0,14,0
202605,SUDESTE,RJ,330455,RIO DE JANEIRO,2269899,HOSPITAL MARIO KROEFF,FUNDACAO EDUCACIONAL SEVERINO SOMBRA,E,7,HOSPITAL ESPECIALIZADO,3069,HOSPITAL_FILANTRÓPICO,RUA MAGE,326,,PENHA CIRCULAR,21020130,(21) 21369657,faturamento@mariokroeff.org.br,70,61,9,0,9,0,0,0,0,0,0,0,0,0
202605,SUDESTE,RJ,330455,RIO DE JANEIRO,2269945,SMS HOSPITAL MATERNIDADE ALEXANDER FLEMING AP 33,SMS RIO HOSPITAL MATERNIDADE ALEXANDER FLEMING AP 33,M,7,HOSPITAL ESPECIALIZADO,1031,HOSPITAL_PÚBLICO,RUA JORGE SCHMIDT,331,,MARECHAL HERMES,21610645,24583343,direcaohmaf2021@gmail.com,90,90,10,10,0,0,0,0,10,10,0,0,0,0
202605,SUDESTE,RJ,330455,RIO DE JANEIRO,2269988,HOSPITAL UNIVERSITARIO DOS SERVIDORES HUSE UNIRIO,EMPRESA BRASILEIRA DE SERVICOS HOSPITALARES EBSERH,M,5,HOSPITAL GERAL,2011,HOSPITAL_PRIVADO,SACADURA CABRAL,178,2 ANDAR,CENTRO,20221160,,,313,299,40,26,24,10,8,8,8,8,0,0,0,0
202605,SUDESTE,RJ,330455,RIO DE JANEIRO,2269996,SMS IMAS JULIANO MOREIRA AP 40,SMS RIO IMAS JULIANO MOREIRA AP 40,M,7,HOSPITAL ESPECIALIZADO,1031,HOSPITAL_PÚBLICO,ESTRADA RODRIGUES CALDAS,3400,,JACAREPAGUA,22713375,(21)3432-2358,imasjulianomoreira.nig@gmail.com,1,1,0,0,0,0,0,0,0,0,0,0,0,0
202605,SUDESTE,RJ,330455,RIO DE JANEIRO,2270021,MATERNIDADE ESCOLA DA UFRJ,UFRJ MATERNIDADE ESCOLA,M,7,HOSPITAL ESPECIALIZADO,1104,HOSPITAL_PÚBLICO,RUA DAS LARANJEIRAS,180,,LARANJEIRAS,22240003,(21)22059064,matesc@me.ufrj.br,57,57,16,16,0,0,0,0,16,16,0,0,0,0
202605,SUDESTE,RJ,330455,RIO DE JANEIRO,2270056,SMS HOSPITAL MATERNIDADE PAULINO WERNECK AP 31,SMS RIO HOSPITAL MATERNIDADE PAULINO WERNECK AP 31,M,7,HOSPITAL ESPECIALIZADO,1031,HOSPITAL_PÚBLICO,ESTRADA DA CACUIA,745,,ILHA DO GOVERNADOR,21921001,(21)3512-9805,diretoria.hmpw@cejam.org.br,32,24,2,0,0,0,0,0,2,0,0,0,0,0
202605,SUDESTE,RJ,330455,RIO DE JANEIRO,2270161,SEAP CGSP RJ HOSPITAL DR HAMILTON AGOSTINHO VIEIRA CASTRO,SECRETARIA DE ESTADO DE ADMINISTRACAO PENITENCIARIA,E,20,PRONTO SOCORRO GERAL,1023,HOSPITAL_PÚBLICO,GEN EMILIO MOUREL FILHO,1100,,BANGU,21854010,,,64,64,0,0,0,0,0,0,0,0,0,0,0,0
202605,SUDESTE,RJ,330455,RIO DE JANEIRO,2270188,SEAP RJ CENTRO TRAT EM DEPENDENCIA QUIMICA ROBERTO MEDEIROS,SECRETARIA DE ESTADO DE ADMINISTRACAO PENITENCIARIA,E,7,HOSPITAL ESPECIALIZADO,1023,HOSPITAL_PÚBLICO,GEN EMILIO MOUREL FILHO,1100,,BANGU,21854010,,seaprm@seap.rj.gov.br,145,145,0,0,0,0,0,0,0,0,0,0,0,0
202605,SUDESTE,RJ,330455,RIO DE JANEIRO,2270196,SEAP CGSP RJ SANATORIO PENAL,SECRETARIA DE ESTADO DE ADMINISTRACAO PENITENCIARIA,E,5,HOSPITAL GERAL,1023,HOSPITAL_PÚBLICO,GUANDU DO SENA,1902,,BANGU,21810011,23324826,sanatoriopenal@gmail.com,112,109,0,0,0,0,0,0,0,0,0,0,0,0
202605,SUDESTE,RJ,330455,RIO DE JANEIRO,2270234,SES RJ HOSPITAL ESTADUAL GETULIO VARGAS,SECRETARIA DE ESTADO DE SAUDE SES,E,5,HOSPITAL GERAL,1023,HOSPITAL_PÚBLICO,LOBO JUNIOR,2293,,PENHA,21020124,,,282,255,64,37,56,37,8,0,0,0,0,0,0,0
202605,SUDESTE,RJ,330455,RIO DE JANEIRO,2270242,SMS HOSPITAL MUNICIPAL BARATA RIBEIRO AP 10,SMS RIO HOSPITAL MUNICIPAL BARATA RIBEIRO AP 10,M,7,HOSPITAL ESPECIALIZADO,1031,HOSPITAL_PÚBLICO,RUA VISCONDE DE NITEROI,1450,,MANGUEIRA,20943001,2122841812,hmbribeiro@rio.rj.gov.br,132,132,0,0,0,0,0,0,0,0,0,0,0,0
202605,SUDESTE,RJ,330455,RIO DE JANEIRO,2270269,SMS HOSPITAL MUNICIPAL MIGUEL COUTO AP 21,SMS RIO HOSPITAL MUNICIPAL MIGUEL COUTO AP 21,M,5,HOSPITAL GERAL,1031,HOSPITAL_PÚBLICO,MARIO RIBEIRO,117,,GAVEA,22430160,21 3111-3711,hmmcdrh@gmail.com,342,342,44,44,35,35,5,5,4,4,0,0,0,0
202605,SUDESTE,RJ,330455,RIO DE JANEIRO,2270390,SMS HOSPITAL MATERNIDADE HERCULANO PINHEIRO AP 33,SMS RIO HOSPITAL MATERNIDADE HERCULANO PINHEIRO AP 33,M,7,HOSPITAL ESPECIALIZADO,1031,HOSPITAL_PÚBLICO,AV MIN EDGARD ROMERO,276,,MADUREIRA,21360200,(21)2088-6124,maternidadeherculanopinheiro@gmail.com,62,53,4,4,0,0,0,0,4,4,0,0,0,0
202605,SUDESTE,RJ,330455,RIO DE JANEIRO,2270609,SMS HOSPITAL MUNICIPAL LOURENCO JORGE AP 40,SMS RIO HOSPITAL MUNICIPAL LOURENCO JORGE AP 40,M,5,HOSPITAL GERAL,1031,HOSPITAL_PÚBLICO,AV AYRTON SENNA,2000,,BARRA DA TIJUCA,22793000,21 3111-4612,hmljorge@rio.rj.gov.br,255,255,23,23,13,13,0,0,10,10,0,0,0,0
202605,SUDESTE,RJ,330455,RIO DE JANEIRO,2270617,INSTITUTO ESTADUAL DE DERMATOLOGIA SANITARIA,SECRETARIA DE ESTADO DE SAUDE SES,E,5,HOSPITAL GERAL,1023,HOSPITAL_PÚBLICO,RUA GODOFREDO VIANA,64,,TANQUE JACAREPAGUA,22730020,021 2333-6676,IEDS@SAUDE.RJ.GOV.BR,63,63,0,0,0,0,0,0,0,0,0,0,0,0
202605,SUDESTE,RJ,330455,RIO DE JANEIRO,2270668,UFRJ HOSP ESCOLA SAO FRANCISCO DE ASSIS,UNIVERSIDADE FEDERAL DO RIO DE JANEIRO,M,5,HOSPITAL GERAL,1104,HOSPITAL_PÚBLICO,PRESIDENTE VARGAS,2863,,CIDADE NOVA,20210030,,eduardoalexander12@hesfa.ufrj.br,1,0,0,0,0,0,0,0,0,0,0,0,0,0
202605,SUDESTE,RJ,330455,RIO DE JANEIRO,2270692,CBMERJ HOSP ARISTARCHO PESSOA HOSP DO CORPO DE BOMBEIROS,HOSPITAL DO CORPO DE BOMBEIROS DO ESTADO DO RJ,M,5,HOSPITAL GERAL,1023,HOSPITAL_PÚBLICO,PAULO DE FRONTIN,876,,RIO COMPRIDO,20261243,21994510951,hcapdivisaomedica@gmail.com,89,0,4,0,0,0,0,0,4,0,0,0,0,0
202605,SUDESTE,RJ,330455,RIO DE JANEIRO,2270714,SMS HOSPITAL MATERNIDADE FERNANDO MAGALHAES AP 10,SMS RIO HOSPITAL MATERNIDADE FERNANDO MAGALHAES AP 10,M,7,HOSPITAL ESPECIALIZADO,1031,HOSPITAL_PÚBLICO,GENERAL JOSE CRISTINO,87,,SAO CRISTOVAO,20921400,21 - 38781498,hmatfernandomagalhaes@gmail.com,158,158,18,18,0,0,0,0,18,18,0,0,0,0
202605,SUDESTE,RJ,330455,RIO DE JANEIRO,2270803,SES RJ I INST EST DIABET ENDOCRINOLOGIA IEDE,SECRETARIA DE ESTADO DE SAUDE SES,E,7,HOSPITAL ESPECIALIZADO,1023,HOSPITAL_PÚBLICO,RUA MONCORVO FILHO,90,,CENTRO,20211340,(21) 233271.54,diretor.iede@saude.rj.gov.br,23,23,0,0,0,0,0,0,0,0,0,0,0,0
202605,SUDESTE,RJ,330395,PINHEIRAL,2271141,HOSPITAL MUNICIPAL DE PINHEIRAL AURELINO GONCALVES BARBOSA,MUNICIPIO DE PINHEIRAL,M,5,HOSPITAL GERAL,1244,HOSPITAL_PÚBLICO,RUA FRANCISCO RIBEIRO DE ABREU,60,,CENTRO,27198360,(24) 3356 3490/3188,smspinheiral2017@outlook.com.br,43,43,0,0,0,0,0,0,0,0,0,0,0,0
202605,SUDESTE,RJ,330455,RIO DE JANEIRO,2271443,CASA DE SAUDE SAO JOSE,ASSOCIACAO CONGREGACAO DE SANTA CATARINA,M,5,HOSPITAL GERAL,3999,HOSPITAL_FILANTRÓPICO,RUA MACEDO SOBRINHO,21,,HUMAITA,22271080,21-25387600,monica.valente@redesc.org.br,217,0,50,0,30,0,0,0,10,0,0,0,10,0
202605,SUDESTE,RJ,330455,RIO DE JANEIRO,2271451,HOSPITAL BALBINO,HOSPITAL DR BALBINO LTDA,M,5,HOSPITAL GERAL,2062,HOSPITAL_PRIVADO,RUA ANGELICA MOTA,58,66 76 90 114,OLARIA,21021490,(21) 39772000,mcarneiro@hospitalbalbino.com.br,140,0,30,0,30,0,0,0,0,0,0,0,0,0
202605,SUDESTE,RJ,330340,NOVA FRIBURGO,2271826,HOSPITAL MATERNIDADE DOUTOR MARIO DUTRA DE CASTRO,MUNICIPIO DE NOVA FRIBURGO,M,7,HOSPITAL ESPECIALIZADO,1244,HOSPITAL_PÚBLICO,TRAVESSA ANTONIO FERNANDES MOREIRA,12,,CENTRO,28610410,22 2522-9245,hospitalmaternidadenf@hotmail.com,51,45,0,0,0,0,0,0,0,0,0,0,0,0
202605,SUDESTE,RJ,330410,PORCIUNCULA,2272210,UNIDADE DE ATENDIMENTO DR ANTONIO MONTEIRO,PREFEITURA MUNICIPAL DE PORCIUNCULA,M,5,HOSPITAL GERAL,1244,HOSPITAL_PÚBLICO,RUA SCHUWARTZ VIEIRA,154,,CENTRO,28390000,2238421172,saude@porciuncula.rj.gov.br,28,27,0,0,0,0,0,0,0,0,0,0,0,0
202605,SUDESTE,RJ,330120,CARMO,2272601,HOSPITAL NOSSA SENHORA DO CARMO,HOSPITAL NOSSA SENHORA DO CARMO,M,5,HOSPITAL GERAL,3999,HOSPITAL_FILANTRÓPICO,ALEXANDRE DE MELO,89,,CENTRO,28640000,2225371395,administracao@hospitalcarmo.com.br,41,39,0,0,0,0,0,0,0,0,0,0,0,0
202605,SUDESTE,RJ,330340,NOVA FRIBURGO,2272695,HOSPITAL SAO LUCAS,CASA DE SAUDE SAO LUCAS SA,M,5,HOSPITAL GERAL,2054,HOSPITAL_PRIVADO,AVENIDA ANTONIO MARIO DE AZEVEDO,715,,DUAS PEDRAS,28630310,22 25239955,admin@saolucasfriburgo.com.br,77,24,16,6,16,6,0,0,0,0,0,0,0,0
202605,SUDESTE,RJ,330340,NOVA FRIBURGO,2272784,HOSPITAL MUNICIPAL RAUL SERTA,MUNICIPIO DE NOVA FRIBURGO,M,5,HOSPITAL GERAL,1244,HOSPITAL_PÚBLICO,RUA GENERAL OSORIO,324,,CENTRO,28625630,22 2524-2300,hmrs@gigalink.com.br,287,280,29,22,29,22,0,0,0,0,0,0,0,0
202605,SUDESTE,RJ,330412,QUATIS,2273101,HOSPITAL SAO LUCAS,ASSOC DE PROT E ASSIST E MATERN E A INFANCIA DE QUATIS,M,5,HOSPITAL GERAL,3999,HOSPITAL_FILANTRÓPICO,AVENIDA AVELINO BASTISTA SOARES,297,,CENTRO,27410180,2433532823,,34,34,0,0,0,0,0,0,0,0,0,0,0,0
202605,SUDESTE,RJ,330455,RIO DE JANEIRO,2273187,SMS HOSPITAL MUNICIPAL ALVARO RAMOS AP 40,SMS RIO HOSPITAL MUNICIPAL ALVARO RAMOS AP 40,M,7,HOSPITAL ESPECIALIZADO,1031,HOSPITAL_PÚBLICO,RUA ADAUTO BOTELHO,0,,JACAREPAGUA,22713550,(21)33920008,hmaramos@rio.rj.gov.br,50,50,0,0,0,0,0,0,0,0,0,0,0,0
202605,SUDESTE,RJ,330455,RIO DE JANEIRO,2273209,SES RJ HOSPITAL ESTADUAL SANTA MARIA,SECRETARIA DE ESTADO DE SAUDE DO RIO DE JANEIRO,E,7,HOSPITAL ESPECIALIZADO,1023,HOSPITAL_PÚBLICO,ESTRADA DO RIO PEQUENO,656,TAQUARA,JACAREPAGUA,22723195,(21) 23336548,direcaogeral.hesm@gmail.com,73,73,0,0,0,0,0,0,0,0,0,0,0,0
202605,SUDESTE,RJ,330455,RIO DE JANEIRO,2273276,MS INST NACIONAL DE TRAUMATO ORTOPEDIA,MS INST NACIONAL DE TRAUMATO ORTOPEDIA,M,7,HOSPITAL ESPECIALIZADO,1015,HOSPITAL_PÚBLICO,AVENIDA BRASIL,500,,SAO CRISTOVAO,20940070,(21)21345482,into@into.saude.gov.br,321,320,10,9,10,9,0,0,0,0,0,0,0,0
202605,SUDESTE,RJ,330455,RIO DE JANEIRO,2273349,SMS HOSPITAL MUNICIPAL RAPHAEL DE PAULA SOUZA AP 40,SMS RIO HOSPITAL MUNICIPAL RAPHAEL DE PAUL A SOUZA AP 40,M,5,HOSPITAL GERAL,1031,HOSPITAL_PÚBLICO,ESTRADA DE CURICICA,2000,CURICICA,JACAREPAGUA,22740000,2134136433,smsdirecaogeralhmrps@gmail.com,84,69,0,0,0,0,0,0,0,0,0,0,0,0
202605,SUDESTE,RJ,330455,RIO DE JANEIRO,2273357,HOSPITAL ADVENTISTA SILVESTRE,INSTITUICAO ADVENTISTA ESTE BRAS DE PREV E ASS A SAUDE,E,5,HOSPITAL GERAL,3999,HOSPITAL_FILANTRÓPICO,DOS GUARARAPES,263,,COSME VELHO,22241220,2130343000,crc.has@hasilvestre.org.br,45,11,20,5,20,5,0,0,0,0,0,0,0,0
202605,SUDESTE,RJ,330455,RIO DE JANEIRO,2273365,SES RJ INSTITUTO ESTADUAL DE INFECTOLOGIA SAO SEBASTIAO,SECRETARIA DE ESTADO DE SAUDE DO RIO DE JANEIRO,E,5,HOSPITAL GERAL,1023,HOSPITAL_PÚBLICO,RUA SACADURA CABRAL,178,ANEXO IV 4 ANDAR,SAUDE,20221161,2332-7165,diretoriaieiss@gmail.com,25,9,16,0,16,0,0,0,0,0,0,0,0,0
202605,SUDESTE,RJ,330455,RIO DE JANEIRO,2273381,SMS HOSPITAL MUNICIPAL JURANDYR MANFREDINI AP 40,SMS RIO HOSPITAL MUNICIPAL JURANDYR MANFREDINI AP 40,M,7,HOSPITAL ESPECIALIZADO,1031,HOSPITAL_PÚBLICO,RUA SAMPAIO CORREIA,S/N,,JACAREPAGUA,22713560,(21) 3432-2246,hmjmanfredini@pcrj.rj.gov.br,1,1,0,0,0,0,0,0,0,0,0,0,0,0
202605,SUDESTE,RJ,330455,RIO DE JANEIRO,2273411,SES RJ HOSPITAL ESTADUAL CARLOS CHAGAS,SECRETARIA DE ESTADO DE SAUDE DO RIO DE JANEIRO,E,5,HOSPITAL GERAL,1023,HOSPITAL_PÚBLICO,AVENIDA GENERAL OSVALDO CORDEIRO DE FARIAS,466,,MARECHAL HERMES,21610480,(21)23321127,hecc.adm@gmail.com,196,190,36,30,36,30,0,0,0,0,0,0,0,0
202605,SUDESTE,RJ,330455,RIO DE JANEIRO,2273438,HOSPITAL CENTRAL DA POLICIA MILITAR DO ESTADO DO RIO DE JANE,HOSPITAL CENTRAL DA POLICIA MILITAR DO ESTADO DO RIO DE JANE,M,5,HOSPITAL GERAL,1023,HOSPITAL_PÚBLICO,ESTACIO DE SA,20,,ESTACIO,20211270,,,175,0,5,0,0,0,0,0,5,0,0,0,0,0
202605,SUDESTE,RJ,330455,RIO DE JANEIRO,2273454,MS INCA HOSPITAL DO CANCER I,MS INCA HC I HOSPITAL DO CANCER I,M,7,HOSPITAL ESPECIALIZADO,1015,HOSPITAL_PÚBLICO,PRACA CRUZ VERMELHA,23,,CENTRO,20230130,(21)32071000,cnes.hc1@inca.gov.br,200,200,16,16,10,10,6,6,0,0,0,0,0,0
202605,SUDESTE,RJ,330455,RIO DE JANEIRO,2273462,MS INCA HOSPITAL DO CANCER III,MS INCA HCIII HOSPITAL DE CANCER III,M,7,HOSPITAL ESPECIALIZADO,1015,HOSPITAL_PÚBLICO,RUA VISCONDE DE SANTA ISABEL,274,,VILA ISABEL,20560120,(21)32073912,direcao.hc3@inca.gov.br,52,52,0,0,0,0,0,0,0,0,0,0,0,0
202605,SUDESTE,RJ,330455,RIO DE JANEIRO,2273489,SMS HOSPITAL MUNICIPAL ROCHA MAIA AP 21,SMS RIO HOSPITAL MUNICIPAL ROCHA MAIA AP 21,M,5,HOSPITAL GERAL,1031,HOSPITAL_PÚBLICO,GENERAL SEVERIANO,91,,BOTAFOGO,22290040,21-22952295,hospitalmunicipalrochamaia@gmail.com,27,27,0,0,0,0,0,0,0,0,0,0,0,0
202605,SUDESTE,RJ,330455,RIO DE JANEIRO,2273497,FUNDACAO BELA LOPES DE OLIVEIRA,FUNDACAO BELA LOPES DE OLIVEIRA,M,5,HOSPITAL GERAL,3069,HOSPITAL_FILANTRÓPICO,RUA BARAO DE LUCENA,95,,BOTAFOGO,22260020,3216-8000,assuntos.regulatorios@hospitalcasa.com.br,70,0,28,0,28,0,0,0,0,0,0,0,0,0
202605,SUDESTE,RJ,330455,RIO DE JANEIRO,2273519,HOSPITAL EVANGELICO,ASSOCIACAO DO HOSPITAL EVANGELICO DO RIO,M,5,HOSPITAL GERAL,3999,HOSPITAL_FILANTRÓPICO,RUA BOM PASTOR,295,,TIJUCA,20521060,2121592300,assuntos.regulatorios@hospitalcasa.com.br,28,0,28,0,28,0,0,0,0,0,0,0,0,0
202605,SUDESTE,RJ,330455,RIO DE JANEIRO,2273659,MS HOSPITAL FEDERAL DA LAGOA,MS HOSPITAL FEDERAL DA LAGOA,M,5,HOSPITAL GERAL,1015,HOSPITAL_PÚBLICO,RUA JARDIM BOTANICO,501,,JARDIM BOTANICO,22470050,31115108,dirhgl@nerj.rj.saude.gov.br,248,245,28,25,18,18,10,7,0,0,0,0,0,0
202605,SUDESTE,RJ,330620,VASSOURAS,2273748,HUV HOSPITAL UNIVERSITARIO DE VASSOURAS,FUNDACAO EDUCACIONAL SEVERINO SOMBRA,M,5,HOSPITAL GERAL,3069,HOSPITAL_FILANTRÓPICO,VICENTE CELESTINO,201,,MADRUGA,27700000,24 24718200,ger.contabilidade@uss.br,319,305,54,40,44,30,0,0,10,10,0,0,0,0
202605,SUDESTE,RJ,330620,VASSOURAS,2273756,HOSPITAL EUFRASIA TEIXEIRA LEITE,IRMANDADE DE SANTA CASA DE MISERICORDIA DA C VASSOURAS,M,5,HOSPITAL GERAL,3999,HOSPITAL_FILANTRÓPICO,PRC PROVEDOR FELIX MACHADO,110,,MADRUGA,27700000,2424718922,santacasa.vass@uol.com.br,127,87,10,5,10,5,0,0,0,0,0,0,0,0
202605,SUDESTE,RJ,330560,SILVA JARDIM,2274108,POLICLINICA MUNICIPAL AGUINALDO MORAES,MUNICIPIO DE SILVA JARDIM,M,5,HOSPITAL GERAL,1244,HOSPITAL_PÚBLICO,OITO DE MAIO,534,,CENTRO,28820000,,,40,40,0,0,0,0,0,0,0,0,0,0,0,0
202605,SUDESTE,RJ,330550,SAQUAREMA,2274299,HOSPITAL MUNICIPAL PORPHIRIO NUNES DE AZEREDO,SECRETARIA MUNICIPAL DE SAUDE DE SAQUAREMA,M,5,HOSPITAL GERAL,1244,HOSPITAL_PÚBLICO,RUA ADOLFO BRAVO,S/N,,BACAXA,28994699,(22)26533123,,77,71,6,0,6,0,0,0,0,0,0,0,0,0
202605,SUDESTE,RJ,330540,SAPUCAIA,2274310,HOSPITAL MUNICIPAL DE SAPUCAIA,MUNICIPIO DE SAPUCAIA,M,5,HOSPITAL GERAL,1244,HOSPITAL_PÚBLICO,RUA CORONEL MARCONDES,S/N,,CENTRO,25880000,24 2040-7501,,18,18,0,0,0,0,0,0,0,0,0,0,0,0
202605,SUDESTE,RJ,330510,SAO JOAO DE MERITI,2274558,CASA DE SAUDE E MATERNIDADE MENINO JESUS,CASA DE SAUDE E MATERNIDADE SAO FRANCISCO DE PAULA LTDA,M,5,HOSPITAL GERAL,2062,HOSPITAL_PRIVADO,RUA DOS EXPEDICIONARIOS,148,,CENTRO,25520591,(21)2756-1552,CNESBR@GMAIL.COM,79,0,0,0,0,0,0,0,0,0,0,0,0,0
202605,SUDESTE,RJ,330470,SANTO ANTONIO DE PADUA,2275228,CASA DE SAUDE SANTA MONICA,CASA DE SAUDE E MATERNIDADE SANTA MONICA LTDA,M,5,HOSPITAL GERAL,2062,HOSPITAL_PRIVADO,RUA PREF ALBERTO VAZ,72,,CENTRO,28470000,2238549150,financeirosantamonica.padua@gmail.com,55,1,4,0,4,0,0,0,0,0,0,0,0,0
202605,SUDESTE,RJ,330470,SANTO ANTONIO DE PADUA,2275244,CASA DE SAUDE PIO XII,CASA DE SAUDE PIO XII LTDA,M,5,HOSPITAL GERAL,2062,HOSPITAL_PRIVADO,AV DR THEMISTOCLES DE ALMEIDA,411,,CENTRO,28470000,2238510155,pioxii@paduaonline.com.br,46,1,4,0,4,0,0,0,0,0,0,0,0,0
202605,SUDESTE,RJ,330390,PETROPOLIS,2275562,HOSPITAL ALCIDES CARNEIRO,MUNICIPIO DE PETROPOLIS,M,5,HOSPITAL GERAL,1244,HOSPITAL_PÚBLICO,RUA VIGARIO CORREA,1345,,CORREAS,25720320,2236-6600,direcaotecnica@alcidescarneiro.com,280,264,33,20,20,10,3,0,10,10,0,0,0,0
202605,SUDESTE,RJ,330390,PETROPOLIS,2275589,HOSPITAL MUNICIPAL DR NELSON DE SA EARP,MUNICIPIO DE PETROPOLIS,M,5,HOSPITAL GERAL,1244,HOSPITAL_PÚBLICO,RUA PAULINO AFONSO,455,,CENTRO,25680000,(24)22374062,ssahmnse03@petropolis.rj.gov.br,81,73,0,0,0,0,0,0,0,0,0,0,0,0
202605,SUDESTE,RJ,330390,PETROPOLIS,2275619,HOSPITAL CLINICO DE CORREAS H C C,HOSPITAL CLINICO DE CORREAS LTDA,M,5,HOSPITAL GERAL,2062,HOSPITAL_PRIVADO,ESTRADA UNIAO E INDUSTRIA,2501,,CORREAS,25720062,(24)22212011,sanacorr@compuland.com.br,205,175,40,10,40,10,0,0,0,0,0,0,0,0
202605,SUDESTE,RJ,330390,PETROPOLIS,2275627,CLINICA VISTA ALEGRE,SANATORIO OSWALDO CRUZ LTDA,M,5,HOSPITAL GERAL,2062,HOSPITAL_PRIVADO,RUA RODOLPHO FIGUEIRA DE MELLO,06,,CORREAS,25720340,(24)2221-9404,admsochospital@gmail.com,420,143,0,0,0,0,0,0,0,0,0,0,0,0
202605,SUDESTE,RJ,330390,PETROPOLIS,2275635,HOSPITAL SANTA TERESA,ASSOCIACAO CONGREGACAO DE SANTA CATARINA,M,5,HOSPITAL GERAL,3999,HOSPITAL_FILANTRÓPICO,RUA PAULINO AFONSO,477,,CENTRO,25684900,24 98228239,cnes@redesc.org.br,162,64,47,23,37,23,3,0,7,0,0,0,0,0
202605,SUDESTE,RJ,330370,PARAIBA DO SUL,2276186,HOSPITAL NOSSA SENHORA DA PIEDADE,IRMANDADE NOSSA SENHORA DA PIEDADE,M,5,HOSPITAL GERAL,3999,HOSPITAL_FILANTRÓPICO,AV PROVEDOR RANDOLFO PENNA JUNIOR,320,,CENTRO,25850000,(24)22631166,,62,59,0,0,0,0,0,0,0,0,0,0,0,0
202605,SUDESTE,RJ,330310,NATIVIDADE,2276267,HOSPITAL NATIVIDADE,CAIXA DOS POBRES DE NATIVIDADE,M,5,HOSPITAL GERAL,3999,HOSPITAL_FILANTRÓPICO,AV MAURO ALVES RIBEIRO JUNIOR,1044,,BALNEARIO,28380000,2238419900,HNADM@HOTMAIL.COM,40,31,0,0,0,0,0,0,0,0,0,0,0,0
202605,SUDESTE,RJ,330180,ENGENHEIRO PAULO DE FRONTIN,2277174,HOSPITAL NELSON SALLES,IRMANDADE DOS POBRES DE ENGENHEIRO PAULO DE FRONTIN,M,5,HOSPITAL GERAL,3999,HOSPITAL_FILANTRÓPICO,ARLINDO NUNES,28,,CENTRO,26650000,0244 631359,,45,45,0,0,0,0,0,0,0,0,0,0,0,0
202605,SUDESTE,RJ,330455,RIO DE JANEIRO,2277301,SMS CMS MANOEL ARTHUR VILLABOIM AP 10,SMS RIO CMS MANOEL ARTHUR VILLABOIM AP 10,M,15,UNIDADE MISTA,1031,HOSPITAL_PÚBLICO,PRACA BOM JESUS,40,,PAQUETA,20397140,02133970123,uismavillaboim.cap10@gmail.com,8,8,0,0,0,0,0,0,0,0,0,0,0,0
202605,SUDESTE,RJ,330170,DUQUE DE CAXIAS,2277581,POSTO MEDICO SANITARIO DE XEREM,MUNICIPIO DE DUQUE DE CAXIAS,M,20,PRONTO SOCORRO GERAL,1244,HOSPITAL_PÚBLICO,AV NOBREGA RIBEIRO,S/N,,VILA NOSSA SENHORA D,25250050,2136538372,,24,24,0,0,0,0,0,0,0,0,0,0,0,0
202605,SUDESTE,RJ,330170,DUQUE DE CAXIAS,2277611,POSTO MEDICO SANITARIO DE IMBARIE,MUNICIPIO DE DUQUE DE CAXIAS,M,20,PRONTO SOCORRO GERAL,1244,HOSPITAL_PÚBLICO,RUA SANTA CATARINA,S/N,,IMBARIE,25271010,2126780014,imbarie.uph@gmail.com,9,9,0,0,0,0,0,0,0,0,0,0,0,0
202605,SUDESTE,RJ,330170,DUQUE DE CAXIAS,2277662,POSTO MEDICO SANITARIO DE CAMPOS ELISEOS,MUNICIPIO DE DUQUE DE CAXIAS,M,20,PRONTO SOCORRO GERAL,1244,HOSPITAL_PÚBLICO,RUA AQUITURA,333,,CAMPOS ELISEOS,25225210,2126762617,uphce.camposelisios.rh@gmail.com,10,10,0,0,0,0,0,0,0,0,0,0,0,0
202605,SUDESTE,RJ,330170,DUQUE DE CAXIAS,2277700,CRAIS SARACURUNA,MUNICIPIO DE DUQUE DE CAXIAS,M,20,PRONTO SOCORRO GERAL,1244,HOSPITAL_PÚBLICO,AV PRESIDENTE ROOSEVELT,S/N,,SARACURUNA,25215450,2126505250,,20,20,0,0,0,0,0,0,0,0,0,0,0,0
202605,SUDESTE,RJ,330170,DUQUE DE CAXIAS,2277719,POSTO MEDICO SANITARIO PARQUE EQUITATIVA,MUNICIPIO DE DUQUE DE CAXIAS,M,20,PRONTO SOCORRO GERAL,1244,HOSPITAL_PÚBLICO,AV AUTOMOVEL CLUBE,S/N,,PQ EQUITATIVA,25260000,2126791607,,15,15,0,0,0,0,0,0,0,0,0,0,0,0
202605,SUDESTE,RJ,330170,DUQUE DE CAXIAS,2277743,POSTO MEDICO SANITARIO DO PILAR,MUNICIPIO DE DUQUE DE CAXIAS,M,20,PRONTO SOCORRO GERAL,1244,HOSPITAL_PÚBLICO,RUA CARLOS ALVEAR,S/N,,PILAR,25235000,2127763180,uphpilardirecao@gmail.com,22,22,0,0,0,0,0,0,0,0,0,0,0,0
202605,SUDESTE,RJ,330170,DUQUE DE CAXIAS,2277751,HOSPITAL INFANTIL ISMELIA SILVEIRA,MUNICIPIO DE DUQUE DE CAXIAS,M,7,HOSPITAL ESPECIALIZADO,1244,HOSPITAL_PÚBLICO,RUA DA REPUBLICA,S/N,,CENTRO,25011090,(31)27712808,,62,55,7,0,0,0,7,0,0,0,0,0,0,0
202605,SUDESTE,RJ,330070,CABO FRIO,2278138,HOSPITAL MUNICIPAL OTIME CARDOSO DOS SANTOS,SECRETARIA MUNICIPAL DE SAUDE DE CABO FRIO,M,5,HOSPITAL GERAL,1031,HOSPITAL_PÚBLICO,EST VELHA DE BUZIOS,S/N,,JD ESPERANCA,28922270,(24)26299257,,60,60,0,0,0,0,0,0,0,0,0,0,0,0
202605,SUDESTE,RJ,330070,CABO FRIO,2278170,HOSPITAL SANTA HELENA,HOSPITAL SANTA HELENA,M,5,HOSPITAL GERAL,3999,HOSPITAL_FILANTRÓPICO,PRACA TIRADENTES,143,,CENTRO,28906290,(22)3199-1010,,85,0,28,0,18,0,0,0,10,0,0,0,0,0
202605,SUDESTE,RJ,330070,CABO FRIO,2278286,HOSPITAL SANTA IZABEL,IRMANDADE DE SANTA IZABEL DE CABO FRIO,M,5,HOSPITAL GERAL,3999,HOSPITAL_FILANTRÓPICO,BARAO DO RIO BRANCO,72,,PRIMEIRO,28906170,,,70,45,5,5,5,5,0,0,0,0,0,0,0,0
202605,SUDESTE,RJ,330250,MAGE,2278324,HOSPITAL MATERNO INFANTIL DE PIABETA VEREADOR HUGO BRAGA,MUNICIPIO DE MAGE,M,7,HOSPITAL ESPECIALIZADO,1244,HOSPITAL_PÚBLICO,AVENIDA SANTOS DUMONT,285,,PIABETA INHOMIRIM,25931758,(21)2739-1289,,57,57,0,0,0,0,0,0,0,0,0,0,0,0
202605,SUDESTE,RJ,330250,MAGE,2278332,HOSPITAL MUNICIPAL DE MAGE,MUNICIPIO DE MAGE,M,5,HOSPITAL GERAL,1244,HOSPITAL_PÚBLICO,RUA PIO XII,81,,FIGUEIRA,25903587,(21)26332358,,76,62,9,0,9,0,0,0,0,0,0,0,0,0
202605,SUDESTE,RJ,330250,MAGE,2278677,HOSPITAL MUNICIPAL DE FRAGOSO GENARINO COZZOLINO,MUNICIPIO DE MAGE,M,20,PRONTO SOCORRO GERAL,1244,HOSPITAL_PÚBLICO,AV AUTOMOVEL CLUB,S/N,KM 60,FRAGOSO,25935510,(21)26593236,,10,10,0,0,0,0,0,0,0,0,0,0,0,0
202605,SUDESTE,RJ,330250,MAGE,2278731,HOSPITAL DE MAUA DR MARIO PINHEIRO,MUNICIPIO DE MAGE,M,20,PRONTO SOCORRO GERAL,1244,HOSPITAL_PÚBLICO,ESTRADA REAL DE MAUA,S/N,,PRAIA DA ESPERANCA,25926586,(21)6150025,,15,15,0,0,0,0,0,0,0,0,0,0,0,0
202605,SUDESTE,RJ,330220,ITAPERUNA,2278855,HOSPITAL SAO JOSE DO AVAI,CONFERENCIA SAO JOSE DO AVAI,M,5,HOSPITAL GERAL,3999,HOSPITAL_FILANTRÓPICO,RUA CORONEL LUIZ FERRAZ,397,,CENTRO,28300000,(22)38249200,hsja@hsja.com.br,310,202,102,69,78,57,8,4,16,8,0,0,0,0
202605,SUDESTE,RJ,330220,ITAPERUNA,2278901,CLINICA SAO CAMILO DE LELIS LTDA,CLINICA SAO CAMILO DE LELIS LTDA,M,5,HOSPITAL GERAL,2062,HOSPITAL_PRIVADO,AVENIDA CARDOSO MOREIRA,897,,CENTRO,28300000,(22)38267020,csaocamilo@uol.com.br,8,0,8,0,8,0,0,0,0,0,0,0,0,0
202605,SUDESTE,RJ,330360,PARACAMBI,2279355,HOSPITAL MUNICIPAL DR ADALBERTO DA GRACA,MUNICIPIO DE PARACAMBI,M,5,HOSPITAL GERAL,1244,HOSPITAL_PÚBLICO,AV JONAS LEAL,17,,LAGES,26600000,(21)26832128,,42,42,0,0,0,0,0,0,0,0,0,0,0,0
202605,SUDESTE,RJ,330360,PARACAMBI,2279525,CASA DE SAUDE PARACAMBI,CASA DE SAUDE NOSSA SENHORA APARECIDA DE PARACAMBI LTDA,M,5,HOSPITAL GERAL,2062,HOSPITAL_PRIVADO,RUA DOUTOR NILO PECANHA,540,PREDIO,CENTRO,26600000,(21)26839200,csparacambi@ig.com.br,20,2,0,0,0,0,0,0,0,0,0,0,0,0
202605,SUDESTE,RJ,330040,BARRA MANSA,2280051,SANTA CASA DE MISERICORDIA DE BARRA MANSA,SANTA CASA DE MISERICORDIA DE BARRA MANSA,M,5,HOSPITAL GERAL,3999,HOSPITAL_FILANTRÓPICO,RUA PINTO RIBEIRO,205,,CENTRO,27310420,(24)33235282,,240,163,35,18,18,18,7,0,10,0,0,0,0,0
202605,SUDESTE,RJ,330455,RIO DE JANEIRO,2280132,MS INC INSTITUTO NACIONAL DE CARDIOLOGIA,MS INC INSTITUTO NACIONAL DE CARDIOLOGIA,M,7,HOSPITAL ESPECIALIZADO,1015,HOSPITAL_PÚBLICO,RUA DAS LARANJEIRAS,374,2 ANDAR,LARANJEIRAS,22240006,(21)30372152,,162,121,61,20,35,10,10,0,5,3,0,0,11,7
202605,SUDESTE,RJ,330455,RIO DE JANEIRO,2280167,HOSPITAL UNIVERSITARIO CLEMENTINO FRAGA FILHO,HOSPITAL UNIVERSITARIO CLEMENTINO FRAGA FILHO,M,5,HOSPITAL GERAL,1104,HOSPITAL_PÚBLICO,RUA PROFESSOR RODOLPHO PAULO ROCCO,255,CIDADE UNIVERSITARIA,ILHA DO FUNDAO,21941590,(21)39382789,diretor@hucff.ufrj.br,327,322,40,35,40,35,0,0,0,0,0,0,0,0
202605,SUDESTE,RJ,330455,RIO DE JANEIRO,2280183,SMS HOSPITAL MUNICIPAL SOUZA AGUIAR AP 10,SMS RIO HOSPITAL MUNICIPAL SOUZA AGUIAR AP 10,M,5,HOSPITAL GERAL,1031,HOSPITAL_PÚBLICO,PRACA DA REPUBLICA,111,,CENTRO,20211350,,,328,328,27,27,21,21,0,0,0,0,6,6,0,0
202605,SUDESTE,RJ,330455,RIO DE JANEIRO,2280248,SMS HOSPITAL MATERNIDADE CARMELA DUTRA AP 32,SMS RIO HOSPITAL MATERNIDADE CARMELA DUTRA AP 32,M,7,HOSPITAL ESPECIALIZADO,1031,HOSPITAL_PÚBLICO,RUA AQUIDABA,1037,,LINS DE VASCONCELOS,20720292,(21) 31116766,hmatcdutra@rio.rj.gov.br,120,120,14,14,0,0,0,0,14,14,0,0,0,0
202605,SUDESTE,RJ,330130,CASIMIRO DE ABREU,2280396,HOSPITAL MUNICIPAL ANGELA MARIA SIMOES MENEZES,HOSPITAL MUNICIPAL ANGELA MARIA SIMOES MENEZES,M,5,HOSPITAL GERAL,1244,HOSPITAL_PÚBLICO,RUA PASTOR LUIZ LAURENTINO,1292,,SANTA ELY,28860000,2227784440,faturamento.hmca@gmail.com,60,55,5,0,5,0,0,0,0,0,0,0,0,0
202605,SUDESTE,RJ,330520,SAO PEDRO DA ALDEIA,2280477,HOSPITAL E MATERNIDADE DA ALDEIA,MISSAO DE SAO PEDRO,M,5,HOSPITAL GERAL,3999,HOSPITAL_FILANTRÓPICO,AVENIDA GETULIO VARGAS,290,CASA,CENTRO,28941122,22 2621 1063,missaodesaopedro@ig.com.br,49,33,0,0,0,0,0,0,0,0,0,0,0,0
202605,SUDESTE,RJ,330520,SAO PEDRO DA ALDEIA,2280582,HOSPITAL MUNICIPAL DR JOSE SEVE NETO,SECRETARIA MUNICIPAL DE SAUDE DE SAO PEDRO DA ALDEIA,M,5,HOSPITAL GERAL,1031,HOSPITAL_PÚBLICO,RUA EPAMINONDAS PEREIRA NUNES,01,,NOVA SAO PEDRO,28941140,22 2621 2623,faturamento.spa@ibdap.org.br,29,29,0,0,0,0,0,0,0,0,0,0,0,0
202605,SUDESTE,RJ,330455,RIO DE JANEIRO,2280728,SMS INSTITUTO NISE DA SILVEIRA AP 32,SMS RIO INSTITUTO MUNICIPAL NISE DA SILVEIRA AP 32,M,7,HOSPITAL ESPECIALIZADO,1031,HOSPITAL_PÚBLICO,RAMIRO MAGALHAES,521,,ENGENHO DE DENTRO,20730460,21 31117426,imnisedasilveira@gmail.com,4,4,0,0,0,0,0,0,0,0,0,0,0,0
202605,SUDESTE,RJ,330010,ANGRA DOS REIS,2280868,HOSPITAL MATERNIDADE DE ANGRA DOS REIS HMAR,HOSPITAL MATERNIDADE DE ANGRA DOS REIS HMAR,M,5,HOSPITAL GERAL,1031,HOSPITAL_PÚBLICO,RUA DR COUTINHO,84,,CENTRO,23900620,2433654687,DIRECAOMEDICA.HMAR@IDEAISRJ.ORG.BR,77,69,17,9,5,5,0,0,12,4,0,0,0,0
202605,SUDESTE,RJ,330010,ANGRA DOS REIS,2281287,HOSPITAL UNIMED VOLTA REDONDA UNIDADE LITORAL SUL,HOSPITAL LITORAL SUL LTDA,M,5,HOSPITAL GERAL,2062,HOSPITAL_PRIVADO,RUA MILTON BASILIO PEREIRA,367,,PARQUE DAS PALMEIRAS,23906455,24 3364-2614,,24,0,0,0,0,0,0,0,0,0,0,0,0,0
202605,SUDESTE,RJ,330010,ANGRA DOS REIS,2281384,HOSPITAL DE PRAIA BRAVA,FUNDACAO ELETRONUCLEAR DE ASSISTENCIA MEDICA,M,5,HOSPITAL GERAL,3069,HOSPITAL_FILANTRÓPICO,RUA OITO,S/N,,PRAIA BRAVA,23950080,2433621272,feam@feam-etn.org.br,44,27,8,3,8,3,0,0,0,0,0,0,0,0
202605,SUDESTE,RJ,330227,JAPERI,2281554,HMJ HOSPITAL MUNICIPAL DE JAPERI,MUNICIPIO DE JAPERI,M,5,HOSPITAL GERAL,1244,HOSPITAL_PÚBLICO,ESTRADA ARY SCHIAVO,S/N,,SANTA INES,26440115,2126645878,policlinica@gmail.com,34,30,0,0,0,0,0,0,0,0,0,0,0,0
202605,SUDESTE,RJ,330050,BOM JARDIM,2282801,HOSPITAL DR CELSO ERTHAL,SANTA CASA DE BOM JARDIM,M,5,HOSPITAL GERAL,3999,HOSPITAL_FILANTRÓPICO,RUA JOAO FIGUEIRA RODRIGUES,36,,CENTRO,28660000,(22)25662140,,50,42,3,0,3,0,0,0,0,0,0,0,0,0
202605,SUDESTE,RJ,330290,MIGUEL PEREIRA,2283239,HOSPITAL MUNICIPAL LUIZ GONZAGA,SECRETARIA MUNICIPAL DE SAUDE DE MIGUEL PEREIRA,M,5,HOSPITAL GERAL,1244,HOSPITAL_PÚBLICO,RUA ADELAIDE BADENES,400,,CENTRO,26900000,(24)21050222,secretariaadm.hmlg@ibdap.org.br,81,71,10,0,10,0,0,0,0,0,0,0,0,0
202605,SUDESTE,RJ,330480,SAO FIDELIS,2283328,HOSPITAL ARMANDO VIDAL,ASSOCIACAO HOSPITALAR ARMANDO VIDAL,M,5,HOSPITAL GERAL,3999,HOSPITAL_FILANTRÓPICO,PRACA SAO FIDELIS,79,,CENTRO,28400000,(22)27581060,administracao@ahav.com.br,139,128,19,17,19,17,0,0,0,0,0,0,0,0
202605,SUDESTE,RJ,330070,CABO FRIO,2283395,HOSPITAL SAO JOSE OPERARIO,SECRETARIA MUNICIPAL DE SAUDE DE CABO FRIO,M,5,HOSPITAL GERAL,1031,HOSPITAL_PÚBLICO,RUA GOVERNADOR VALADARES,22,,SAO CRISTOVAO,28909010,(22)26452626,,73,73,0,0,0,0,0,0,0,0,0,0,0,0
202605,SUDESTE,RJ,330575,TANGUA,2283735,HOSPITAL MUNICIPAL DERMEVAL GARCIA DE FREITAS,SECRETARIA MUNICIPAL DE SAUDE DE TANGUA,M,5,HOSPITAL GERAL,1244,HOSPITAL_PÚBLICO,RUA PRIMEIRO DE MAIO,35,,CENTRO,24890000,21 27472301,admpoliclinicatangua@gmail.com,14,14,0,0,0,0,0,0,0,0,0,0,0,0
202605,SUDESTE,RJ,330090,CAMBUCI,2283794,HOSPITAL MUNICIPAL MOACYR GOMES DE AZEVEDO,SECRETARIA MUNICIPAL DE SAUDE DE CAMBUCI,M,5,HOSPITAL GERAL,1244,HOSPITAL_PÚBLICO,AVENIDA JOSE DE SOUZA FARIA,06,,CENTRO,28430014,2227675001,,48,39,4,4,4,4,0,0,0,0,0,0,0,0
202605,SUDESTE,RJ,330285,MESQUITA,2283832,HOSPITAL DAS CLINICAS DE JUCELINO,HOSPITAL DAS CLINICAS DE JUSCELINO LTDA,M,5,HOSPITAL GERAL,2062,HOSPITAL_PRIVADO,GERVASIO,6,,CENTRO,26550020,21 37731453,,76,0,0,0,0,0,0,0,0,0,0,0,0,0
202605,SUDESTE,RJ,330200,ITAGUAI,2284634,HOSPITAL MUNICIPAL SAO FRANCISCO XAVIER,MUNICIPIO DE ITAGUAI,M,5,HOSPITAL GERAL,1244,HOSPITAL_PÚBLICO,RUA GENERAL BOCAIUVA,16,,CENTRO,23815310,(21)26887844,sms.saude@itaguai.rj.gov.br,109,109,10,10,10,10,0,0,0,0,0,0,0,0
202605,SUDESTE,RJ,330020,ARARUAMA,2285150,HOSPITAL MUNICIPAL PREFEITO ARMANDO DA SILVA CARVALHO,SECRETARIA MUNICIPAL DE SAUDE DE ARARUAMA,M,5,HOSPITAL GERAL,1031,HOSPITAL_PÚBLICO,RUA DR JOAO FLORENCIO SOBRINHO,S/N,,SAO VICENTE DE PAULO,28988892,(22)26661238,,18,18,0,0,0,0,0,0,0,0,0,0,0,0
202605,SUDESTE,RJ,330300,MIRACEMA,2285932,HOSPITAL DE MIRACEMA,HOSPITAL DE MIRACEMA,M,5,HOSPITAL GERAL,3999,HOSPITAL_FILANTRÓPICO,RUA JOSE MONTEIRO DE BARROS,500,,HOSPITAL,28460000,08003662000,hospitaldemiracema@gmail.com,58,35,10,6,10,6,0,0,0,0,0,0,0,0
202605,SUDESTE,RJ,330022,AREAL,2285975,HOSPITAL MUNICIPAL NOSSA SENHORA DAS DORES,HOSPITAL MUNICIPAL NOSSA SENHORA DAS DORES,M,5,HOSPITAL GERAL,1244,HOSPITAL_PÚBLICO,AV PRES VARGAS,250,,CENTRO,25846220,(24)22579702,hmnsdareal@gmail.com,20,20,0,0,0,0,0,0,0,0,0,0,0,0
202605,SUDESTE,RJ,330500,SAO JOAO DA BARRA,2286289,SANTA CASA DE MISERICORDIA DE SAO JOAO DA BARRA,SANTA CASA DE MISERICORDIA DE SAO JOAO DA BARRA,M,5,HOSPITAL GERAL,3999,HOSPITAL_FILANTRÓPICO,JOAO FRANCISCO DE ALMEIDA,260,,CENTRO,28200000,22 27414600,,50,50,0,0,0,0,0,0,0,0,0,0,0,0
202605,SUDESTE,RJ,330100,CAMPOS DOS GOYTACAZES,2287099,CLINICA DA CRIANCA,FUNDACAO MUNICIPAL DE SAUDE,M,7,HOSPITAL ESPECIALIZADO,1155,HOSPITAL_PÚBLICO,RUA ANDRE LUIS,111,,JD CARIOCA,28080460,,uphguarus@fms.org.br,17,17,0,0,0,0,0,0,0,0,0,0,0,0
202605,SUDESTE,RJ,330100,CAMPOS DOS GOYTACAZES,2287250,SOCIEDADE PORTUGUESA DE BENEFICENCIA DE CAMPOS,SOCIEDADE PORTUGUESA DE BENEFICENCIA DE CAMPOS,M,5,HOSPITAL GERAL,3999,HOSPITAL_FILANTRÓPICO,RUA BARAO DE MIRACEMA,140,,CENTRO,28035302,22 27376250,,253,190,72,58,54,40,0,0,18,18,0,0,0,0
202605,SUDESTE,RJ,330100,CAMPOS DOS GOYTACAZES,2287285,HOSPITAL DR BEDA,INSTITUTO DE MED NUCLEAR E ENDOCRINOLOGIA LTDA,M,5,HOSPITAL GERAL,2062,HOSPITAL_PRIVADO,RUA CONSELHEIRO OTAVIANO,129,,CENTRO,28010140,2227371500,susimne@hotmail.com,134,60,20,9,20,9,0,0,0,0,0,0,0,0
202605,SUDESTE,RJ,330100,CAMPOS DOS GOYTACAZES,2287374,HOSPITAL SAO JOSE,FUNDACAO MUNICIPAL DE SAUDE,M,5,HOSPITAL GERAL,1155,HOSPITAL_PÚBLICO,RODOVIA DEP ALAIR FERREIRA,200,,GOYTACAZES,28010010,,,45,31,0,0,0,0,0,0,0,0,0,0,0,0
202605,SUDESTE,RJ,330100,CAMPOS DOS GOYTACAZES,2287382,SANTA CASA DE MISERICORDIA DE CAMPOS,SANTA CASA DE MISERICORDIA DE CAMPOS,M,5,HOSPITAL GERAL,3999,HOSPITAL_FILANTRÓPICO,AV PELINCA,115,,PQ TAMANDARE,28035053,27231894,santacasa@viacabo.com.br,205,154,40,35,40,35,0,0,0,0,0,0,0,0
202605,SUDESTE,RJ,330100,CAMPOS DOS GOYTACAZES,2287447,HOSPITAL ESCOLA ALVARO ALVIM,FUNDACAO BENEDITO PEREIRA NUNES,M,5,HOSPITAL GERAL,3069,HOSPITAL_FILANTRÓPICO,BARAO DA LAGOA DOURADA,409,,CENTRO,28035211,22 21012974,FBPN@FBPN-CAMPOS.COM.BR,147,116,30,20,30,20,0,0,0,0,0,0,0,0
202605,SUDESTE,RJ,330100,CAMPOS DOS GOYTACAZES,2287579,HOSPITAL FERREIRA MACHADO,FUNDACAO MUNICIPAL DE SAUDE,M,5,HOSPITAL GERAL,1155,HOSPITAL_PÚBLICO,RUA ROCHA LEAO,02,,CAJU,28051170,(22)27323788,,293,243,47,24,30,16,17,8,0,0,0,0,0,0
202605,SUDESTE,RJ,330030,BARRA DO PIRAI,2287919,CASA DE CARIDADE SANTA RITA,CASA DE CARIDADE SANTA RITA,M,5,HOSPITAL GERAL,3999,HOSPITAL_FILANTRÓPICO,RUA FRANKLIN DE MORAES,67,,CENTRO,27135000,(24)24472750,santa.casa@uol.com.br,107,84,14,7,14,7,0,0,0,0,0,0,0,0
202605,SUDESTE,RJ,330030,BARRA DO PIRAI,2287927,HOSPITAL E MATERNIDADE MARIA DE NAZARE,CENTRO ESPIRITA PAI JOSE CAMBINDA,M,5,HOSPITAL GERAL,3999,HOSPITAL_FILANTRÓPICO,RUA FRUTUOSO GIL GONCALVES,115,,MATADOURO,27115050,(24)2447-2000,cepjc@ig.com.br,79,58,0,0,0,0,0,0,0,0,0,0,0,0
202605,SUDESTE,RJ,330260,MANGARATIBA,2288109,HOSPITAL MUNICIPAL VICTOR DE SOUZA BREVES,SECRETARIA MUNICIPAL DE SAUDE,M,5,HOSPITAL GERAL,1244,HOSPITAL_PÚBLICO,RUA NILO PECANHA,85,,CENTRO,23860000,(21)2789-9035,saude@mangaratiba.rj.gov.br,74,64,0,0,0,0,0,0,0,0,0,0,0,0
202605,SUDESTE,RJ,330225,ITATIAIA,2288230,HOSP MUNICIPAL MATERNIDADE DR MANOEL MARTINS DE BARROS,SECRETARIA MUNICIPAL DE SAUDE DE ITATIAIA,M,5,HOSPITAL GERAL,1244,HOSPITAL_PÚBLICO,AV DOIS,800,,JARDIM ITATIAIA,27583495,(24) 3352-6850/1250,admhospitalmunicipalitatiaia@gmail.com,42,42,0,0,0,0,0,0,0,0,0,0,0,0
202605,SUDESTE,RJ,330455,RIO DE JANEIRO,2288338,INI FIOCRUZ,FUNDACAO OSWALDO CRUZ,M,5,HOSPITAL GERAL,1139,HOSPITAL_PÚBLICO,BRASIL,4365,PAV GASPAR VIANNA,MANGUINHOS,21040360,21 38659595,seinfo.faturamento@ini.fiocruz.br,126,126,0,0,0,0,0,0,0,0,0,0,0,0
202605,SUDESTE,RJ,330455,RIO DE JANEIRO,2288362,SMS INSTITUTO MUNICIPAL PHILIPPE PINEL AP 21,SMS RIO INSTITUTO MUNICIPAL PHILIPPE PINEL AP 21,M,7,HOSPITAL ESPECIALIZADO,1031,HOSPITAL_PÚBLICO,AV VENCESLAU BRAS,65,,BOTAFOGO,22290140,(21)22755694,imppinel@smsdc.rio.rj.gov.br,50,50,0,0,0,0,0,0,0,0,0,0,0,0
202605,SUDESTE,RJ,330420,RESENDE,2288885,SANTA CASA DE MISERICORDIA DE RESENDE,SANTA CASA DE MISERICORDIA DE RESENDE,M,5,HOSPITAL GERAL,3999,HOSPITAL_FILANTRÓPICO,PRACA CLEMENTE FERREIRA,39,,LAVAPES,27511020,(24) 3355-1159,diretoriageral@santacasaresende.org.br,82,76,5,5,5,5,0,0,0,0,0,0,0,0
202605,SUDESTE,RJ,330420,RESENDE,2288893,HOSPITAL MUNICIPAL HENRIQUE SERGIO GREGORI,SECRETARIA MUNICIPAL DE SAUDE DE RESENDE,M,5,HOSPITAL GERAL,1244,HOSPITAL_PÚBLICO,AVENIDA MARCILIO DIAS,800,,JARDIM JALISCO,27510080,(24) 3381-2080,direcaohme.resende@gmail.com,76,76,16,16,16,16,0,0,0,0,0,0,0,0
202605,SUDESTE,RJ,330420,RESENDE,2288907,APMIR,ASSOCIACAO DE PROTECAO A MATERNIDADE E A INFANCIA DE RESENDE,M,7,HOSPITAL ESPECIALIZADO,3999,HOSPITAL_FILANTRÓPICO,AVENIDA GUSTAVO JARDIM,314,,CENTRO,27511360,(24) 3355-4821/4013,apmir31@yahoo.com.br,67,46,10,10,0,0,0,0,10,10,0,0,0,0
202605,SUDESTE,RJ,330040,BARRA MANSA,2289377,INTENSIBARRA,CENTRO DE TRATAMENTO INTENSIVO DE BARRA MANSA,M,7,HOSPITAL ESPECIALIZADO,2062,HOSPITAL_PRIVADO,RUA TENENTE JOSE EDUARDO,585,,ANO BOM,27323240,02433239395,,20,0,0,0,0,0,0,0,0,0,0,0,0,0
202605,SUDESTE,RJ,330045,BELFORD ROXO,2289571,HOSPITAL MUNICIPAL DE BELFORD ROXO,SMS BELFORD ROXO,M,5,HOSPITAL GERAL,1244,HOSPITAL_PÚBLICO,AVENIDA RETIRO DA IMPRENSA,1013,,VILA MEDEIROS,26112180,(21)26621660,,65,65,0,0,0,0,0,0,0,0,0,0,0,0
202605,SUDESTE,RJ,330045,BELFORD ROXO,2289709,HOSPITAL DE CLINICAS BELFORD ROXO,CASA DE SAUDE E MATERNIDADE BELFORD ROXO LTDA,M,5,HOSPITAL GERAL,2062,HOSPITAL_PRIVADO,AV BENJAMIM PINTO DIAS,1000,,CENTRO,26130000,26622391,csmbr@ig.com.br,91,0,0,0,0,0,0,0,0,0,0,0,0,0
202605,SUDESTE,RJ,330140,CONCEICAO DE MACABU,2290073,HOSPITAL MUNICIPAL ANA MOREIRA,SECRETARIA MUNICIPAL DE SAUDE DE CONCEICAO DE MACABU,M,5,HOSPITAL GERAL,1244,HOSPITAL_PÚBLICO,RUA ROSENDO FONTES TAVARES,199,PREDIO,BOCAINA,28740000,2227792486,semsa@conceicaodemacabu.rj.gov.br,21,21,0,0,0,0,0,0,0,0,0,0,0,0
202605,SUDESTE,RJ,330170,DUQUE DE CAXIAS,2290227,HOSPITAL MUNICIPAL ADAO PEREIRA NUNES,MUNICIPIO DE DUQUE DE CAXIAS,M,5,HOSPITAL GERAL,1244,HOSPITAL_PÚBLICO,ROD WASHINGTON LUIZ,S/N,BR 040 KM 109,JD PRIMAVERA,25225015,2127775258,direcao.hmapn@duquedecaxias.rj.gov.br,485,403,104,29,63,0,18,17,23,12,0,0,0,0
202605,SUDESTE,RJ,330230,LAJE DO MURIAE,2290499,HOSPITAL MUNICIPAL DE LAJE DO MURIAE,HOSPITAL MUNICIPAL DE LAJE DO MURIAE,M,5,HOSPITAL GERAL,1244,HOSPITAL_PÚBLICO,RUA GERONCIO FERREIRA,270,,CENTRO,28350200,2238292434,,32,30,0,0,0,0,0,0,0,0,0,0,0,0
202605,SUDESTE,RJ,330455,RIO DE JANEIRO,2291266,SMS HOSPITAL MUNICIPAL FRANCISCO DA SILVA TELLES AP33,POSTO DE ASSISTENCIA MEDICA FRANCISCO DA SILVA TELLES,M,5,HOSPITAL GERAL,1031,HOSPITAL_PÚBLICO,UBIRAJARA,25,,IRAJA,21230300,021 3715070,,84,84,0,0,0,0,0,0,0,0,0,0,0,0
202605,SUDESTE,RJ,330455,RIO DE JANEIRO,2291282,HOSPITAL NOSSA SENHORA DAS DORES,SCMRJ SANTA CASA DA MISERICORDIA DO RIO DE JANEIRO,M,5,HOSPITAL GERAL,3999,HOSPITAL_FILANTRÓPICO,ERNANI CARDOSO,21,,CASCADURA,21310310,21997399187,hnsdhospital@gmail.com,222,0,0,0,0,0,0,0,0,0,0,0,0,0
202605,SUDESTE,RJ,330455,RIO DE JANEIRO,2291304,SES RJ CENTRO PSIQUIATRICO RIO DE JANEIRO,SECRETARIA DE ESTADO DE SAUDE SES,E,7,HOSPITAL ESPECIALIZADO,1023,HOSPITAL_PÚBLICO,CORONEL ASSUNCAO,S/N,,GAMBOA,20220480,21 22992577,,108,108,0,0,0,0,0,0,0,0,0,0,0,0
202605,SUDESTE,RJ,330475,SAO FRANCISCO DE ITABAPOANA,2291320,HOSPITAL MUNICIPAL MANOEL CAROLA,MUNICIPIO DE SAO FRANCISCO DE ITABAPOANA,M,5,HOSPITAL GERAL,1244,HOSPITAL_PÚBLICO,AV NILTON MAYERHOFFER PESSANHA,48,,PONTO DE CACIMBAS,28230000,22999659443,saudesfi@hotmail.com,31,31,0,0,0,0,0,0,0,0,0,0,0,0
202605,SUDESTE,RJ,330490,SAO GONCALO,2291525,H OLHOS SAO GONCALO,OFTALMOCLINICA SAO GONCALO LTDA,M,7,HOSPITAL ESPECIALIZADO,2062,HOSPITAL_PRIVADO,SALVATORI,99,ENT SUPL RUA JOSE,CENTRO,24421005,21 27129494,OFTALMOCLINICASG@GMAIL.COM,17,13,0,0,0,0,0,0,0,0,0,0,0,0
202605,SUDESTE,RJ,330490,SAO GONCALO,2292084,HOSPITAL DR LUIZ PALMIER,SECRETARIA MUNICIPAL DE SAUDE DE SAO GONCALO,M,5,HOSPITAL GERAL,1244,HOSPITAL_PÚBLICO,PRACA ESTEPHANIA DE CARVALHO,26,PARTE 1,ZE GAROTO,24440195,(21) 2603-6590,,138,130,15,7,15,7,0,0,0,0,0,0,0,0
202605,SUDESTE,RJ,330515,SAO JOSE DO VALE DO RIO PRETO,2292270,HOSPITAL MATERNIDADE SANTA THERESINHA,SECRETARIA MUNICIPAL DE SAUDE DE SAO JOSE DO VALE DO RIO PRE,M,5,HOSPITAL GERAL,1031,HOSPITAL_PÚBLICO,RUA PROFA MARIA EMILIA ESTEVES,617,,CENTRO,25780000,2422241150,saude@sjvriopreto.rj.gov.br,49,49,0,0,0,0,0,0,0,0,0,0,0,0
202605,SUDESTE,RJ,330580,TERESOPOLIS,2292386,HOSPITAL SAO JOSE,ASSOCIACAO CONGREGACAO DE SANTA CATARINA,E,5,HOSPITAL GERAL,3999,HOSPITAL_FILANTRÓPICO,RUA JUDITH MAURICIO DE PAULA,40,,IUCAS,25964220,(21)2741-4300,administracao.hsj@redesc.org.br,107,43,23,13,23,13,0,0,0,0,0,0,0,0
202605,SUDESTE,RJ,330580,TERESOPOLIS,2292513,BENEFICENCIA PORTUGUESA DE TERESOPOLIS,HOSPITAL NOSSA SENHORA DA SAUDE,M,5,HOSPITAL GERAL,3999,HOSPITAL_FILANTRÓPICO,R JOSE MARIA DE ARAUJO REGADAS,300,,ERMITAGE,25953345,(21)27420765,,69,49,0,0,0,0,0,0,0,0,0,0,0,0
202605,SUDESTE,RJ,330610,VALENCA,2292912,HOSPITAL ESCOLA LUIZ GIOSEFFI JANNUZZI,FUNDACAO EDUCACIONAL D ANDRE ARCOVERDE,M,5,HOSPITAL GERAL,3069,HOSPITAL_FILANTRÓPICO,RUA DOM JOSE COSTA CAMPOS,20,,CENTRO,27600046,(24)2453-1333,direcaohe@faa.edu.br,195,195,40,40,30,30,0,0,10,10,0,0,0,0
202605,SUDESTE,RJ,330320,NILOPOLIS,2293862,HOSPITAL MUNICIPAL JUSCELINO KUBITSCHEK,SECRETARIA MUNICIPAL DE SAUDE DE NILOPOLIS,M,5,HOSPITAL GERAL,1244,HOSPITAL_PÚBLICO,RUA ZEZINHO,111,,CENTRO,26520000,(21)37613223,,92,70,16,0,10,0,0,0,6,0,0,0,0,0
202605,SUDESTE,RJ,330600,TRES RIOS,2294923,HOSPITAL DE CLINICAS NOSSA SENHORA DA CONCEICAO,ASSOCIACAO CONGREGACAO DE SANTA CATARINA,M,5,HOSPITAL GERAL,3999,HOSPITAL_FILANTRÓPICO,RUA MAESTRO COSTA BARROS,642,,CENTRO,25805090,2422550601,dir.executivo@hcnsc.com.br,113,90,26,19,26,19,0,0,0,0,0,0,0,0
202605,SUDESTE,RJ,330210,ITAOCARA,2295016,CASA DE SAUDE JOAO XXIII LTDA,CASA DE SAUDE JOAO XXIII LTDA,M,5,HOSPITAL GERAL,2062,HOSPITAL_PRIVADO,RUA NILO PECANHA,564,,CENTRO,28570000,(22)38612552,csjxxiii@uol.com.br casadesaudeitaocara@okintrnet.com.br,41,0,12,0,12,0,0,0,0,0,0,0,0,0
202605,SUDESTE,RJ,330455,RIO DE JANEIRO,2295059,CLINICA DE REPOUSO SANTA ALICE,SANATORIO RIO DE JANEIRO LTDA,M,7,HOSPITAL ESPECIALIZADO,2062,HOSPITAL_PRIVADO,RUA BOA VISTA,99,,ALTO DA BOA VISTA,20531610,,sanatoriojane@gmail.com,50,0,0,0,0,0,0,0,0,0,0,0,0,0
202605,SUDESTE,RJ,330455,RIO DE JANEIRO,2295067,INSTITUTO ESTADUAL DE HEMATOLOGIA ARTHUR SIQUEIRA CAVALCANTI,SECRETARIA DE ESTADO DE SAUDE SES,E,7,HOSPITAL ESPECIALIZADO,1023,HOSPITAL_PÚBLICO,RUA FREI CANECA,8,,CENTRO,20211030,(21)23328611,diretoria@hemorio.rj.gov.br,83,83,0,0,0,0,0,0,0,0,0,0,0,0
202605,SUDESTE,RJ,330610,VALENCA,2295075,HOSPITAL GUSTAVO MONTEIRO JUNIOR,ASSOCIACAO DA CASA DE CARIDADE DE CONSERVATORIA,M,5,HOSPITAL GERAL,3999,HOSPITAL_FILANTRÓPICO,RUA OSWALDO FONSECA,02,,CONSERVATORIA,27610470,(24) 2438-1202,hospcon@yahoo.com.br,46,39,0,0,0,0,0,0,0,0,0,0,0,0
202605,SUDESTE,RJ,330610,VALENCA,2295105,HOSPITAL SANTA ISABEL,ASSOCIACAO HOSPITAL SANTA ISABEL,M,5,HOSPITAL GERAL,3999,HOSPITAL_FILANTRÓPICO,RUA OLIMPIA JUNQUEIRA,279,,SANTA ISABEL,27611755,(24)24571117,ahsi.adm25@gmail.com,40,40,0,0,0,0,0,0,0,0,0,0,0,0
202605,SUDESTE,RJ,330455,RIO DE JANEIRO,2295369,ACAO CRISTA VICENTE MORETTI,ACAO CRISTA VICENTE MORETTI,M,7,HOSPITAL ESPECIALIZADO,3999,HOSPITAL_FILANTRÓPICO,MARAVILHA,308,,BANGU,21810100,,,40,40,0,0,0,0,0,0,0,0,0,0,0,0
202605,SUDESTE,RJ,330455,RIO DE JANEIRO,2295393,HOSPITAL NOSSA SENHORA DA SAUDE,SANTA CASA DA MISERICORDIA DO RIO DE JANEIRO,M,5,HOSPITAL GERAL,3999,HOSPITAL_FILANTRÓPICO,RUA DA GAMBOA,303,,SAUDE,20220322,,,34,0,0,0,0,0,0,0,0,0,0,0,0,0
202605,SUDESTE,RJ,330455,RIO DE JANEIRO,2295407,SMS HOSPITAL MUNICIPAL ROCHA FARIA AP 52,SMS RIO HOSPITAL MUNICIPAL ROCHA FARIA AP 52,M,5,HOSPITAL GERAL,1031,HOSPITAL_PÚBLICO,AV CESARIO DE MELO,3215,,CAMPO GRANDE,23050101,(21)2333-6797,direcao.hmrf@igedes.org.br,198,168,36,16,16,16,0,0,20,0,0,0,0,0
202605,SUDESTE,RJ,330455,RIO DE JANEIRO,2295415,HOSPITAL UNIVERSITARIO GAFFREE E GUINLE,UNIVERSIDADE DO ESTADO DO RIO DE JANEIRO,M,5,HOSPITAL GERAL,1139,HOSPITAL_PÚBLICO,MARIZ E BARROS,775,,TIJUCA,20270004,,,167,159,15,11,7,5,0,0,8,6,0,0,0,0
202605,SUDESTE,RJ,330455,RIO DE JANEIRO,2295423,HOSPITAL FEDERAL CARDOSO FONTES,MS HOSPITAL FEDERAL CARDOSO FONTES,M,5,HOSPITAL GERAL,1015,HOSPITAL_PÚBLICO,AVENIDA MENEZES CORTES,3245,,FREGUESIA JPA,22745130,(21)24252255,dirhgj@nerj.rj.saude.gov.br,182,179,28,25,18,18,10,7,0,0,0,0,0,0
202605,SUDESTE,RJ,330430,RIO BONITO,2296241,HOSPITAL REGIONAL DARCY VARGAS,HOSPITAL REGIONAL DARCY VARGAS,M,5,HOSPITAL GERAL,3999,HOSPITAL_FILANTRÓPICO,JOAO CARMO,110,,CENTRO,28800000,,,139,114,15,15,15,15,0,0,0,0,0,0,0,0
202605,SUDESTE,RJ,330455,RIO DE JANEIRO,2296306,SMS HOSPITAL MUNICIPAL SALGADO FILHO AP 32,SMS RIO HOSPITAL MUNICIPAL SALGADO FILHO AP 32,M,5,HOSPITAL GERAL,1031,HOSPITAL_PÚBLICO,ARQUIAS CORDEIRO,370,,MEIER,20770000,,,316,316,16,16,16,16,0,0,0,0,0,0,0,0
202605,SUDESTE,RJ,330455,RIO DE JANEIRO,2296594,UFRJ INSTITUTO DE GINECOLOGIA,UNIVERSIDADE FEDERAL DO RIO DE JANEIRO,M,7,HOSPITAL ESPECIALIZADO,1104,HOSPITAL_PÚBLICO,MONCORVO FILHO,90,,CENTRO,20211340,,,12,12,0,0,0,0,0,0,0,0,0,0,0,0
202605,SUDESTE,RJ,330455,RIO DE JANEIRO,2296608,HCJ HOSPITAL DE CLINICAS DE JACAREPAGUA,HOSPITAL DE CLINICAS DE JACAREPAGUA LTDA,M,5,HOSPITAL GERAL,2062,HOSPITAL_PRIVADO,RUA BACAIRIS,499,,TAQUARA,22730120,(21) 3987-7000,almeida.camila@amil.com.br,46,2,20,0,20,0,0,0,0,0,0,0,0,0
202605,SUDESTE,RJ,330455,RIO DE JANEIRO,2296616,UFRJ IPPMG INST DE PUER PED MARTAGAO GESTEIRA,UNIVERSIDADE FEDERAL DO RIO DE JANEIRO,M,7,HOSPITAL ESPECIALIZADO,1104,HOSPITAL_PÚBLICO,BRUNO LOBO,50,,CIDADE UNIVERSITARIA,21941912,21 39384816,,78,74,14,10,0,0,10,6,4,4,0,0,0,0
202605,SUDESTE,RJ,330045,BELFORD ROXO,2296764,CASA DE SAUDE E MATERNIDADE NOSSA SENHORA DA GLORIA,CASA DE SAUDE E MATERNIDADE XV DE AGOSTO LTDA,M,7,HOSPITAL ESPECIALIZADO,2062,HOSPITAL_PRIVADO,AV BENJAMIM PINTO DIAS,1677,CENTRO,BELFORD ROXO,26130000,(21)26620660,,40,0,0,0,0,0,0,0,0,0,0,0,0,0
202605,SUDESTE,RJ,330040,BARRA MANSA,2296977,CASA DE SAUDE SANTA MARIA SA,CASA DE SAUDE SANTA MARIA SA,M,5,HOSPITAL GERAL,2054,HOSPITAL_PRIVADO,RUA TENENTE JOSE EDUARDO,585,,ANO BOM,27323240,02433249100,,124,0,10,0,0,0,0,0,10,0,0,0,0,0
202605,SUDESTE,RJ,330414,QUEIMADOS,2297132,HOSPITAL INFANTIL 21 DE JULHO LTDA,HOSPITAL INFANTIL 21 DE JULHO LTDA,M,7,HOSPITAL ESPECIALIZADO,2062,HOSPITAL_PRIVADO,RUA JOAQUIM DOS SANTOS,265,,CENTRO,26383330,2126651266,hiq100@globo.com,79,79,0,0,0,0,0,0,0,0,0,0,0,0
202605,SUDESTE,RJ,330490,SAO GONCALO,2297590,MATERNIDADE MUNICIPAL DR MARIO NIAJAR,MUNICIPIO DE SAO GONCALO,M,7,HOSPITAL ESPECIALIZADO,1244,HOSPITAL_PÚBLICO,ALFREDO BACKER,324,,ALCANTARA,24430380,2725-7390,,77,77,0,0,0,0,0,0,0,0,0,0,0,0
202605,SUDESTE,RJ,330580,TERESOPOLIS,2297795,HOSPITAL DAS CLINICAS DE TERESOPOLIS,FESO FUNDACAO EDUCACIONAL SERRA DOS ORGAOS,M,5,HOSPITAL GERAL,3069,HOSPITAL_FILANTRÓPICO,DELFIM MOREIRA,2211,,VALE PARAISO,25953230,,,217,103,56,15,36,15,0,0,20,0,0,0,0,0
202605,SUDESTE,RJ,330455,RIO DE JANEIRO,2297833,CLINICA SAO VICENTE,HOSPITAIS INTEGRADOS DA GAVEA S A,M,5,HOSPITAL GERAL,2054,HOSPITAL_PRIVADO,JOAO BORGES,204,PARTE,GAVEA,22451100,21 32394700,,87,0,30,0,30,0,0,0,0,0,0,0,0,0
202605,SUDESTE,RJ,330490,SAO GONCALO,2298031,SES RJ HOSPITAL ESTADUAL ALBERTO TORRES GERAL SAO GONCALO,SECRETARIA DO ESTADO DE SAUDE DO RIO DE JANEIRO,E,5,HOSPITAL GERAL,1023,HOSPITAL_PÚBLICO,RUA OSORIO COSTA,S/N,NAO HA,COLUBANDE,24744680,(21) 3812 - 2646,direcaoheat@gmail.com,243,243,75,75,64,64,11,11,0,0,0,0,0,0
202605,SUDESTE,RJ,330340,NOVA FRIBURGO,2298090,HOSPITAL UNIMED DE NOVA FRIBURGO,UNIMED DE NOVA FRIBURGO SOCIEDADE COOPERATIVA DE SERVICOS ME,M,5,HOSPITAL GERAL,2143,HOSPITAL_PRIVADO,IZELINO MADURO,900,,CHACARA DO PARAISO,28605300,,,144,0,21,0,9,0,2,0,5,0,0,0,5,0
202605,SUDESTE,RJ,330340,NOVA FRIBURGO,2298104,HOSPITAL SERRANO,HOSPITAL SERRANO LTDA,M,5,HOSPITAL GERAL,2062,HOSPITAL_PRIVADO,GENERAL OSORIO,276,,CENTRO,28625630,,,41,0,10,0,10,0,0,0,0,0,0,0,0,0
202605,SUDESTE,RJ,330455,RIO DE JANEIRO,2298120,SMS HOSPITAL MUNICIPAL ALBERT SCHWEITZER AP 51,SMS RIO HOSPITAL MUNICIPAL ALBERT SCHWEITZER AP 51,M,5,HOSPITAL GERAL,1031,HOSPITAL_PÚBLICO,RUA NILOPOLIS,329,,REALENGO,21725090,(21) 2042-2096,faturamento.hmas@vivario.org.br,396,396,71,71,40,40,20,20,11,11,0,0,0,0
202605,SUDESTE,RJ,330100,CAMPOS DOS GOYTACAZES,2298317,HOSPITAL DOS PLANTADORES DE CANA,ASSOCIACAO FLUMINENSE DE ASSIST A MULHER CRIANCA E AO IDOSO,M,5,HOSPITAL GERAL,3999,HOSPITAL_FILANTRÓPICO,AV JOSE ALVES DE AZEVEDO,337,,PQ ROSARIO,28025496,2227377400,filantropia.hpc@gmail.com,286,236,50,38,30,18,0,0,20,20,0,0,0,0
202605,SUDESTE,RJ,330510,SAO JOAO DE MERITI,2298708,HOSPITAL MUNICIPAL DE SAO JOAO DE MERITI ABDON GONCALVES,SECRETARIA MUNICIPAL DE SAUDE DE SAO JOAO DE MERITI,M,5,HOSPITAL GERAL,1244,HOSPITAL_PÚBLICO,AVENIDA PRESIDENTE LINCOLN,S/N,,JARDIM MERITI,25555200,21 2651-1220,,87,67,20,0,20,0,0,0,0,0,0,0,0,0
202605,SUDESTE,RJ,330455,RIO DE JANEIRO,2298724,SES RJ HOSPITAL ESTADUAL ANCHIETA,SECRETARIA DE ESTADO DE SAUDE SES,E,5,HOSPITAL GERAL,1023,HOSPITAL_PÚBLICO,RUA CARLOS SEIDL,785,,CAJU,20930390,,,71,61,10,0,10,0,0,0,0,0,0,0,0,0
202605,SUDESTE,RJ,330455,RIO DE JANEIRO,2298740,HOSPITAL CLINICA GRAJAU,CASA DE SAUDE GRAJAU LTDA,M,5,HOSPITAL GERAL,2062,HOSPITAL_PRIVADO,RUA BARAO DO BOM RETIRO,2484,,GRAJAU,20540342,(21) 25771122,hcgrajau@hcgrajau.com.br,47,0,10,0,10,0,0,0,0,0,0,0,0,0
202605,SUDESTE,RJ,330420,RESENDE,2299216,HOSPITAL SAMER SERVICO DE ASSISTENCIA MEDICA DE RESENDE,HOSPITAIS INTEGRADOS DA GAVEA S A,M,5,HOSPITAL GERAL,2054,HOSPITAL_PRIVADO,RUA CADETE EDSON,38,QUADRA C LOTE AREA 1,MONTESE,27541060,(24) 3358-9018,direcao@samer.com.br,98,2,34,2,16,2,4,0,6,0,0,0,8,0
202605,SUDESTE,RJ,330490,SAO GONCALO,2696746,PRONTO SOCORRO CENTRAL DR ARMANDO GOMES DE SA COUTO,SECRETARIA MUNICIPAL DE SAUDE DE SAO GONCALO,M,5,HOSPITAL GERAL,1244,HOSPITAL_PÚBLICO,PRACA ESTEPHANIA DE CARVALHO,26,PARTE,ZE GAROTO,24440195,,,99,92,12,5,12,5,0,0,0,0,0,0,0,0
202605,SUDESTE,RJ,330490,SAO GONCALO,2696851,HOSPITAL SAO GONCALO LTDA,CLINICA SAO GONCALO LTDA,M,5,HOSPITAL GERAL,2062,HOSPITAL_PRIVADO,PIO XII,138,,SAO GONCALO,24440400,(21)2109-5023,,103,0,30,0,30,0,0,0,0,0,0,0,0,0
202605,SUDESTE,RJ,330080,CACHOEIRAS DE MACACU,2696924,HOSPITAL MUNICIPAL DR CELSO MARTINS,SMSDC DE CACHOEIRAS DE MACACU,M,5,HOSPITAL GERAL,1031,HOSPITAL_PÚBLICO,RUA PREFEITO JOSE DA SILVA,177,,CAMPO DO PRADO,28681300,(21)26492006,faturamentohmcm@gmail.com,82,82,0,0,0,0,0,0,0,0,0,0,0,0
202605,SUDESTE,RJ,330020,ARARUAMA,2696932,SES RJ HOSPITAL ESTADUAL ROBERTO CHABO,SECRETARIA DE ESTADO DE SAUDE DO RIO DE JANEIRO,E,5,HOSPITAL GERAL,1023,HOSPITAL_PÚBLICO,RUA BERNARDO DE VASCONCELOS,477,NAO HA,CENTRO,28970000,(22)35131408,LEONAM.LIMA@HERC.FS.RJ.GOV.BR,91,83,24,17,16,9,8,8,0,0,0,0,0,0
202605,SUDESTE,RJ,330060,BOM JESUS DO ITABAPOANA,2696940,HOSPITAL SAO VICENTE DE PAULO,CENTRO POPULAR PROMELHORAMENTOS DE BOM JESUS,M,5,HOSPITAL GERAL,3999,HOSPITAL_FILANTRÓPICO,RUA TEN JOSE TEIXEIRA,473,,CENTRO,28360000,22 38339010,hsvp@ig.com.br.,327,230,97,25,87,25,10,0,0,0,0,0,0,0
202605,SUDESTE,RJ,330240,MACAE,2697041,HOSPITAL SAO JOAO BATISTA DE MACAE,IRMANDADE DE SAO JOAO BATISTA DE MACAE,M,5,HOSPITAL GERAL,3999,HOSPITAL_FILANTRÓPICO,PRACA VERISSIMO DE MELLO,391,,CENTRO,27913100,(22) 2772-1005,stacasamacae@uol.com.br,143,76,18,10,18,10,0,0,0,0,0,0,0,0
202605,SUDESTE,RJ,330615,VARRE-SAI,2704390,HOSPITAL SAO SEBASTIAO DE VARRE SAI,HOSPITAL MUNICIPAL SAO SEBASTIAO DE VARRESAI,M,5,HOSPITAL GERAL,1244,HOSPITAL_PÚBLICO,RUA OCTAVIO MONERAT,10,,CENTRO,28375000,2238433832,,26,26,0,0,0,0,0,0,0,0,0,0,0,0
202605,SUDESTE,RJ,330380,PARATY,2704587,HOSPITAL MUNICIPAL HUGO MIRANDA,SECRETARIA MUNICIPAL DE SAUDE DE PARATY,M,5,HOSPITAL GERAL,1244,HOSPITAL_PÚBLICO,RUA SAO PEDRO DE ALCANTARA,01,,PONTAL,23970000,2433716551,paratyfaturamento@gmail.com,69,67,0,0,0,0,0,0,0,0,0,0,0,0
202605,SUDESTE,RJ,330490,SAO GONCALO,2704595,HOSPITAL INFANTIL DARCY SARMANHO VARGAS,SECRETARIA MUNICIPAL DE SAUDE DE SAO GONCALO,M,7,HOSPITAL ESPECIALIZADO,1244,HOSPITAL_PÚBLICO,PRACA ESTEPHANIA DE CARVALHO,26,PARTE 3,ZE GAROTO,24440195,(21)26056531,,43,37,6,0,0,0,6,0,0,0,0,0,0,0
202605,SUDESTE,RJ,330530,SAO SEBASTIAO DO ALTO,2704633,HOSPITAL SAO SEBASTIAO,ASSOCIACAO HOSPITALAR SAO SEBASTIAO DO ALTO,M,5,HOSPITAL GERAL,3999,HOSPITAL_FILANTRÓPICO,RUA MIN FRANCISCO DORNELLES,69,,BAIRRO STA IRENE,28550190,(22)25591313,hssa494@hotmail.com,52,44,0,0,0,0,0,0,0,0,0,0,0,0
202605,SUDESTE,RJ,330630,VOLTA REDONDA,2708078,HOSPITAL DR NELSON DOS SANTOS GONCALVES,SECRETARIA MUNICIPAL DE SAUDE PMVR,M,5,HOSPITAL GERAL,1031,HOSPITAL_PÚBLICO,RUA DEPUTADO GERALDO DI BIASE,S/N,,ATERRADO,27213080,2433399540,,38,38,0,0,0,0,0,0,0,0,0,0,0,0
202605,SUDESTE,RJ,330455,RIO DE JANEIRO,2708353,IFF FIOCRUZ,INST NACIONAL SAUDE MULHER CRIANCA ADOLES FERNANDES FIGUEIRA,M,7,HOSPITAL ESPECIALIZADO,1139,HOSPITAL_PÚBLICO,AV RUI BARBOSA,716,,FLAMENGO,22250020,(21)25541700,direcao@iff.fiocruz.br,141,141,34,34,0,0,6,6,28,28,0,0,0,0
202605,SUDESTE,RJ,330455,RIO DE JANEIRO,2708361,UFRJ INSTITUTO DE NEUROLOGIA DEOLINDO COUTO,UFRJ INSTITUTO DE NEUROLOGIA DEOLINDO COUTO,M,7,HOSPITAL ESPECIALIZADO,1104,HOSPITAL_PÚBLICO,AVENIDA VENCESLAU BRAS,95,,BOTAFOGO,22290140,(21) 3938-0531/0533,direcao@indc.ufrj.br,6,6,0,0,0,0,0,0,0,0,0,0,0,0
202605,SUDESTE,RJ,330350,NOVA IGUACU,2798662,HGNI HOSPITAL GERAL DE NOVA IGUACU,MUNICIPIO DE NOVA IGUACU,M,5,HOSPITAL GERAL,1244,HOSPITAL_PÚBLICO,AVENIDA HENRIQUE DUQUE ESTRADA MEYER,953,NAO HA,POSSE,26030380,2137799900,direcaogeral.hgni@novaiguacu.rj.gov.br,561,529,74,57,44,32,0,0,30,25,0,0,0,0
202605,SUDESTE,RJ,330030,BARRA DO PIRAI,2799308,CRUZ VERMELHA BRASILEIRA RJ BARRA DO PIRAI,CRUZ VERMELHA BRASILEIRA FILIAL DO ESTADO DO RIO DE JANEIRO,M,7,HOSPITAL ESPECIALIZADO,3999,HOSPITAL_FILANTRÓPICO,ANA NERY,120,SALA 802,CENTRO,27123150,2435114300,patricia.jankee@cruzvermelharj.org.br,100,100,0,0,0,0,0,0,0,0,0,0,0,0
202605,SUDESTE,RJ,330455,RIO DE JANEIRO,2812584,HOSPITAL SAO LOURENCO,HOSPITAL SAO LOURENCO EIRELI,M,5,HOSPITAL GERAL,2240,HOSPITAL_PRIVADO,AVENIDA SANTA CRUZ,3805,,BANGU,21810015,33386300,samirafelippe@gmail.com,39,0,0,0,0,0,0,0,0,0,0,0,0,0
202605,SUDESTE,RJ,330190,ITABORAI,2814161,SES RJ HOSPITAL ESTADUAL TAVARES DE MACEDO,SECRETARIA DE ESTADO DE SAUDE DO RIO DE JANEIRO,E,7,HOSPITAL ESPECIALIZADO,1023,HOSPITAL_PÚBLICO,AVENIDA 22 DE MAIO,S/N,KM 34,VENDA DAS PEDRAS,24805900,2136373522,hetm@saude.rj.gov.br,54,54,0,0,0,0,0,0,0,0,0,0,0,0
202605,SUDESTE,RJ,330455,RIO DE JANEIRO,2821737,CTO CLINICA TRAUMATO ORTOPEDICA,CTO CLINICA TRAUMATO ORTOPEDICA LTDA,M,7,HOSPITAL ESPECIALIZADO,2240,HOSPITAL_PRIVADO,RUA AMERICO BRASILIENSE,91,,MADUREIRA,21351060,21 3390-5636,ctofaturamento@utlook.com,12,0,0,0,0,0,0,0,0,0,0,0,0,0
202605,SUDESTE,RJ,330220,ITAPERUNA,2825376,ASSOCIACAO SANTO ANTONIO DOS POBRES DE ITAPERUNA,ASSOCIACAO SANTO ANTONIO DOS POBRES DE ITAPERUNA,M,5,HOSPITAL GERAL,3999,HOSPITAL_FILANTRÓPICO,RUA EXPEDICIONARIO CABO GAMA,494,,CIDADE NOVA,28300000,(22)38243215,financeiro@asapi.com.br,110,88,0,0,0,0,0,0,0,0,0,0,0,0
202605,SUDESTE,RJ,330455,RIO DE JANEIRO,2881683,AMBULATORIO PERINATAL LARANJEIRAS,REDE DOR SAO LUIZ S A,M,7,HOSPITAL ESPECIALIZADO,2046,HOSPITAL_PRIVADO,CARDOSO JUNIOR,5,LOJA A,LARANJEIRAS,22245000,21 22102004,silvana.moura@rededor.com.br,5,0,0,0,0,0,0,0,0,0,0,0,0,0
202605,SUDESTE,RJ,330510,SAO JOAO DE MERITI,2954885,NEO UNIDAS TERAPIA INTENSIVA NEONATAL LTDA,NEO UNIDAS TERAPIA INTENSIVA NEONATAL LTDA,M,7,HOSPITAL ESPECIALIZADO,2240,HOSPITAL_PRIVADO,RUA GESSYR GONCALVES FONTES,153,PARTE,CENTRO,25520570,21 2560-2660,neounidasrj@gmail.com,20,0,0,0,0,0,0,0,0,0,0,0,0,0
202605,SUDESTE,RJ,330045,BELFORD ROXO,2969734,HOSPITAL INFANTIL MILENE ISABELY CHRISTOVAM,MUNICIPIO DE BELFORD ROXO,M,5,HOSPITAL GERAL,1244,HOSPITAL_PÚBLICO,AVENIDA JOAQUIM DA COSTA LIMA,S/N,,PQ FERREIRAS,26116200,,,32,32,0,0,0,0,0,0,0,0,0,0,0,0
202605,SUDESTE,RJ,330455,RIO DE JANEIRO,3001202,POLICLINICA DE BOTAFOGO,POLICLINICA DE BOTAFOGO,M,5,HOSPITAL GERAL,3999,HOSPITAL_FILANTRÓPICO,AVENIDA PASTEUR,72,PREDIO,BOTAFOGO,22290240,22751447,presidencia@policlinicadebotafogo.org,33,0,2,0,2,0,0,0,0,0,0,0,0,0
202605,SUDESTE,RJ,330100,CAMPOS DOS GOYTACAZES,3002187,HOSPITAL GERAL DE GUARUS,FUNDACAO MUNICIPAL DE SAUDE,M,5,HOSPITAL GERAL,1155,HOSPITAL_PÚBLICO,SENADOR JOSE CARLOS PEREIRA PINTO,400,,CALABOUCO,28080420,22 81751621,GABPRES.FMS@GMAIL.COM,171,151,20,0,20,0,0,0,0,0,0,0,0,0
202605,SUDESTE,RJ,330455,RIO DE JANEIRO,3003450,CASA DE SAUDE PINHEIRO MACHADO,CASA DE SAUDE PINHEIRO MACHADO LTDA,M,5,HOSPITAL GERAL,2062,HOSPITAL_PRIVADO,PINHEIRO MACHADO,00155,,BOTAFOGO,22231090,21 21254882,CONTABILIDADE@CSPM.COM.BR,40,0,14,0,14,0,0,0,0,0,0,0,0,0
202605,SUDESTE,RJ,330455,RIO DE JANEIRO,3005984,HOSPITAL ITALIANO,SOCIEDADE ITALIANA DE BENEFICENCIA E MUTUO SOCORRO,M,5,HOSPITAL GERAL,3999,HOSPITAL_FILANTRÓPICO,MARECHAL JOFFRE,30,,GRAJAU,20560185,,,58,0,27,0,27,0,0,0,0,0,0,0,0,0
202605,SUDESTE,RJ,330455,RIO DE JANEIRO,3005992,HOSPITAL COPA DOR,REDE DOR SAO LUIZ S A,M,5,HOSPITAL GERAL,2046,HOSPITAL_PRIVADO,RUA FIGUEREDO DE MAGALHAES,875,PARTE,COPACABANA,22031011,2545-3600,scopador@copador.com.br,246,0,117,0,108,0,9,0,0,0,0,0,0,0
202605,SUDESTE,RJ,330455,RIO DE JANEIRO,3006050,HOSPITAL AMERICAN COR,HOSPITAL AMERICAN COR LTDA,M,5,HOSPITAL GERAL,2062,HOSPITAL_PRIVADO,RUA ADOLFO BERGAMINI,206,,ENGENHO DE DENTRO,20730000,,,48,0,0,0,0,0,0,0,0,0,0,0,0,0
202605,SUDESTE,RJ,330455,RIO DE JANEIRO,3008568,CENTRO PEDIATRICO DA LAGOA,IPANEMA SERVICOS DE ASSISTENCIA MEDICO CIRURGICA INFANTIL,M,7,HOSPITAL ESPECIALIZADO,2062,HOSPITAL_PRIVADO,LINEU DE PAULA MACHADO,64,,LAGOA,22470040,,,31,0,31,0,0,0,31,0,0,0,0,0,0,0
202605,SUDESTE,RJ,330455,RIO DE JANEIRO,3009947,SAO CARLOS SAUDE ONCOLOGICA,CLINICA SAO CARLOS S A,M,7,HOSPITAL ESPECIALIZADO,2054,HOSPITAL_PRIVADO,RUA HUMAITA,296,,BOTAFOGO,22261001,(21)2536-1300,,40,0,0,0,0,0,0,0,0,0,0,0,0,0
202605,SUDESTE,RJ,330330,NITEROI,3012395,CLINICA LUIZ PIRES DE MELLO MATRIZ,CLINICA LUIZ PIRES DE MELLO LTDA,M,7,HOSPITAL ESPECIALIZADO,2062,HOSPITAL_PRIVADO,GONCALVES LEDO,26,,FONSECA,24120160,021 6250293,Phablovalente81@gmail.com,12,0,0,0,0,0,0,0,0,0,0,0,0,0
202605,SUDESTE,RJ,330330,NITEROI,3012476,CASA DE SAUDE NOSSA SENHORA AUXILIADORA S A,CASA DE SAUDE NOSSA SENHORA AUXILIADORA S A,M,5,HOSPITAL GERAL,2054,HOSPITAL_PRIVADO,RUA VEREADOR DUQUE ESTRADA,157,,SANTA ROSA,24240210,2127150404,assistenteadm@csnsa.com.br,42,0,7,0,7,0,0,0,0,0,0,0,0,0
202605,SUDESTE,RJ,330455,RIO DE JANEIRO,3013146,HOSPITAL DI CAMP,HOSPITAL DI CAMP LTDA,M,5,HOSPITAL GERAL,2062,HOSPITAL_PRIVADO,ALBARDAO,630,,CAMPO GRANDE,23070130,2131981757,,94,0,7,0,0,0,0,0,0,0,0,0,7,0
202605,SUDESTE,RJ,330330,NITEROI,3013383,HOSPITAL DE CLINICAS ALAMEDA,CASA DE SAUDE SANTA RITA DE CASSIA LTDA,M,5,HOSPITAL GERAL,2062,HOSPITAL_PRIVADO,SAO BOAVENTURA,321,,FONSECA,24130005,21 35783636,adm@hospitalalameda.com.br,107,0,30,0,20,0,8,0,2,0,0,0,0,0
202605,SUDESTE,RJ,330170,DUQUE DE CAXIAS,3014673,HOSPITAL DANIEL LIPP LTDA,HOSPITAL DANIEL LIPP LTDA,M,5,HOSPITAL GERAL,2062,HOSPITAL_PRIVADO,CONDE DE PORTO ALEGRE,271,285,JARDIM VINTE E CINCO,25070350,21 36728700,hedarei@yahoo.com.br,43,0,15,0,9,0,4,0,2,0,0,0,0,0
202605,SUDESTE,RJ,330170,DUQUE DE CAXIAS,3014681,HOSPITAL MARIO LIONI,AMICO SAUDE LTDA,M,5,HOSPITAL GERAL,2054,HOSPITAL_PRIVADO,RUA ANA NERI,190,,25 DE AGOSTO,25070420,(21) 3805-1000,legalizacaobr@amil.com.br,75,0,18,0,10,0,8,0,0,0,0,0,0,0
202605,SUDESTE,RJ,330330,NITEROI,3016501,CASA DE SAUDE E MATERNIDADE SANTA MARTHA S A,CASA DE SAUDE E MATERNIDADE SANTA MARTHA SA,M,5,HOSPITAL GERAL,2054,HOSPITAL_PRIVADO,DR MARIO VIANA,653,,SANTA ROSA,24241001,,,100,0,26,0,20,0,0,0,6,0,0,0,0,0
202605,SUDESTE,RJ,330350,NOVA IGUACU,3019527,CASA DE SAUDE NOSSA SENHORA DE FATIMA N IGUACU SA,CASA DE SAUDE E MAT NOSSA SENHORA DE FATIMA DE NOVA IGUACU,M,5,HOSPITAL GERAL,2054,HOSPITAL_PRIVADO,R CORONEL BERNARDINO DE MELO,1465,,CENTRO,26255140,(21)2125-3115,csfatima@csfatima.com.br,113,0,50,0,30,0,16,0,4,0,0,0,0,0
202605,SUDESTE,RJ,330455,RIO DE JANEIRO,3020584,DAY CLINIC RIO,DAY CLINIC MADUREIRA LTDA,M,7,HOSPITAL ESPECIALIZADO,2062,HOSPITAL_PRIVADO,R GUARAPARI,41,SL501 A 510 601 602,MADUREIRA,21351120,21 3043-0609,administracao@dcm-rio.com.br,2,0,0,0,0,0,0,0,0,0,0,0,0,0
202605,SUDESTE,RJ,330330,NITEROI,3022080,NEOTIN NEONATAL,NEOTIN NEONATAL TERAPIA INTENSIVA LTDA,M,7,HOSPITAL ESPECIALIZADO,2062,HOSPITAL_PRIVADO,RUA TAPAJOS,325,,SAO FRANCISCO,24360420,21325254040,comercial@hmsaofrancisco.com.br,40,0,40,0,0,0,0,0,40,0,0,0,0,0
202605,SUDESTE,RJ,330320,NILOPOLIS,3024032,PRONIL HOSPITAL DE CLINICAS ANTONIO PAULINO,PRONIL CASA DE SAUDE E PRONTO SOCORRO INFANTIL LTDA,M,5,HOSPITAL GERAL,2062,HOSPITAL_PRIVADO,RUA JOAO PESSOA,1741,,CENTRO,26525015,26919595,RH2@PRONIL.COM.BR,132,0,33,0,33,0,0,0,0,0,0,0,0,0
202605,SUDESTE,RJ,330490,SAO GONCALO,3029131,HOSPITAL DO CORACAO SAMCORDIS,HOSPITAL SAMCORDIS LTDA,M,5,HOSPITAL GERAL,2062,HOSPITAL_PRIVADO,RUA DOUTOR NILO PECANHA,391,,ESTRELA DO NORTE,24435300,(21) 37158008,cpd@samcordis.com.br,81,0,18,0,18,0,0,0,0,0,0,0,0,0
202605,SUDESTE,RJ,330390,PETROPOLIS,3030415,BENEFICENCIA PORTUGUESA DE PETROPOLIS,SMH SOCIEDADE MEDICO HOSPITALAR LTDA,M,5,HOSPITAL GERAL,2062,HOSPITAL_PRIVADO,AVENIDA PORTUGAL,236,,VALPARAISO,25655374,024)2244-4200,smh@hospitalsmh.com.br,80,0,20,0,10,0,0,0,0,0,0,0,10,0
202605,SUDESTE,RJ,330455,RIO DE JANEIRO,3034984,HOSPITAL QUINTA DOR,REDE DOR SAO LUIZ SA,M,5,HOSPITAL GERAL,2046,HOSPITAL_PRIVADO,RUA ALMIRANTE BALTAZAR,383,435 467,SAO CRISTOVAO,20941150,2134613600,diretoriasecretaria@quintador.com.br,403,0,78,0,68,0,10,0,0,0,0,0,0,0
202605,SUDESTE,RJ,330470,SANTO ANTONIO DE PADUA,3040119,HOSPITAL HELIO MONTEZANO DE OLIVEIRA,FUNDACAO JOSE KEZEN,M,5,HOSPITAL GERAL,1155,HOSPITAL_PÚBLICO,AV JOAO JASBICK,520,,AEROPORTO,28470000,2238534089,,102,98,0,0,0,0,0,0,0,0,0,0,0,0
202605,SUDESTE,RJ,330455,RIO DE JANEIRO,3046281,CASA DE SAUDE NOSSA SENHORA DO CARMO,CASA DE SAUDE NOSSA SENHORA DO CARMO LTDA,M,7,HOSPITAL ESPECIALIZADO,2062,HOSPITAL_PRIVADO,RUA JAGUARUNA,105,,CAMPO GRANDE,23080160,,,120,0,75,0,49,0,5,0,10,0,0,0,11,0
202605,SUDESTE,RJ,330455,RIO DE JANEIRO,3046303,HOSPITAL DE CLINICAS DR ALOAN,HOSPITAL DE CLINICAS DR ALOAN LTDA,M,5,HOSPITAL GERAL,2240,HOSPITAL_PRIVADO,CHAVES FARIA,64,96,SAO CRISTOVAO,20910140,21 22332225,,50,0,18,0,18,0,0,0,0,0,0,0,0,0
202605,SUDESTE,RJ,330455,RIO DE JANEIRO,3048721,HOSPITAL DR BADIM,J BADIM S A,M,5,HOSPITAL GERAL,2054,HOSPITAL_PRIVADO,SAO FRANCISCO XAVIER,390,,TIJUCA,20550013,,DIRETORIA@BADIM.COM.BR,158,0,59,0,59,0,0,0,0,0,0,0,0,0
202605,SUDESTE,RJ,330350,NOVA IGUACU,3051692,EMCOR,EMCOR HOSPITAL DO CORACAO E DE CLINICAS DE NOVA IGUACU LTDA,M,7,HOSPITAL ESPECIALIZADO,2062,HOSPITAL_PRIVADO,RUA NELSON RAMOS,733,,CENTRO,26210140,3759-8100,emcor.br@ig.com.br,36,4,7,2,7,2,0,0,0,0,0,0,0,0
202605,SUDESTE,RJ,330455,RIO DE JANEIRO,3057496,RRM REDE RIO DE MEDICINA,RRM REDE RIO DE MEDICINA LTDA,M,5,HOSPITAL GERAL,2062,HOSPITAL_PRIVADO,DELGADO DE CARVALHO,22,,TIJUCA,20260280,21-38729922,administracao.ht@assimmedical.com.br,54,0,18,0,18,0,0,0,0,0,0,0,0,0
202605,SUDESTE,RJ,330455,RIO DE JANEIRO,3058204,PROCOR PRONTO SOCORRO CLINICO E CARDIOLOGICO,PROCOR PRONTO SOCORRO CLINICO E CARDIOLOGICO LTDA,M,7,HOSPITAL ESPECIALIZADO,2062,HOSPITAL_PRIVADO,CAMBAUBA,280,,ILHA DO GOVERNADOR,21940001,,,73,0,0,0,0,0,0,0,0,0,0,0,0,0
202605,SUDESTE,RJ,330455,RIO DE JANEIRO,3058212,HOSPITAL DE IRAJA,HOSPITAL DE IRAJA QUATRO AMIGOS LTDA,M,5,HOSPITAL GERAL,2062,HOSPITAL_PRIVADO,RUA PEREIRA DE ARAUJO,44,,IRAJA,21235090,35120645,financeiro@hospitaliraja.com.br,47,0,18,0,18,0,0,0,0,0,0,0,0,0
202605,SUDESTE,RJ,330455,RIO DE JANEIRO,3058336,CLINICA CIRURGICA SANTA BARBARA,CLINICA CIRURGICA SANTA BARBARA LTDA,M,5,HOSPITAL GERAL,2062,HOSPITAL_PRIVADO,RUA PAULO BARRETO,41,E 51,BOTAFOGO,22280010,,,53,0,13,0,7,0,0,0,6,0,0,0,0,0
202605,SUDESTE,RJ,330330,NITEROI,3065634,CHN COMPLEXO HOSPITALAR DE NITEROI,IMPAR SERVICOS HOSPITALARES SA,M,5,HOSPITAL GERAL,2054,HOSPITAL_PRIVADO,RUA LA SALLE ENTR SUPL R DR CELESTINO 113 C ENTR,12,R MARQUES DE OLINDA,CENTRO,24020096,21 2729-1000,,210,0,46,0,30,0,6,0,10,0,0,0,0,0
202605,SUDESTE,RJ,330455,RIO DE JANEIRO,3075338,SAINT ROMAN,CASA DE SAUDE SAINT ROMAN LTDA,M,7,HOSPITAL ESPECIALIZADO,2062,HOSPITAL_PRIVADO,RUA ALMIRANTE ALEXANDRINO,1342,1354 E 1368,SANTA TEREZA,20241260,38618100,marcelloratto@saintroman.com.br,100,0,0,0,0,0,0,0,0,0,0,0,0,0
202605,SUDESTE,RJ,330455,RIO DE JANEIRO,3094766,NIG BARRA,CLINICA BARRA DA TIJUCA,M,15,UNIDADE MISTA,2062,HOSPITAL_PRIVADO,RUA EINSTEIN,130,,BARRA DA TIJUCA,22611240,(21)2493-8867,administrativo@plenosaude.com.br,10,0,0,0,0,0,0,0,0,0,0,0,0,0
202605,SUDESTE,RJ,330455,RIO DE JANEIRO,3094987,NIG LEBLON,CASA GERIATRICA LEBLON LTDA,M,7,HOSPITAL ESPECIALIZADO,2062,HOSPITAL_PRIVADO,JUQUIA,18,PREDIO,LEBLON,22441080,2122743146,atendimento@nig-leblon.com.br,32,0,0,0,0,0,0,0,0,0,0,0,0,0
202605,SUDESTE,RJ,330455,RIO DE JANEIRO,3095002,NIG FLAMENGO,CASA GERIATRICA PAISSANDU LTDA,M,7,HOSPITAL ESPECIALIZADO,2062,HOSPITAL_PRIVADO,PAISSANDU,231,,FLAMENGO,22210080,11 95815921,FELIPE.FERRAZ@PREMIERHOSPITAL.COM.BR,50,0,0,0,0,0,0,0,0,0,0,0,0,0
202605,SUDESTE,RJ,330455,RIO DE JANEIRO,3095142,CENTRO REUMATOLOGICO BOTAFOGO,CREB CENTRO DE REUMATOLOGIA E ORTOPEDIA BOTAFOGO LTDA,M,5,HOSPITAL GERAL,2054,HOSPITAL_PRIVADO,RUA VOLUNTARIOS DA PATRIA,408,,BOTAFOGO,22270010,2131828282,CONTATO@CNESRIO.COM.BR,3,0,0,0,0,0,0,0,0,0,0,0,0,0
202605,SUDESTE,RJ,330455,RIO DE JANEIRO,3096513,SOS CORACAO,S O S CORACAO LTDA,M,7,HOSPITAL ESPECIALIZADO,2240,HOSPITAL_PRIVADO,JAGUARUNA,105,PARTE,CAMPO GRANDE,23052090,021 33843543,soscoracao@csnsc.com.br,5,0,0,0,0,0,0,0,0,0,0,0,0,0
202605,SUDESTE,RJ,330350,NOVA IGUACU,3096629,PSIL NOVA IGUACU,CENTRO PEDIATRICO DE NOVA IGUACU LTDA,M,21,PRONTO SOCORRO ESPECIALIZADO,2240,HOSPITAL_PRIVADO,RUA ANTONIO RABELO GUIMARAES,195,,CALIFORNIA,26216140,(21)27679815,grupocpni@gamil.com,4,0,0,0,0,0,0,0,0,0,0,0,0,0
202605,SUDESTE,RJ,330455,RIO DE JANEIRO,3113205,CASA DE PORTUGAL,CASA DE PORTUGAL,M,5,HOSPITAL GERAL,3999,HOSPITAL_FILANTRÓPICO,RUA DO BISPO,72,,RIO COMPRIDO,20261063,3987 7300,assuntos.regulatorios@hospitalcasa.com.br,144,0,68,0,68,0,0,0,0,0,0,0,0,0
202605,SUDESTE,RJ,330330,NITEROI,3127451,CLIPE CLINICA PEDIATRICA LTDA,CLIPE CLINICA PEDIATRICA LTDA,M,7,HOSPITAL ESPECIALIZADO,2062,HOSPITAL_PRIVADO,RUA TIRADENTES,12,E 18,INGA,24210510,21 26222040,,60,0,24,0,0,0,4,0,20,0,0,0,0,0
202605,SUDESTE,RJ,330510,SAO JOAO DE MERITI,3130339,CASA DE SAUDE E MATERNIDADE TEREZINHA DE JESUS LTDA,CASA DE SAUDE E MATERNIDADE TEREZINHA DE JESUS LTDA,M,5,HOSPITAL GERAL,2062,HOSPITAL_PRIVADO,GESSYR GONCALVES FONTES,153,,CENTRO,25520570,,,81,0,30,0,10,0,0,0,20,0,0,0,0,0
202605,SUDESTE,RJ,330100,CAMPOS DOS GOYTACAZES,3132471,HOSPITAL GERAL PRONTO CARDIO,HOSPITAL GERAL PRONTO CARDIO LTDA,M,5,HOSPITAL GERAL,2062,HOSPITAL_PRIVADO,RUA DR LACERDA SOBRINHO,225,,CENTRO,28010076,(22)2737-6060,,38,0,9,0,9,0,0,0,0,0,0,0,0,0
202605,SUDESTE,RJ,330350,NOVA IGUACU,3152626,UPNI,URGENCIA PEDIATRICA DE NOVA IGUACU LTDA,M,7,HOSPITAL ESPECIALIZADO,2062,HOSPITAL_PRIVADO,RUA BERNARDINO DE MELO,1465,,CENTRO,26250060,(21)26673724,,37,0,28,0,0,0,16,0,12,0,0,0,0,0
202605,SUDESTE,RJ,330455,RIO DE JANEIRO,3187837,HOSPITAL PRO CARDIACO,ESHO EMPRESA DE SERVICOS HOSPITALARES SA,M,5,HOSPITAL GERAL,2054,HOSPITAL_PRIVADO,RUA DONA MARIANA,217,219 223,BOTAFOGO,22280020,21 2528-1442,SIMONE.BAPTISTA@AMERICASMED.COM.BR,105,0,36,0,36,0,0,0,0,0,0,0,0,0
202605,SUDESTE,RJ,330452,RIO DAS OSTRAS,3193993,HOSPITAL GRAND MATER,HOSPITAL GRAND MATER LTDA,M,5,HOSPITAL GERAL,2062,HOSPITAL_PRIVADO,RUA RIO DE JANEIRO,192,QD16 LT11 12 22 23,EXTENSAO DO BOSQUE,28893334,22 27646406,financeiro@clinicamaterdei.com.br,10,0,0,0,0,0,0,0,0,0,0,0,0,0
202605,SUDESTE,RJ,330610,VALENCA,3211649,HOSPITAL DE CLINICAS MARQUES DE VALENCA,UNIMED MARQUES DE VALENCA COOPERATIVA TRABALHO MEDICO LTDA,M,5,HOSPITAL GERAL,2143,HOSPITAL_PRIVADO,AVENIDA DO CONTORNO,800,,JARDIM VALENCA,27603370,(24) 2453-9700,hcmv@mvalenca.unimed.com.br,20,0,0,0,0,0,0,0,0,0,0,0,0,0
202605,SUDESTE,RJ,330455,RIO DE JANEIRO,3248720,ORTHOS CLINICA,ORTHOS CLINICA DO APARELHO LOCOMOTOR LTDA,M,7,HOSPITAL ESPECIALIZADO,2240,HOSPITAL_PRIVADO,LEOPOLDINA REGO,774,ANEXO 778,PENHA,21021522,21 25642648,,2,0,0,0,0,0,0,0,0,0,0,0,0,0
202605,SUDESTE,RJ,330330,NITEROI,3296806,HOSPITAL SAO LUCAS,HOSPITAL SAO LUCAS DE NITEROI ASSIM MEDICAL LTDA,M,5,HOSPITAL GERAL,2062,HOSPITAL_PRIVADO,RUA DR MARCH,207,,BARRETO,24110650,21 27202090,administracao.hsl@assimmedical.com.br,52,0,0,0,0,0,0,0,0,0,0,0,0,0
202605,SUDESTE,RJ,330100,CAMPOS DOS GOYTACAZES,3315916,CLINICA CIRURGICA E MATERNIDADE LILIA NEVES,CLINICA CIRURGICA E MATERNIDADE LILIA NEVES LTDA,M,5,HOSPITAL GERAL,2062,HOSPITAL_PRIVADO,RUA CONSELHEIRO OTAVIANO,129,,CENTRO,28010140,(22)27333455,,40,0,2,0,0,0,0,0,2,0,0,0,0,0
202605,SUDESTE,RJ,330100,CAMPOS DOS GOYTACAZES,3315924,UTI NEONATAL NICOLA ALBANO,CEPLIN INSTITUTO DE NEONATOLOGIA E PEDIATRIA LTDA,M,7,HOSPITAL ESPECIALIZADO,2062,HOSPITAL_PRIVADO,RUA CONSELHEIRO OTAVIANO,129,,CENTRO,28010140,22 27333755,neoadm@utinicolaalbano.com.br,59,0,58,0,0,0,10,0,48,0,0,0,0,0
202605,SUDESTE,RJ,330455,RIO DE JANEIRO,3333868,HOSPITAL RIOMAR,HOSPITAL DE CLINICAS RIOMAR BARRA LTDA,M,5,HOSPITAL GERAL,2062,HOSPITAL_PRIVADO,AVENIDA CANDIDO PORTINARI,555,,BARRA DA TIJUCA,22793312,,legalizacao.obras@rededor.com.br,84,0,25,0,15,0,0,0,0,0,0,0,10,0
202605,SUDESTE,RJ,330455,RIO DE JANEIRO,3357783,CLINICA ENIO SERRA,CLINICA ENIO SERRA LTDA,M,5,HOSPITAL GERAL,2062,HOSPITAL_PRIVADO,SOARES CABRAL,36,,LARANJEIRAS,22240070,21 21256912,PEFCONTABIL@BOL.COM.BR,45,0,17,0,17,0,0,0,0,0,0,0,0,0
202605,SUDESTE,RJ,330240,MACAE,3410374,UTI NEONATAL NICOLA ALBANO,UTI NEONATAL NICOLA ALBANO LTDA,M,7,HOSPITAL ESPECIALIZADO,2062,HOSPITAL_PRIVADO,RUA MARECHAL DEODORO,565,,CENTRO,27910310,(22)27626436,neoadm@utinicolaalbano.com.br,22,0,21,0,0,0,0,0,21,0,0,0,0,0
202605,SUDESTE,RJ,330330,NITEROI,3450678,CLINICA PATER SAUDE MENTAL ALDEIA,CLINICA PATER LTDA,M,7,HOSPITAL ESPECIALIZADO,2062,HOSPITAL_PRIVADO,CAETANO MONTEIRO,1800,,BADU,24320570,21 27194465,CONCEICAOLEGALIZACAO@GMAIL.COM,70,0,0,0,0,0,0,0,0,0,0,0,0,0
202605,SUDESTE,RJ,330210,ITAOCARA,3470350,HOSPITAL MUNICIPAL DE ITAOCARA,MUNICIPIO DE ITAOCARA,M,5,HOSPITAL GERAL,1244,HOSPITAL_PÚBLICO,PRACA TOLEDO PIZZA,151,,CENTRO,28570000,(22)38612250,hospital_hmi@hotmaill.com,44,44,0,0,0,0,0,0,0,0,0,0,0,0
202605,SUDESTE,RJ,330455,RIO DE JANEIRO,3521133,HOSPITAL CEMERU,AMESC ASSOCIACAO MEDICA ESPIRITA CRISTA,M,5,HOSPITAL GERAL,3999,HOSPITAL_FILANTRÓPICO,RUA FELIPE CARDOSO,1025,,SANTA CRUZ,23510000,(21)33354040,JURIDICO@CEMERU.COM,115,0,38,0,19,0,9,0,10,0,0,0,0,0
202605,SUDESTE,RJ,330455,RIO DE JANEIRO,3521168,HOSPITAL ILHACOR,CASA DE SAUDE SAO BENTO LTDA,M,5,HOSPITAL GERAL,2062,HOSPITAL_PRIVADO,RUA MANUEL BONFIM,76,,ZUMBI,21930200,,,32,0,0,0,0,0,0,0,0,0,0,0,0,0
202605,SUDESTE,RJ,330455,RIO DE JANEIRO,3531228,SEMIU SERVICOS DE ESP MED E INT DE URGENCIA,SEMIU SERVICOS DE ESPECIALIDADES MEDICAS AMBULATORIAIS E CON,M,5,HOSPITAL GERAL,2062,HOSPITAL_PRIVADO,AV VICENTE DE CARVALHO,1159,,VILA DA PENHA,21210623,21 33915457,gestao@semiu.com.br,175,0,37,0,22,0,0,0,0,0,0,0,15,0
202605,SUDESTE,RJ,330455,RIO DE JANEIRO,3541207,CALREN HOSPITAL DO CALCULO RENAL,CALREN HOSPITAL DE URGENCIAS UROLOGICAS LTDA,M,7,HOSPITAL ESPECIALIZADO,2240,HOSPITAL_PRIVADO,RUA GENERAL ORLANDO GAISEL,100,XXXX,RECREIO DOS BANDEIRA,22790280,(21) 2430-2500,calrenhospital@yahoo.com.br,10,0,1,0,1,0,0,0,0,0,0,0,0,0
202605,SUDESTE,RJ,330455,RIO DE JANEIRO,3543579,HOSPITAL QUALI IPANEMA,INSTITUTO CIRURGICO GABRIEL DE LUCENA LTDA,M,5,HOSPITAL GERAL,2062,HOSPITAL_PRIVADO,BARAO DA TORRE,145,151 E 151 A,IPANEMA,22411001,,,17,0,4,0,4,0,0,0,0,0,0,0,0,0
202605,SUDESTE,RJ,330250,MAGE,3556441,CEMEP,CEMEP CENTRO MEDICO DE PIABETA LTDA,M,7,HOSPITAL ESPECIALIZADO,2062,HOSPITAL_PRIVADO,RUA CARAMURU,108,,PIABETA INHOMIRIM,25931806,(21)27391639,cemepcentromedico@yahoo.com.br,4,0,0,0,0,0,0,0,0,0,0,0,0,0
202605,SUDESTE,RJ,330590,TRAJANO DE MORAES,3584968,HOSPITAL MUNICIPAL FRANCISCO LIMONGI,MUNICIPIO DE TRAJANO DE MORAES,M,5,HOSPITAL GERAL,1244,HOSPITAL_PÚBLICO,RUA NEY FORTUNA,30,ATRAS DO CAMPO,CENTRO,28750000,(22)25641102,hflimongi@hotmail.com,41,41,0,0,0,0,0,0,0,0,0,0,0,0
202605,SUDESTE,RJ,330330,NITEROI,3587053,CENTRO ORTOPEDICO,CENTRO ORTOPEDICO SAO LUCAS LTDA,M,5,HOSPITAL GERAL,2062,HOSPITAL_PRIVADO,GAL PEREIRA DA SILVA,278,,ICARAI,24220031,21 27193535,,53,0,14,0,14,0,0,0,0,0,0,0,0,0
202605,SUDESTE,RJ,330330,NITEROI,3594432,HOSPITAL NITEROI DOR,HOSPITAL FLUMINENSE S A,D,5,HOSPITAL GERAL,2054,HOSPITAL_PRIVADO,SETE DE SETEMBRO,301,ENTR SUPL RUA MARI,SANTA ROSA,24230251,21 26079150,legalizacao.obras@rededor.com.br,158,7,91,0,85,0,6,0,0,0,0,0,0,0
202605,SUDESTE,RJ,330455,RIO DE JANEIRO,3603539,HOSPITAL ISRAELITA ALBERT SABIN,ASSOCIACAO BENEFICENTE ISRAELITA DO RIO DE JANEIRO,M,5,HOSPITAL GERAL,3999,HOSPITAL_FILANTRÓPICO,PROFESSOR GABIZO,319,,MARACANA,20271065,21 21768800,ALFREDO.PAULO@BADIM.COM.BR,56,0,10,0,10,0,0,0,0,0,0,0,0,0
202605,SUDESTE,RJ,330520,SAO PEDRO DA ALDEIA,3621316,HOSPITAL PEDIATRICO LAGOS,HOSPITAL PEDIATRICO LAGOS,M,7,HOSPITAL ESPECIALIZADO,2062,HOSPITAL_PRIVADO,RUA TEIXEIRA BRANDAO,19,,ESTACAO,28941186,(22) 3199 1356,contato@hplagos.med.br,43,0,33,0,0,0,13,0,20,0,0,0,0,0
202605,SUDESTE,RJ,330455,RIO DE JANEIRO,3784630,HOSPITAL DO MEIER,RRM REDE RIO DE MEDICINA LTDA,M,5,HOSPITAL GERAL,2062,HOSPITAL_PRIVADO,TENENTE COSTA,160,,MEIER,20775080,21 32798500,administracao.hm@assimmedical.com.br,32,0,0,0,0,0,0,0,0,0,0,0,0,0
202605,SUDESTE,RJ,330190,ITABORAI,3784916,SES RJ HOSP EST PREF JOAO BATISTA CAFFARO,SECRETARIA DE ESTADO DE SAUDE SES,E,5,HOSPITAL GERAL,1023,HOSPITAL_PÚBLICO,OSORIO COSTA,S/N,NAO HA,CENTRO,24800001,21 26359395,mbiasi@ideas.med.br,128,85,50,7,50,7,0,0,0,0,0,0,0,0
202605,SUDESTE,RJ,330455,RIO DE JANEIRO,3947262,HOSPITAL CASA SANTA CRUZ HOSPITAL GERAL ADMINISTRACAO E GE,HOSPITAL CASA SANTA CRUZ HOSPITAL GERAL ADMINISTRACAO E GE,M,5,HOSPITAL GERAL,2062,HOSPITAL_PRIVADO,RUA NESTOR,00131,,SANTA CRUZ,23515680,,assuntos.regulatorios@hospitalcasa.com.br,84,0,30,0,20,0,10,0,0,0,0,0,0,0
202605,SUDESTE,RJ,330390,PETROPOLIS,3972976,HOSPITAL UNIMED,UNIMED PETROPOLIS COOPERATIVA DE TRABALHO MEDICO,M,5,HOSPITAL GERAL,2143,HOSPITAL_PRIVADO,RUA DO EXPEDICIONARIO,144,,BINGEN,25660290,2291-9840,diretoriahu@unimedpetropolis.com.br,64,0,4,0,0,0,0,0,4,0,0,0,0,0
202605,SUDESTE,RJ,330020,ARARUAMA,3988732,HCLAGOS,HOSPITAL DAS CLINICAS DA REGIAO DOS LAGOS S A,M,5,HOSPITAL GERAL,2054,HOSPITAL_PRIVADO,AV NILO PECANHA,835,EDIFICIO,CENTRO,28979285,2226656040,hclagos@yahoo.com.br,25,0,7,0,7,0,0,0,0,0,0,0,0,0
202605,SUDESTE,RJ,330455,RIO DE JANEIRO,4002806,CLINIPAM,CLINIPAM CLINICA PARANAENSE DE ASSISTENCIA MEDICA LTDA,M,7,HOSPITAL ESPECIALIZADO,2062,HOSPITAL_PRIVADO,ESTRAD DOS TRES RIOS,610,,FREGUESIA,22745005,21 21040705,IVANA.PORTO@HAPVIDA.COM.BR,13,0,0,0,0,0,0,0,0,0,0,0,0,0
202605,SUDESTE,RJ,330455,RIO DE JANEIRO,4012666,CLINIPAM CLINICA PARANAENS DE ASSISTENCIA MEDICA LTDA,CLINIPAM CLINICA PARANAENS DE ASSISTENCIA MEDICA LTDA,M,7,HOSPITAL ESPECIALIZADO,2062,HOSPITAL_PRIVADO,ESTRADA DOSTRES RIOS,542,,FREGUESIA,22745005,2121040705,IVANA.PORTO@HAPVIDA.COM.BR,31,0,10,0,0,0,0,0,10,0,0,0,0,0
202605,SUDESTE,RJ,330420,RESENDE,4042859,UTI INFANTIL DO MEDIO PARAIBA,UTI INFANTIL DO MEDIO PARAIBA LTDA,M,7,HOSPITAL ESPECIALIZADO,2062,HOSPITAL_PRIVADO,RUA ELZA DA SILVA DUARTE,71,PISO TERREO,CAMPO DO MANEJO,27520005,(24) 3028-0144,rh@utisupere.com.br,10,0,9,0,0,0,5,0,4,0,0,0,0,0
202605,SUDESTE,RJ,330455,RIO DE JANEIRO,4068432,PLACI BARRA,HOSPITAL PLACI BARRA LTDA,M,5,HOSPITAL GERAL,2062,HOSPITAL_PRIVADO,AVENIDA LUIS CARLOS PRESTES,180,,BARRA DA TIJUCA,22775055,,t.nogueira@placi.com.br,34,0,0,0,0,0,0,0,0,0,0,0,0,0
202605,SUDESTE,RJ,330550,SAQUAREMA,4089189,HOSPITAL MUNICIPAL NOSSA SENHORA DE NAZARETH,MUNICIPIO DE SAQUAREMA,M,5,HOSPITAL GERAL,1244,HOSPITAL_PÚBLICO,FABIO LUCIO DOS SANTOS,158,BARREIRA,VERDE VALE,28994434,22 26514821,SAUDE@SAQUAREMA.RJ.GOV.BR,87,87,20,20,10,10,10,10,0,0,0,0,0,0
202605,SUDESTE,RJ,330040,BARRA MANSA,4090101,SEST SERVICO SOCIAL DO TRANSPORTE,SEST SERVICO SOCIAL DO TRANSPORTE,M,15,UNIDADE MISTA,3077,HOSPITAL_FILANTRÓPICO,JOAO BRABO,05,,BARBARA,27330600,61 33157000,CNPJ@SESTSENAT.ORG.BR,4,0,0,0,0,0,0,0,0,0,0,0,0,0
202605,SUDESTE,RJ,330040,BARRA MANSA,4104269,PLAZA MEDICAL SERVICOS ESPECIALIZADOS EM SAUDE,PLAZA MEDICAL SERVICOS ESPECIALIZADOS EM SAUDE LTDA,M,7,HOSPITAL ESPECIALIZADO,2062,HOSPITAL_PRIVADO,TENENTE JOSE EDUARDO,200,,ANO BOM,27323240,24 33420298,G2CCONTABILIDADE@UOL.COM.BR,10,0,10,0,0,0,0,0,10,0,0,0,0,0
202605,SUDESTE,RJ,330280,MENDES,4123069,SAO MARCELINO CHAMPAGNAT,MUNICIPIO DE MENDES,M,5,HOSPITAL GERAL,1244,HOSPITAL_PÚBLICO,RJ127 KM30,S/N,,GONZALES,26700000,,,61,61,0,0,0,0,0,0,0,0,0,0,0,0
202605,SUDESTE,RJ,330455,RIO DE JANEIRO,4171330,HOSPITAL CASA MENSSANA,HOSPITAL CASA MENSSANA HOSPITAL GERAL ADM E GESTAO HOSP,M,7,HOSPITAL ESPECIALIZADO,2062,HOSPITAL_PRIVADO,RUA MARECHAL JOFRE,30,,GRAJAU,20560185,,,46,0,0,0,0,0,0,0,0,0,0,0,0,0
202605,SUDESTE,RJ,330455,RIO DE JANEIRO,4172140,ORPEXPLOIT BRASIL RESIDENCIAIS E CLINICAS PARA IDOSOS,ORPEXPLOIT BRASIL RESIDENCIAIS E CLINICAS,M,7,HOSPITAL ESPECIALIZADO,2062,HOSPITAL_PRIVADO,PAULO DE FRONTIN,756,,RIO COMPRIDO,20261243,,legalizacao@bslsaude.com.br,60,0,0,0,0,0,0,0,0,0,0,0,0,0
202605,SUDESTE,RJ,330100,CAMPOS DOS GOYTACAZES,4174941,HOSPITAL NURSING CARE,HOSPITAL NURSING CARE LTDA,M,5,HOSPITAL GERAL,2062,HOSPITAL_PRIVADO,AVENIDA DR ARTHUR BERNARDES,1583,1599,FLAMBOYANT II,28015325,22 27242982,ATENDIMENTO@HOSPITALNURSINGCARE.COM.BR,50,0,0,0,0,0,0,0,0,0,0,0,0,0
202605,SUDESTE,RJ,330455,RIO DE JANEIRO,4176030,HOSPITAL DE CLINICAS RIO MAR BARRA HIG,HOSPITAL INTEGRADOS DA GAVEA S A,M,5,HOSPITAL GERAL,2054,HOSPITAL_PRIVADO,AVENIDA CANDIDO PORTINARI,555,,BARRA DA TIJUCA,22793312,,legalizacao.obras@rededor.com.br,84,0,25,0,15,0,0,0,0,0,0,0,10,0
202605,SUDESTE,RJ,330455,RIO DE JANEIRO,4228391,MATERNIDADE PERINATAL BARRA,REDE DOR SAO LUIZ S A,M,7,HOSPITAL ESPECIALIZADO,2046,HOSPITAL_PRIVADO,AVENIDA EMBAIXADOR ABELARDO BUENO,201,LOT 02 PAL 46985,BARRA DA TIJUCA,22775040,2137222000,silvana.moura@rededor.com.br,161,8,81,0,17,0,12,0,52,0,0,0,0,0
202605,SUDESTE,RJ,330240,MACAE,4249216,NOVO HOSPITAL DA UNIMED,UNIMED DE MACAE COOPERATIVA DE ASSISTENCIA A SAUDE,M,5,HOSPITAL GERAL,2143,HOSPITAL_PRIVADO,ESTRADA HEROINA LIMA VIEIRA AZEVEDO,73,,GLORIA,27933030,(22) 2105-8008,diretoriahospital@costadosol.unimed.com.br,153,0,57,0,37,0,10,0,10,0,0,0,0,0
202605,SUDESTE,RJ,330580,TERESOPOLIS,4278399,NEONATAL TERESOPOLIS,REDE DOR SAO LUIZ S A,M,7,HOSPITAL ESPECIALIZADO,2046,HOSPITAL_PRIVADO,DELFIM MOREIRA,2149,3 ANDAR PARTE,VALE DO PARAISO,25976016,21 80537012,marcus.costaf@rededor.com.br,12,0,0,0,0,0,0,0,0,0,0,0,0,0
202605,SUDESTE,RJ,330095,COMENDADOR LEVY GASPARIAN,4296702,CLINICA MEDICA TRIUNFO,CLINICA MEDICATRIUNFO LTDA,M,7,HOSPITAL ESPECIALIZADO,2062,HOSPITAL_PRIVADO,EST UNIAO INDUSTRIA,S/N,KM 142,ZONA RURAL,25875000,(32) 3224-3374,MODERNOSCONTABILIDADE@HOTMAIL.COM,50,0,0,0,0,0,0,0,0,0,0,0,0,0
202605,SUDESTE,RJ,330455,RIO DE JANEIRO,4316908,CENTRO PEDIATRICO DE SAUDE INTEGRADA,CENTRO PEDIATRICO DE SAUDE INTEGRADA LTDA,M,7,HOSPITAL ESPECIALIZADO,2062,HOSPITAL_PRIVADO,AV LINEU DE PAULA MACHADO,64,,LAGOA,22470040,,analistadp@prontobaby.com.br,16,0,0,0,0,0,0,0,0,0,0,0,0,0
202605,SUDESTE,RJ,330455,RIO DE JANEIRO,4549082,LARANJEIRAS PLASTIC DAY,LARANJEIRAS HOSPITAL E CLINICA CIRURGICA LTDA,M,5,HOSPITAL GERAL,2062,HOSPITAL_PRIVADO,SOARES CABRAL,00038,,LARANJEIRAS,22240070,21 41059920,CAAFF.ASSESSORIA.RJ@GMAIL.COM,5,0,0,0,0,0,0,0,0,0,0,0,0,0
202605,SUDESTE,RJ,330455,RIO DE JANEIRO,4575474,SMS MATERNIDADE DA ROCINHA AP 21,SMS RIO MATERNIDADE DA ROCINHA AP 21,M,7,HOSPITAL ESPECIALIZADO,1031,HOSPITAL_PÚBLICO,AV NIEMEYER,776,,SAO CONRADO,22450221,,,9,9,0,0,0,0,0,0,0,0,0,0,0,0
202605,SUDESTE,RJ,330340,NOVA FRIBURGO,4613988,SES RJ HOSPITAL ESTADUAL ONCOLOGICO DE NOVA FRIBURGO,SECRETARIA DE ESTADO DE SAUDE SES,E,7,HOSPITAL ESPECIALIZADO,1023,HOSPITAL_PÚBLICO,AVENIDA HAMBURGO,2379,,PONTE DA SAUDADE,28615230,,,49,40,9,0,9,0,0,0,0,0,0,0,0,0
202605,SUDESTE,RJ,330630,VOLTA REDONDA,4643488,PLAZA MEDICAL SERVICOS ESPECIALIZADOS EM SAUDE LTDA,PLAZA MEDICAL SERVICOS ESPECIALIZADOS EM SAUDE LTDA,M,7,HOSPITAL ESPECIALIZADO,2062,HOSPITAL_PRIVADO,NOSSA SENHORA DAS GRACAS,235,PARTE,SAO GERALDO,27253610,24 33420298,G2CCONTABILIDADE@UOL.COM.BR,11,1,10,0,0,0,0,0,10,0,0,0,0,0
202605,SUDESTE,RJ,330455,RIO DE JANEIRO,4734785,IPANEMA SERV DE ASSIST MED CIR INF,IPANEMA SERV DE ASSIST MED CIR INF LTDA,M,7,HOSPITAL ESPECIALIZADO,2062,HOSPITAL_PRIVADO,AV EPITACIO PESSOA,5030,,LAGOA,22471006,,analistadp@prontobaby.com.br,1,0,0,0,0,0,0,0,0,0,0,0,0,0
202605,SUDESTE,RJ,330490,SAO GONCALO,4766679,VISATTO SERVICOS MEDICOS OFTALMOLOGICOS LTDA,VISATTO SERVICOS MEDICOS OFTALMOLOGICOS LTDA,M,7,HOSPITAL ESPECIALIZADO,2062,HOSPITAL_PRIVADO,DR NILO PECANHA,56,SALAS 04 05 06 07,CENTRO,24445360,(22) 98824-3382,VISATTOFINANCEIRO@GMAIL.COM,1,1,0,0,0,0,0,0,0,0,0,0,0,0
202605,SUDESTE,RJ,330170,DUQUE DE CAXIAS,4832256,HOSPITAL MUNICIPAL DO CORACAO SAO JOSE,SECRETARIA MUNICIPAL DE SAUDE DE DUQUE DE CAXIAS,M,7,HOSPITAL ESPECIALIZADO,1031,HOSPITAL_PÚBLICO,RUA NOBRE DE LACERDA,111,,VILA FLAVIA,25010260,,,48,18,30,0,30,0,0,0,0,0,0,0,0,0
202605,SUDESTE,RJ,330100,CAMPOS DOS GOYTACAZES,4888030,HOSPITAL DE OLHOS DE CAMPOS,HOSPITAL DE OLHOS DE CAMPOS LTDA,M,7,HOSPITAL ESPECIALIZADO,2062,HOSPITAL_PRIVADO,28 DE MARCO,545,,PARQUE SANTO AMARO,28020740,22 21312647,CONTATO@ESCRIMAR.COM.BR,1,0,0,0,0,0,0,0,0,0,0,0,0,0
202605,SUDESTE,RJ,330240,MACAE,4906349,HOSPITAL MACAE,PACIFICO OPERACOES HOSPITALARES S A,M,5,HOSPITAL GERAL,2054,HOSPITAL_PRIVADO,AVENIDA ALUIZIO DA SILVA GOMES,787,,GLORIA,27930560,(22) 2763-4000,legalizacao.obras@rededor.com.br,98,0,35,0,25,0,0,0,10,0,0,0,0,0
202605,SUDESTE,RJ,330455,RIO DE JANEIRO,4922816,REVIT HOSPITAIS,REVIT HOSPITAIS LTDA,M,5,HOSPITAL GERAL,2062,HOSPITAL_PRIVADO,R JARDIM BOTANICO,660,,JARDIM BOTANICO,22461002,(21) 2508-1637,FINANCEIRO@ELDRY.COM.BR,40,0,0,0,0,0,0,0,0,0,0,0,0,0
202605,SUDESTE,RJ,330490,SAO GONCALO,4930371,HOSPITAL SAO LUCAS DE NITEROI ASSIM MEDICAL,HOSPITAL SAO LUCAS DE NITEROI ASSIM MEDICAL LTDA,M,5,HOSPITAL GERAL,2062,HOSPITAL_PRIVADO,R CORONEL SERRADO,688,,ZE GAROTO,24440001,(21) 2102-9782,,20,0,0,0,0,0,0,0,0,0,0,0,0,0
202605,SUDESTE,RJ,330455,RIO DE JANEIRO,4935306,HOSPITAL BARRA DOR II,HOSPITAL ESPERANCA SA,M,5,HOSPITAL GERAL,2054,HOSPITAL_PRIVADO,AVENIDA NELSON MUFARREJ,255,,BARRA DA TIJUCA,22775050,(21)24303600,marcus.costaf@rededor.com.br,203,0,56,0,36,0,0,0,0,0,0,0,20,0
202605,SUDESTE,RJ,330455,RIO DE JANEIRO,5034302,TIJUTRAUMA 613,CENTRO ORTOPEDICO TRAUMATOLOGICO TIJUCA LTDA,M,7,HOSPITAL ESPECIALIZADO,2062,HOSPITAL_PRIVADO,ANTONIO BASILIO,613,,TIJUCA,20511190,,,62,0,0,0,0,0,0,0,0,0,0,0,0,0
202605,SUDESTE,RJ,330420,RESENDE,5042062,NEOVIDA RESENDE,CENTRO DE TERAPIA INTENSIVA NEOVIDA RESENDE LTDA,M,7,HOSPITAL ESPECIALIZADO,2062,HOSPITAL_PRIVADO,RUA CADETE EDSON,38,1 ANDAR,MONTESE,27541060,(24) 3355-8114/8390,neovidaresende@gmail.com,17,0,15,0,0,0,5,0,10,0,0,0,0,0
202605,SUDESTE,RJ,330330,NITEROI,5042488,MATERNIDADE MUNICIPAL DRA ALZIRA REIS VIEIRA FERREIRA,FUNDACAO MUNICIPAL DE SAUDE DE NITEROI,M,7,HOSPITAL ESPECIALIZADO,1155,HOSPITAL_PÚBLICO,RUA CARLOS ERMELINDO MARINS,S/N,,JURUJUBA,24370195,2136110107,admmarvf2@gmail.com,32,32,0,0,0,0,0,0,0,0,0,0,0,0
202605,SUDESTE,RJ,330280,MENDES,5057531,HOSPITAL MUNICIPAL SANTA MARIA,MUNICIPIO DE MENDES,M,5,HOSPITAL GERAL,1244,HOSPITAL_PÚBLICO,RUA CAPITAO MEXIAS,112,,CENTRO,26700000,24-3199-0181,,22,21,0,0,0,0,0,0,0,0,0,0,0,0
202605,SUDESTE,RJ,330320,NILOPOLIS,5073898,DOMINGOS LOURENCO HOSPITAL E MATERNIDADE,CLINICA MATERNO INFANTIL DOMINGOS LOURENCO LTDA,M,7,HOSPITAL ESPECIALIZADO,2240,HOSPITAL_PRIVADO,RUA ALFREDO GONCALVES FILGUEIRAS,230,,CENTRO,26525060,21 32369300,assdir@domingoslourenco.com.br,61,0,31,0,1,0,0,0,30,0,0,0,0,0
202605,SUDESTE,RJ,330460,SANTA MARIA MADALENA,5095824,HOSPITAL BASILEU ESTRELA,MUNICIPIO DE SANTA MARIA MADALENA,M,5,HOSPITAL GERAL,1244,HOSPITAL_PÚBLICO,RUA BARAO DE MACABU,17,,CENTRO,28770000,2225611768,,23,23,0,0,0,0,0,0,0,0,0,0,0,0
202605,SUDESTE,RJ,330100,CAMPOS DOS GOYTACAZES,5108969,HOSPITAL UNIMED,UNIMED CAMPOS COOPERATIVA TRABALHO MEDICO,M,5,HOSPITAL GERAL,2143,HOSPITAL_PRIVADO,RUA VISCONDE DE ITABORAI,347,,PQ ROSARIO,28027142,22 21010650,,125,0,29,0,19,0,4,0,6,0,0,0,0,0
202605,SUDESTE,RJ,330455,RIO DE JANEIRO,5158044,HOSPITAL NAVAL MARCILIO DIAS,COMANDO DA MARINHA,M,5,HOSPITAL GERAL,1015,HOSPITAL_PÚBLICO,CESAR ZAMA,185,,LINS DE VASCONCELOS,20725090,,,535,0,41,0,15,0,6,0,10,0,0,0,10,0
202605,SUDESTE,RJ,330455,RIO DE JANEIRO,5160308,PRONTOBABY HOSPITAL DA CRIANCA,PRONTOBABY HOSPITAL DA CRIANCA LTDA,M,7,HOSPITAL ESPECIALIZADO,2062,HOSPITAL_PRIVADO,RUA ADOLFO MOTA 81,81,,TIJUCA,20540100,,,130,0,41,0,0,0,41,0,0,0,0,0,0,0
202605,SUDESTE,RJ,330455,RIO DE JANEIRO,5188326,LLAK MEDICINA NEONATAL LTDA MATRIZ,LLAK MEDICINA NEONATAL LTDA,M,7,HOSPITAL ESPECIALIZADO,2062,HOSPITAL_PRIVADO,RUA SILVA CARDOSO,711,3 ANDAR,BANGU,21810031,2124132003,ursula@neonatal.com.br,2,0,1,0,0,0,0,0,1,0,0,0,0,0
202605,SUDESTE,RJ,330350,NOVA IGUACU,5237424,HOSPITAL CATARINA,HOSPITAL CLINICO CIRURGICO CATARINA LTDA,M,5,HOSPITAL GERAL,2062,HOSPITAL_PRIVADO,AVENIDA ABILIO AUGUSTO TAVORA 2451,2451,LOTE 10,DA LUZ,26260045,(21) 97148-8942,CONTATO@HOSPITALCATARINA.COM.BR,5,0,0,0,0,0,0,0,0,0,0,0,0,0
202605,SUDESTE,RJ,330330,NITEROI,5264359,GERIATRIC S,RICARDO RODRIG E MARENIZIA B S RODRIG CONSULTORIOS LTDA,M,15,UNIDADE MISTA,2054,HOSPITAL_PRIVADO,ALMIRANTE ARY PARREIRAS,712,,VITAL BRASIL,24230322,21 93160792,,10,0,0,0,0,0,0,0,0,0,0,0,0,0
202605,SUDESTE,RJ,330411,PORTO REAL,5307864,HOSPITAL GERAL MUNICIPAL SAO FRANCISCO DE ASSIS,MUNICIPIO DE PORTO REAL,M,5,HOSPITAL GERAL,1244,HOSPITAL_PÚBLICO,AVENIDA RENATO MONTEIRO,1235,,CENTRO,27570000,2433534201,controleavaliacaopr@gmail.com,64,60,10,6,10,6,0,0,0,0,0,0,0,0
202605,SUDESTE,RJ,330455,RIO DE JANEIRO,5328942,CLINICA PEDIATRICA DA BARRA,CLINICA PEDIATRICA DA BARRA LTDA,M,21,PRONTO SOCORRO ESPECIALIZADO,2062,HOSPITAL_PRIVADO,AV DAS AMERICAS,4666,328 329,BARRA DA TIJUCA,22631004,21 34311000,pediatria@cmb.com.br,14,0,0,0,0,0,0,0,0,0,0,0,0,0
202605,SUDESTE,RJ,330555,SEROPEDICA,5349893,HOSPITAL MATERNIDADE MUNICIPAL DE SEROPEDICA,MUNICIPIO DE SEROPEDICA,M,7,HOSPITAL ESPECIALIZADO,1244,HOSPITAL_PÚBLICO,AV HALBERT ALVES DOS SANTOS,S/N,,INCRA,23890600,2126821532,hmmseropedica@hotmail.com,29,29,0,0,0,0,0,0,0,0,0,0,0,0
202605,SUDESTE,RJ,330455,RIO DE JANEIRO,5354684,UROCLIN,CLINICA ESPECIALIZADA EM UROLOGIA DE CAMPO GRANDE LTDA,M,7,HOSPITAL ESPECIALIZADO,2062,HOSPITAL_PRIVADO,RUA GENERAL ORLANDO GEISEL,100,LT 12 PAL 19672 Q117,RECREIO DOS BANDEIRA,22790280,21 24302504,UROLOGIACLIN@GMAIL.COM,14,0,0,0,0,0,0,0,0,0,0,0,0,0
202605,SUDESTE,RJ,330455,RIO DE JANEIRO,5355699,HOSPITAL DE CLINICAS SANTA CRUZ,HOSPITAL DE CLINICAS SANTA CRUZ LTDA,M,5,HOSPITAL GERAL,2062,HOSPITAL_PRIVADO,RUA FELIPE CARDOSO,759,,SANTA CRUZ,23510006,21039198,segurancatrab@hospitalmemorialsantacruz.com.br,46,0,10,0,10,0,0,0,0,0,0,0,0,0
202605,SUDESTE,RJ,330455,RIO DE JANEIRO,5358833,UFRJ INSTITUTO DE DOENCAS DO TORAX,UNIVERSIDADE FEDERAL DO RIO DE JANEIRO,M,7,HOSPITAL ESPECIALIZADO,1104,HOSPITAL_PÚBLICO,RUA PROFESSOR RODOLPHO PAULO ROCCO,255,01D58,ILHA DO FUNDAO,21941913,21 3938-2887,direcao@idt.ufrj.br,8,8,0,0,0,0,0,0,0,0,0,0,0,0
202605,SUDESTE,RJ,330455,RIO DE JANEIRO,5409063,HOSPITAL RIO LARANJEIRAS,HOSPITAL RIO LARANJEIRAS LTDA,M,5,HOSPITAL GERAL,2240,HOSPITAL_PRIVADO,DAS LARANJEIRAS,72,,LARANJEIRAS,22240000,21 31818647,assuntos.regulatorios@hospitalcasa.com.br,96,0,30,0,30,0,0,0,0,0,0,0,0,0
202605,SUDESTE,RJ,330240,MACAE,5412447,HOSPITAL PUBLICO MUNICIPAL DE MACAE HPM,MUNICIPIO DE MACAE,M,5,HOSPITAL GERAL,1244,HOSPITAL_PÚBLICO,ROD RJ 168,S/N,KM 04,VIRGEM SANTA,27910000,2227730061,faturamento.hpm@macae.rj.gov.br,274,258,46,34,30,30,6,4,10,0,0,0,0,0
202605,SUDESTE,RJ,330455,RIO DE JANEIRO,5414830,CLINICA CRISTO REI,CLINICA CRISTO REI LTDA,M,5,HOSPITAL GERAL,2062,HOSPITAL_PRIVADO,AVENIDA LOBO JUNIOR,695,,PENHA CIRCULAR,21020124,,,91,0,7,0,7,0,0,0,0,0,0,0,0,0
202605,SUDESTE,RJ,330200,ITAGUAI,5435153,UNIDADE BASICA DE SAUDE DR ALFREDO DE CARVALHO MAIO,UNIDADE BASICA DE SAUDE DR ALFREDO DE CARVALHO MAIO,M,15,UNIDADE MISTA,1244,HOSPITAL_PÚBLICO,RUA SAO BENEDITO,S/N,LT 22 23 E 24 QD13,VILA GENY,23826010,2137812799,ubsvilageny@itaguai.rj.gov.br,1,1,0,0,0,0,0,0,0,0,0,0,0,0
202605,SUDESTE,RJ,330045,BELFORD ROXO,5445329,CONTEX SOLUCOES E SERVICOS LTDA,CONTEX SOLUCOES E SERVICOS LTDA,M,7,HOSPITAL ESPECIALIZADO,2062,HOSPITAL_PRIVADO,BENJAMIM PINTO DIAS,1677,,CENTRO,26130001,21 26676676,CONTEX@GMAIL.COM,64,64,0,0,0,0,0,0,0,0,0,0,0,0
202605,SUDESTE,RJ,330320,NILOPOLIS,5478898,SES RJ HOSPITAL ESTADUAL VEREADOR MELCHIADES CALAZANS,SECRETARIA DE ESTADO DE SAUDE DO RIO DE JANEIRO,E,7,HOSPITAL ESPECIALIZADO,1023,HOSPITAL_PÚBLICO,RUA JOAO DE CASTRO,1250,,CABUIS,26540390,37611648,faturamento.htob@gmail.com,91,91,11,11,6,6,0,0,5,5,0,0,0,0
202605,SUDESTE,RJ,330350,NOVA IGUACU,5650852,SES RJ INSTITUTO ESTADUAL DE ONCOLOGIA DA BAIXADA,SECRETARIA DE ESTADO DE SAUDE SES,E,7,HOSPITAL ESPECIALIZADO,1023,HOSPITAL_PÚBLICO,AV BALTIMORE,23,,JARDIM ESPLANADA,26013320,,faturamento.oncobxd@gmail.com,100,81,19,0,19,0,0,0,0,0,0,0,0,0
202605,SUDESTE,RJ,330420,RESENDE,5681359,HOSPITAL MILITAR DE RESENDE,HOSPITAL MILITAR DE RESENDE,M,5,HOSPITAL GERAL,1015,HOSPITAL_PÚBLICO,RODOVIA PRESIDENTE DUTRA,306,,INDEPENDENCIA,27534970,(24) 3388-4753,,46,0,0,0,0,0,0,0,0,0,0,0,0,0
202605,SUDESTE,RJ,330070,CABO FRIO,5691710,PROCOR,L H EMPREENDIMENTOS MEDICOS LTDA,M,5,HOSPITAL GERAL,2062,HOSPITAL_PRIVADO,RUA ARIZIO GOMES DA COSTA,184,,JARDIM FLAMBOYANT,28905320,22 26457051,,58,0,0,0,0,0,0,0,0,0,0,0,0,0
202605,SUDESTE,RJ,330455,RIO DE JANEIRO,5717256,SMS HOSPITAL MUNICIPAL RONALDO GAZOLLA AP 33,EMPRESA PUBLICA DE SAUDE DO RIO DE JANEIRO S A RIOSAUDE,M,5,HOSPITAL GERAL,2011,HOSPITAL_PRIVADO,AV PASTOR MARTIN LUTHER KING,10976,,ACARI,21531010,(21)2088-4600,,425,425,245,245,245,245,0,0,0,0,0,0,0,0
202605,SUDESTE,RJ,330330,NITEROI,5738296,NEOTIN PEC,NEOTIN PEC UNIDADES MEDICAS INTENSIVAS LTDA,M,7,HOSPITAL ESPECIALIZADO,2062,HOSPITAL_PRIVADO,GUARARAPES,90,,SAO FRANCISCO,24360150,21 36179876,MARCELLO.TORRES@HMSAOFRANCISCO.COM.BR,7,0,0,0,0,0,0,0,0,0,0,0,0,0
202605,SUDESTE,RJ,330330,NITEROI,5738318,NEOTIN CIRURGIAS,NEOTIN CIRURGIAS LTDA,M,7,HOSPITAL ESPECIALIZADO,2062,HOSPITAL_PRIVADO,GUARARAPES,90,,SAO FRANCISCO,24360150,21 36179876,MARCELLO.TORRES@HMSAOFRANCISCO.COM.BR,60,0,30,0,0,0,10,0,20,0,0,0,0,0
202605,SUDESTE,RJ,330045,BELFORD ROXO,5811406,INSTITUTO ELISA DE CASTRO,INSTITUTO ELISA DE CASTRO,M,5,HOSPITAL GERAL,3999,HOSPITAL_FILANTRÓPICO,DJALMA RIBEIRO DE ANDRADE,5,,AREIA BRANCA,26112140,21 25322055,FISCALLDA@LDACONSULTORIA.COM,94,94,0,0,0,0,0,0,0,0,0,0,0,0
202605,SUDESTE,RJ,330040,BARRA MANSA,5829593,ANGIO BARRA,ANGIO BARRA MANSA HEMODINAMICA E CIRURGIAS CARDIOVASCULARES,M,7,HOSPITAL ESPECIALIZADO,2240,HOSPITAL_PRIVADO,PINTO RIBEIRO,205,ANDAR 2,CENTRO,27310420,24 33485060,,5,0,0,0,0,0,0,0,0,0,0,0,0,0
202605,SUDESTE,RJ,330170,DUQUE DE CAXIAS,5837618,HGF HOSPITAL GERAL NOSSA SENHORA DE FATIMA,HOSPITAL GERAL NOSSA SENHORA DE FATIMA LTDA,M,5,HOSPITAL GERAL,2062,HOSPITAL_PRIVADO,RUA VOLUNTARIOS DA PATRIA,257,CONJ PART,JARDIM 25 DE AGOSTO,25075030,,,55,0,10,0,10,0,0,0,0,0,0,0,0,0
202605,SUDESTE,RJ,330040,BARRA MANSA,5878640,HOSPITAL MATERNIDADE THERESA SACCHI DE MOURA,HOSPITAL MATERNO INFANTIL DE BARRA MANSA,M,7,HOSPITAL ESPECIALIZADO,1031,HOSPITAL_PÚBLICO,RUA TEN JOSE EDUARDO,200,,ANO BOM,27323240,02433245991,,38,38,0,0,0,0,0,0,0,0,0,0,0,0
202605,SUDESTE,RJ,330045,BELFORD ROXO,5886740,MATERNIDADE MUNICIPAL DE BELFORD ROXO,MUNICIPIO DE BELFORD ROXO,M,7,HOSPITAL ESPECIALIZADO,1244,HOSPITAL_PÚBLICO,AVENIDA BENJAMIN PINTO DIAS,S/N,,CENTRO,26116200,,,60,54,0,0,0,0,0,0,0,0,0,0,0,0
202605,SUDESTE,RJ,330045,BELFORD ROXO,5892732,HOSPITAL LUZIA BENEVENUTO,DESENVOLVIMENTO DE ASSISTENCIA MULTIPLA DESAM,M,5,HOSPITAL GERAL,3999,HOSPITAL_FILANTRÓPICO,BENJAMIM PINTO DIAS,1000,HOSPITAL,CENTRO,26130001,24 24712980,cnesdesam@gmail.com,31,0,0,0,0,0,0,0,0,0,0,0,0,0
202605,SUDESTE,RJ,330070,CABO FRIO,5903394,HOSPITAL MUNICIPAL DA MULHER EM CABO FRIO,HOSPITAL MUNICIPAL DA MULHER EM CABO FRIO,M,7,HOSPITAL ESPECIALIZADO,1031,HOSPITAL_PÚBLICO,FLORISBELA PENA,S/N,,BRAGA,28908050,22 26462506,CONTABILIDADE_SAUDE@CABOFRIO.RJ.GOV.BR,50,41,0,0,0,0,0,0,0,0,0,0,0,0
202605,SUDESTE,RJ,330455,RIO DE JANEIRO,5942292,CLINICA REVITALIS BARRA,CLINICA REVITALIS BARRA LTDA,M,7,HOSPITAL ESPECIALIZADO,2062,HOSPITAL_PRIVADO,EST BARRA DA TIJUCA,01020,,ITANHANGA,22641003,(21) 2529-2977,REVITALIS@CLINICAREVITALIS.COM.BR,47,0,0,0,0,0,0,0,0,0,0,0,0,0
202605,SUDESTE,RJ,330390,PETROPOLIS,5968879,CLINICA POUSADA DAS BROMELIAS,CASA DE SAUDE SANTA MONICA LTDA,M,7,HOSPITAL ESPECIALIZADO,2062,HOSPITAL_PRIVADO,RUA BISPO DOM JOSE PEREIRA ALVES,235,CASA,VALPARAISO,25685140,2422482289,pousada.das.bromelias@hotmail.com,30,0,0,0,0,0,0,0,0,0,0,0,0,0
202605,SUDESTE,RJ,330170,DUQUE DE CAXIAS,6007317,HOSPITAL MUNICIPAL MOACYR RODRIGUES DO CARMO,SECRETARIA MUNICIPAL DE SAUDE DE DUQUE DE CAXIAS,M,5,HOSPITAL GERAL,1031,HOSPITAL_PÚBLICO,ROD WASHINGTON LUIS,3200,,VILA SAO LUIZ,25085009,26721090 26723857,cnes.hmmrc.upa@gmail.com,321,311,30,20,30,20,0,0,0,0,0,0,0,0
202605,SUDESTE,RJ,330455,RIO DE JANEIRO,6043941,HOSPITAL CENTRAL DA AERONAUTICA HCA,HOSPITAL CENTRAL DA AERONAUTICA HCA,M,5,HOSPITAL GERAL,1015,HOSPITAL_PÚBLICO,RUA BARAO DE ITAPAGIPE,167,,RIO COMPRIDO,20261000,(21)3501-3100,dmd.hca@gmail.com,82,0,19,0,9,0,0,0,10,0,0,0,0,0
202605,SUDESTE,RJ,330100,CAMPOS DOS GOYTACAZES,6050476,HEMOCARDIO LTDA CARDIOCAMPOS,HEMOCARDIO LTDA,M,7,HOSPITAL ESPECIALIZADO,2240,HOSPITAL_PRIVADO,RUA SALDANHA MARINHO,480,1 ANDAR,CENTRO,28010272,2227345859,hemocardio@gmail.com,4,0,0,0,0,0,0,0,0,0,0,0,0,0
202605,SUDESTE,RJ,330452,RIO DAS OSTRAS,6069134,HOSPITAL MUNICIPAL DRA NAELMA MONTEIRO DA SILVA,MUNICIPIO RIO DAS OSTRAS,M,5,HOSPITAL GERAL,1244,HOSPITAL_PÚBLICO,RUA NILDON LUSTOSA,S/N,,PARQUE ZABULAO,28893800,22 27716329,hmro@pmro.rj.gov.br,63,57,6,0,6,0,0,0,0,0,0,0,0,0
202605,SUDESTE,RJ,330010,ANGRA DOS REIS,6086497,ANGRACOR SERVICOS HOSPITALARES LTDA,ANGRACOR SERVICOS HOSPITALARES LTDA,M,5,HOSPITAL GERAL,2240,HOSPITAL_PRIVADO,RUA MILTON BASILIO PEREIRA,455,,PARQUE DAS PALMEIRAS,23906270,2433650630,,5,0,5,0,5,0,0,0,0,0,0,0,0,0
202605,SUDESTE,RJ,330170,DUQUE DE CAXIAS,6121705,UTI RIO SERVICOS MEDICOS LTDA,UTI RIO SERVICOS MEDICOS LTDA,M,5,HOSPITAL GERAL,2240,HOSPITAL_PRIVADO,RUA CONDE DE PORTO ALEGRE,271,PARTE,25 DE AGOSTO,25070350,21-3672-8700,leandrohdl@uol.com.br,51,0,50,0,0,0,10,0,40,0,0,0,0,0
202605,SUDESTE,RJ,330185,GUAPIMIRIM,6146376,HOSPITAL MUNICIPAL JOSE RABELLO DE MELLO,PREFEITURA MUNICIPAL DE GUAPIMIRIM,M,5,HOSPITAL GERAL,1244,HOSPITAL_PÚBLICO,RUA OSVALDO CRUZ,0,,BANANAL,25946497,2126323169,sms@guapimirim.rj.gov.br,82,72,10,0,10,0,0,0,0,0,0,0,0,0
202605,SUDESTE,RJ,330455,RIO DE JANEIRO,6176666,HOSPITAL RIOS DOR,MEDISE MEDICINA DIAGNOSTICO E SERVICOS S A,M,5,HOSPITAL GERAL,2054,HOSPITAL_PRIVADO,DOS TRES RIOS,1316,1366 FREGUESIA,JACAREPAGUA,22745005,21 22833448,,138,0,41,0,34,0,7,0,0,0,0,0,0,0
202605,SUDESTE,RJ,330455,RIO DE JANEIRO,6183948,CASA DE SAUDE SAO JOAO DE DEUS,SAMOC S A SOCIEDADE ASSITENCIAL MEDICA E ODONTO CIRURGICA,M,5,HOSPITAL GERAL,2054,HOSPITAL_PRIVADO,ALMIRANTE ALEXANDRINO,2696,,SANTA TEREZA,20241263,(21)3233-1018,,8,0,7,0,7,0,0,0,0,0,0,0,0,0
202605,SUDESTE,RJ,330023,ARMACAO DOS BUZIOS,6200702,HOSPITAL MUNICIPAL DR RODOLPHO PERISSE,PREFEITURA MUNICIPAL DE ARMACAO DOS BUZIOS,M,5,HOSPITAL GERAL,1031,HOSPITAL_PÚBLICO,ESTRADA DOS BUZIOS,S/N,HOSPITAL,SAO JOSE,28958580,2226237622,saudebuzios@gmail.com,93,91,10,10,10,10,0,0,0,0,0,0,0,0
202605,SUDESTE,RJ,330440,RIO CLARO,6232094,HOSPITAL MUNICIPAL NOSSA SENHORA DA PIEDADE,SECRETARIA MUNICIPAL DE SAUDE DE RIO CLARO,M,5,HOSPITAL GERAL,1244,HOSPITAL_PÚBLICO,RODOVIA FRANCISCO SATURNINO BRAGA,9831,,GUARITA,27460000,24 33321611/33321798,fusarc.infdados@rioclaro.rj.gov.br,43,43,0,0,0,0,0,0,0,0,0,0,0,0
202605,SUDESTE,RJ,330455,RIO DE JANEIRO,6257100,UNIDADE INTEGRADA DE SAUDE MENTAL,COMANDO DA MARINHA,M,7,HOSPITAL ESPECIALIZADO,1015,HOSPITAL_PÚBLICO,MARECHAL SEREJO,539,,JACAREPAGUA,22743380,(21) 3312-4900,uism.secom@marinha.mil.br,56,0,0,0,0,0,0,0,0,0,0,0,0,0
202605,SUDESTE,RJ,330045,BELFORD ROXO,6291724,NEOPED,NEOPED UNIDADE NEONATAL E PEDIATRICA LTDA,M,7,HOSPITAL ESPECIALIZADO,2240,HOSPITAL_PRIVADO,BENJAMIN PINTO DIAS,1000,PARTE,CENTRO,26130000,21 26622400,josealbertovieira@globo.com,4,0,1,0,0,0,0,0,1,0,0,0,0,0
202605,SUDESTE,RJ,330040,BARRA MANSA,6392415,INTENSI BABY,CENTRO PERINATAL E PEDIATRICO SANTA MARIA LTDA,M,7,HOSPITAL ESPECIALIZADO,2062,HOSPITAL_PRIVADO,RUA TENENTE JOSE EDUARDO,585,,ANO BOM,27323240,33221788,intensibaby@gmail.com.br,10,0,6,0,0,0,2,0,4,0,0,0,0,0
202605,SUDESTE,RJ,330455,RIO DE JANEIRO,6427138,HOSPITAL DE CLINICAS SAO MATHEUS,AMA ASSISTENCIA MEDICA ALTERNATIVA LTDA,M,5,HOSPITAL GERAL,2062,HOSPITAL_PRIVADO,SILVA CARDOSO,689,,BANGU,21810031,21 24017396,clinicama@ig.com.br,136,0,32,0,20,0,0,0,12,0,0,0,0,0
202605,SUDESTE,RJ,330510,SAO JOAO DE MERITI,6518893,SES RJ HOSPITAL DA MULHER HELONEIDA STUDART,SECRETARIA DE ESTADO DE SAUDE SES,E,7,HOSPITAL ESPECIALIZADO,1023,HOSPITAL_PÚBLICO,AUTOMOVEL CLUBE,S/N,LOTE 1745,JARDIM JOSE BONIFACI,25565171,21 26519600,,134,134,30,30,10,10,0,0,20,20,0,0,0,0
202605,SUDESTE,RJ,330630,VOLTA REDONDA,6635148,HOSPITAL UNIMED,UNIMED DE VOLTA REDONDA COOPERATIVA DE TRABALHO MEDICO,M,5,HOSPITAL GERAL,2143,HOSPITAL_PRIVADO,DOS METALURGICOS,2490,,CASA DE PEDRA,27258000,24 21027007,NUCLEOFISCAL@UNIMEDVR.COM.BR,253,10,50,10,30,10,9,0,11,0,0,0,0,0
202605,SUDESTE,RJ,330455,RIO DE JANEIRO,6638309,QUALI DIAGNOSE,LORD SERVICOS MEDICOS LTDA,M,5,HOSPITAL GERAL,2062,HOSPITAL_PRIVADO,BARAO DA TORRE,00145,NUM 00151 151 A,IPANEMA,22411001,21 86343108,GER.ADMINISTRATIVA@QUALIIPANEMA.COM.BR,10,0,0,0,0,0,0,0,0,0,0,0,0,0
202605,SUDESTE,RJ,330500,SAO JOAO DA BARRA,6656951,CENTRO MUNICIPAL DE EMERGENCIA,MUNICIPIO DE SAO JOAO DA BARRA,M,5,HOSPITAL GERAL,1244,HOSPITAL_PÚBLICO,BR 356,S/N,FUNDOS,CENTRO,28200000,,,34,34,0,0,0,0,0,0,0,0,0,0,0,0
202605,SUDESTE,RJ,330455,RIO DE JANEIRO,6670504,LLAK MEDICINA NEONATAL BANGU,LLAK MEDICINA NEONATAL LTDA,M,7,HOSPITAL ESPECIALIZADO,2062,HOSPITAL_PRIVADO,SILVA CARDOSO,689,3 ANDAR,BANGU,21810031,21 24132003,llak@neonatal.com.br,25,0,0,0,0,0,0,0,0,0,0,0,0,0
202605,SUDESTE,RJ,330455,RIO DE JANEIRO,6681573,HOSPITAL NORTE DOR,HOSPITAL NORTE DOR DE CASCADURA SA,M,5,HOSPITAL GERAL,2054,HOSPITAL_PRIVADO,RUA CAROLINA MACHADO,38,,CASCADURA,21351021,21 37473600,diretoria@nortedor.com.br,146,0,40,0,40,0,0,0,0,0,0,0,0,0
202605,SUDESTE,RJ,330455,RIO DE JANEIRO,6716849,SMS CENTRO DE EMERGENCIA REGIONAL CER LEBLON AP 21,SMS RIO CENTRO DE EMERGENCIA REGIONAL CER LEBLON AP 21,M,20,PRONTO SOCORRO GERAL,1031,HOSPITAL_PÚBLICO,RUA MARIO RIBEIRO,1080,,LEBLON,22430160,2529-9227,coord.adm.cerleblon@fas.org.br,15,1,14,0,14,0,0,0,0,0,0,0,0,0
202605,SUDESTE,RJ,330455,RIO DE JANEIRO,6716938,SMS CENTRO DE EMERGENCIA REGIONAL CER BARRA AP 40,SMS RIO CENTRO DE EMERGENCIA REGIONAL CER BARRA AP 40,M,20,PRONTO SOCORRO GERAL,1031,HOSPITAL_PÚBLICO,AVENIDA AYRTON SENNA,2000,,BARRA DA TIJUCA,22793000,35507060,coord.emerg.barra.riosaude@gmail.com,6,0,0,0,0,0,0,0,0,0,0,0,0,0
202605,SUDESTE,RJ,330330,NITEROI,6734014,HOSPITAL ICARAI,CLINICA SAO GONCALO LTDA,M,5,HOSPITAL GERAL,2062,HOSPITAL_PRIVADO,RUA MARQUES DE PARANA,233,,CENTRO,24030215,3176-5000-RM :5114,,256,0,0,0,0,0,0,0,0,0,0,0,0,0
202605,SUDESTE,RJ,330455,RIO DE JANEIRO,6753469,HOSPITAL CENTRAL DO EXERCITO,HOSPITAL CENTRAL DO EXERCITO,M,5,HOSPITAL GERAL,1015,HOSPITAL_PÚBLICO,FRANCISCO MANUEL,126,PAVLH DIRECAO,BENFICA,20911270,21 38917269,tesouraria@hce.eb.mil.br,61,0,0,0,0,0,0,0,0,0,0,0,0,0
202605,SUDESTE,RJ,330330,NITEROI,6861873,SAO FRANCISCO HOSPITAL MATERNIDADE,NEOTIN NEONATAL TERAPIA INTENSIVA LTDA,M,7,HOSPITAL ESPECIALIZADO,2062,HOSPITAL_PRIVADO,TAPAJOS,325,ANTIGO 81,SAO FRANCISCO,24360200,,comercial@hmsaofrancisco.com.br,118,5,34,0,4,0,10,0,20,0,0,0,0,0
202605,SUDESTE,RJ,330455,RIO DE JANEIRO,6878865,CASA DE SAUDE SANTA LUCIA,ESHO EMPRESA DE SERVICOS HOSPITALARES S A,M,5,HOSPITAL GERAL,2054,HOSPITAL_PRIVADO,VOLUNTARIOS DA PATRIA,435,ENTRADA PELA,BOTAFOGO,22270000,21 22038655,TRIBUTARIO@AMERICASMED.COM.BR,16,0,16,0,16,0,0,0,0,0,0,0,0,0
202605,SUDESTE,RJ,330455,RIO DE JANEIRO,6995462,SMS HOSPITAL MUNICIPAL PEDRO II AP 53,SMS RIO HOSPITAL MUNICIPAL PEDRO II AP 53,M,5,HOSPITAL GERAL,1031,HOSPITAL_PÚBLICO,RUA DO PRADO,325,,SANTA CRUZ,23555012,3365 5201,cnes.hmp2@spdm-pais.org.br,331,322,63,54,34,34,10,10,10,10,9,0,0,0
202605,SUDESTE,RJ,330455,RIO DE JANEIRO,7002017,MS INCA HOSPITAL DO CANCER IV CUIDADOS PALIATIVOS,MS INCA HC IV HOSPITAL DO CANCER IV,M,7,HOSPITAL ESPECIALIZADO,1015,HOSPITAL_PÚBLICO,RUA VISCONDE SANTA ISABEL,274,,VILA ISABEL,20560120,21 3207 4058,hc4@inca.gov.br,56,56,0,0,0,0,0,0,0,0,0,0,0,0
202605,SUDESTE,RJ,330285,MESQUITA,7011857,SES RJ COMPLEXO REG MESQUITA MATERNID E CLINICA MULHER,FUNDACAO SAUDE DO ESTADO DO RIO DE JANEIRO,E,7,HOSPITAL ESPECIALIZADO,1260,HOSPITAL_PÚBLICO,DR CARVALHAES,400,,ROCHA SOBRINHO,26572530,21 23345010,ANA.FERNANDES@FS.GOV.BR,129,129,10,10,0,0,0,0,10,10,0,0,0,0
202605,SUDESTE,RJ,330455,RIO DE JANEIRO,7027397,SMS HOSPITAL MATERNIDADE MARIA AMELIA B DE HOLLANDA AP 10,SMS RIO HOSPITAL MATERNIDADE MARIA AMELIA B HOLLANDA AP 10,M,7,HOSPITAL ESPECIALIZADO,1031,HOSPITAL_PÚBLICO,RUA MONCORVO FILHO,67,,CENTRO,20211340,2122241949,hmmabh.faturamento@gmail.com,123,122,13,12,0,0,0,0,13,12,0,0,0,0
202605,SUDESTE,RJ,330455,RIO DE JANEIRO,7041624,SMS MATERNIDADE DA MULHER MARISKA RIBEIRO AP 51,SMS RIO HOSPITAL MUNICIPAL DA MULHER MARISKA RIBEIRO AP 51,M,7,HOSPITAL ESPECIALIZADO,1031,HOSPITAL_PÚBLICO,PRACA 1 DE MAIO,S/N,,BANGU,21830006,21 2042-2912,diretoria.hmmr@cejam.org.br,123,123,10,10,0,0,0,0,10,10,0,0,0,0
202605,SUDESTE,RJ,330630,VOLTA REDONDA,7052987,HINJA,HOSPITAL JARDIM AMALIA LTDA,M,5,HOSPITAL GERAL,2062,HOSPITAL_PRIVADO,DR MIGUEL COUTO,70,,JARDIM AMALIA,27251260,0024 03482001,HIMJA@UOL.COM.BR,22,0,2,0,2,0,0,0,0,0,0,0,0,0
202605,SUDESTE,RJ,330455,RIO DE JANEIRO,7065515,HOSPITAL SAO FRANCISCO NA PROVIDENCIA DE DEUS,ASSOCIACAO LAR SAO FRANCISCO DE ASSIS NA PROVIDENCIA DE DEUS,E,5,HOSPITAL GERAL,3999,HOSPITAL_FILANTRÓPICO,RUA CONDE DE BONFIM,1033,,TIJUCA,20530001,21 32944500,coordfaturamento.hsf@alsf.org.br,244,90,55,26,55,26,0,0,0,0,0,0,0,0
202605,SUDESTE,RJ,330420,RESENDE,7149328,HOSPITAL UNIMED RESENDE,UNIMED RESENDE RJ COOPERATIVA DE TRABALHO MEDICO,M,5,HOSPITAL GERAL,2143,HOSPITAL_PRIVADO,RUA ELZA DA SILVA DUARTE,71,,MANEJO,27520005,(24) 2108-9912,adm@hospitalunimedresende.com.br,70,0,10,0,10,0,0,0,0,0,0,0,0,0
202605,SUDESTE,RJ,330455,RIO DE JANEIRO,7158726,ESPACO CLIF,ESPACO CLIF MENTE E VIDA SA,M,7,HOSPITAL ESPECIALIZADO,2054,HOSPITAL_PRIVADO,RUA DAS PALMEIRAS,46,,BOTAFOGO,22270070,,,20,0,0,0,0,0,0,0,0,0,0,0,0,0
202605,SUDESTE,RJ,330100,CAMPOS DOS GOYTACAZES,7162723,ONCOBEDA II,ONCOBEDA SERVICOS MEDICOS LTDA ME,M,5,HOSPITAL GERAL,2062,HOSPITAL_PRIVADO,RUA SALDANHA MARINHO,387,,CENTRO,28010271,27330101,,32,0,5,0,5,0,0,0,0,0,0,0,0,0
202605,SUDESTE,RJ,330455,RIO DE JANEIRO,7166494,SMS HOSPITAL MUNICIPAL EVANDRO FREIRE AP 31,SMS RIO HOSPITAL MUNICIPAL EVANDRO FREIRE AP 31,M,5,HOSPITAL GERAL,1031,HOSPITAL_PÚBLICO,ESTRADA DO GALEAO,2920,,PORTUGUESA ILHA DO G,21931582,21 38122400,faturamento.hmef@cejam.org.br,103,103,30,30,30,30,0,0,0,0,0,0,0,0
202605,SUDESTE,RJ,330100,CAMPOS DOS GOYTACAZES,7170645,COMUNIDADE S8,COMUNIDADE S8,M,7,HOSPITAL ESPECIALIZADO,3999,HOSPITAL_FILANTRÓPICO,FAZENDA PEDRA LISA,S/N,,MORRO DO COCO,28178000,,comunidades8@comunidades8.org.br,42,0,0,0,0,0,0,0,0,0,0,0,0,0
202605,SUDESTE,RJ,330455,RIO DE JANEIRO,7185081,SES RJ HOSPITAL ESTADUAL TRANSPLANTE CANCER E CIR INFANTIL,SECRETARIA DE ESTADO DE SAUDE SES,E,7,HOSPITAL ESPECIALIZADO,1023,HOSPITAL_PÚBLICO,RUA LUIZ BELTRAO,147,RUA DAS TULIPAS 209,VILA VALQUEIRE,21330400,2133699650,administracao@hcrianca.com.br,83,77,26,20,0,0,10,10,16,10,0,0,0,0
202605,SUDESTE,RJ,330330,NITEROI,7202180,PLACI NITEROI,SETRE SERVICO DE TRATAMENTO E REABILITACAO ESPECIALIZADA LTD,M,5,HOSPITAL GERAL,2062,HOSPITAL_PRIVADO,MARTINS TORRES,98,,SANTA ROSA,24240705,21 34357385,RECEPCAO@PLACI.COM.BR,37,0,0,0,0,0,0,0,0,0,0,0,0,0
202605,SUDESTE,RJ,330170,DUQUE DE CAXIAS,7244339,HOSPITAL CAXIAS DOR,REDE DOR SAO LUIZ S A,M,5,HOSPITAL GERAL,2046,HOSPITAL_PRIVADO,AVENIDA BRIGADEIRO LIMA E SILVA,821,755 AREA A4 QD 13,25 DE AGOSTO,25071182,2134613488,diretoria@caxiasdor.com.br,220,0,114,0,49,0,28,0,15,0,0,0,22,0
202605,SUDESTE,RJ,330455,RIO DE JANEIRO,7251491,UNIMED RIO HOSPITAL BARRA DA TIJUCA,UNIMED RIO EMPREENDIMENTOS MEDICOS E HOSPITALARES LTDA,M,5,HOSPITAL GERAL,2062,HOSPITAL_PRIVADO,AV AYRTON SENNA,2550,,BARRA DA TIJUCA,22775003,21 3883-1000,,225,0,65,0,55,0,10,0,0,0,0,0,0,0
202605,SUDESTE,RJ,330455,RIO DE JANEIRO,7267975,SES RJ INSTITUTO ESTADUAL DO CEREBRO PAULO NIEMEYER,SECRETARIA DE ESTADO DE SAUDE DO RIO DE JANEIRO,E,7,HOSPITAL ESPECIALIZADO,1023,HOSPITAL_PÚBLICO,RUA DO REZENDE,156,NAO HA,CENTRO,20231092,021-38124105,hvillacorta@ideas.med.br,110,95,59,44,44,38,15,6,0,0,0,0,0,0
202605,SUDESTE,RJ,330455,RIO DE JANEIRO,7317530,HOSPITAL SAMARITANO,ESHO EMPRESA DE SERVICOS HOSPITALARES S A,M,5,HOSPITAL GERAL,2054,HOSPITAL_PRIVADO,RUA BAMBINA,98,,BOTAFOGO,22251050,(21) 3444-1000,edgar.araujo@amil.com.br,73,0,29,0,29,0,0,0,0,0,0,0,0,0
202605,SUDESTE,RJ,330390,PETROPOLIS,7337159,CLINICA REVITALIS,CLINICA PARA TRATAMENTO DE DEPENDENTES QUIMICOS REVITALIS,M,7,HOSPITAL ESPECIALIZADO,2062,HOSPITAL_PRIVADO,ESTRADA BERNARDO COUTINHO,2241,,ARARAS,25725022,2225-0430,revitalis@clinicarevitalis.com.br,108,0,0,0,0,0,0,0,0,0,0,0,0,0
202605,SUDESTE,RJ,330010,ANGRA DOS REIS,7354746,HOSPITAL MUNICIPAL DA JAPUIBA HMJ,FUNDACAO HOSPITALAR JORGE ELIAS MIGUEL,M,5,HOSPITAL GERAL,1155,HOSPITAL_PÚBLICO,RUA JAPORANGA,1700,,JAPUIBA,23934055,24 33686556,HGJ.dtec@angra.rj.gov.br,157,157,20,20,20,20,0,0,0,0,0,0,0,0
202605,SUDESTE,RJ,330030,BARRA DO PIRAI,7415273,CONSULTORIO UNIMED 24 HORAS,UNIMED CENTRO SUL FLUMINENSE COOPERATIVA DE TRABALHO MEDICO,M,5,HOSPITAL GERAL,2143,HOSPITAL_PRIVADO,RUA FRANKLIN DE MORAES,67,,CENTRO,27135000,24 24471700,,23,0,0,0,0,0,0,0,0,0,0,0,0,0
202605,SUDESTE,RJ,330455,RIO DE JANEIRO,7421710,HOSPITAL PASTEUR,AMICO SAUDE LTDA,M,5,HOSPITAL GERAL,2054,HOSPITAL_PRIVADO,AVENIDA AMARO CAVALCANTI,495,,MEIER,20735040,(21) 2104-4400,adm@hospitalpasteur.com.br,217,3,64,0,38,0,10,0,16,0,0,0,0,0
202605,SUDESTE,RJ,330200,ITAGUAI,7436734,HOSPITAL GERAL DE ITAGUAI,C M M A CENTRO MEDICO MOISES ABRAAO LTDA,M,5,HOSPITAL GERAL,2062,HOSPITAL_PRIVADO,ARI PARREIRAS,S/N,QUADRA03 LOTE 03 E 0,CENTRO,23815541,21 33953403,,94,37,20,0,10,0,10,0,0,0,0,0,0,0
202605,SUDESTE,RJ,330350,NOVA IGUACU,7454007,NEOVIDA NOVA IGUACU,NEOVIDA C INFANTIL DE T I E URG DE CAXIAS LTDA EPP,M,7,HOSPITAL ESPECIALIZADO,2062,HOSPITAL_PRIVADO,RUA NELSON RAMOS,733,,CENTRO,26210140,2126539619,neovidacentroinfantil@gamil.com,29,0,28,0,0,0,0,0,28,0,0,0,0,0
202605,SUDESTE,RJ,330455,RIO DE JANEIRO,7458940,HOSPITAL BARRA DOR PEDIATRIA,HOSPITAL ESPERANCA S A,M,5,HOSPITAL GERAL,2054,HOSPITAL_PRIVADO,AVENIDA AYRTON SENNA,3079,ANTIGO 2 541 AREA 2,BARRA DA TIJUCA,22775002,21 24303600,SECRETARIA@BARRADOR.COM.BR,30,0,10,0,0,0,10,0,0,0,0,0,0,0
202605,SUDESTE,RJ,330455,RIO DE JANEIRO,7474059,HOSPITAL SAO LUCAS,IMPAR SERVICOS HOSPITALARES SA,M,5,HOSPITAL GERAL,2054,HOSPITAL_PRIVADO,TRAVESSA FREDERICO PAMPLONA,22,29 32 S C RAMOS 173,COPACABANA,22061080,(21) 2545-4407,nadia@saolucascopacabana.com.br,184,0,54,0,54,0,0,0,0,0,0,0,0,0
202605,SUDESTE,RJ,330455,RIO DE JANEIRO,7516800,SES RJ HOSPITAL ESTADUAL EDUARDO RABELLO,FUNDACAO SAUDE DO ESTADO DO RIO DE JANEIRO,E,5,HOSPITAL GERAL,1260,HOSPITAL_PÚBLICO,DO PRE,S/N,,SENADOR VASCONCELOS,23013550,21 3408-9190,DOMINGOS.LIMA@FS.RJ.GOV.BR,100,93,7,0,7,0,0,0,0,0,0,0,0,0
202605,SUDESTE,RJ,330550,SAQUAREMA,7529384,SES RJ HOSPITAL ESTADUAL DOS LAGOS NOSSA SENHORA DE NAZARETH,SECRETARIA DE ESTADO DE SAUDE SES,E,5,HOSPITAL GERAL,1023,HOSPITAL_PÚBLICO,MANOEL DOMINGOS DOS SANTOS,725,,BARREIROS,28994621,22 9971-63518,hosp.est.doslagos.helagos@gmail.com,89,69,23,10,10,10,0,0,13,0,0,0,0,0
202605,SUDESTE,RJ,330190,ITABORAI,7550944,HOSPITAL ADVENTISTA SILVESTRE UNIDADE ITABORAI,INSTITUICAO ADVENTISTA ESTE BRAS DE PREV E ASS A SAUDE,M,5,HOSPITAL GERAL,3999,HOSPITAL_FILANTRÓPICO,RUA DESEMBARGADOR FERREIRA PINTO,721,PARTE,CENTRO,24800205,(21) 37856200,,13,0,8,0,8,0,0,0,0,0,0,0,0,0
202605,SUDESTE,RJ,330350,NOVA IGUACU,7580126,HOSPITAL GERAL PRONTONIL,HGP HOSPITAL GERAL PRONTONIL,M,5,HOSPITAL GERAL,2062,HOSPITAL_PRIVADO,OSCAR SOARES,515,PARTE,CALIFONIA,26220098,213892-7229,miranda@prontonil.com.br,102,0,44,0,34,0,10,0,0,0,0,0,0,0
202605,SUDESTE,RJ,330350,NOVA IGUACU,7591136,HOSPITAL IGUASSU MATERNIDADE MUNICIPAL MARIANA BULHOES,SECRETARIA MUNICIPAL DE SAUDE DE NOVA IGUACU,M,7,HOSPITAL ESPECIALIZADO,1244,HOSPITAL_PÚBLICO,RUA CORONEL ALFREDO SOARES,S/N,,CENTRO,26255150,31023123,direcaogeral.mmmb@gmail.com,30,0,25,0,0,0,0,0,25,0,0,0,0,0
202605,SUDESTE,RJ,330452,RIO DAS OSTRAS,7605331,CENTRO MEDICO INTEGRADO SANTA TERESINHA,INTERMEDICAL SERVICOS DE GESTAO ORGANIZACAO E LOGISTICA EM,M,5,HOSPITAL GERAL,2062,HOSPITAL_PRIVADO,AVENIDA GOVERNADOR ROBERTO SILVEIRA,S/N,QD0A8 LT014,COSTAZUL,28895266,22 27645751,,10,0,10,0,10,0,0,0,0,0,0,0,0,0
202605,SUDESTE,RJ,330455,RIO DE JANEIRO,7605935,HOSPITAL BANGU,REDE DOR SAO LUIZ S A,M,5,HOSPITAL GERAL,2046,HOSPITAL_PRIVADO,RUA FRANCISCO REAL,00732,NUM 00722 LOT 1 PAL,PADRE MIGUEL,21810042,21 31075600,legalizacao.obras@rededor.com.br,49,0,19,0,19,0,0,0,0,0,0,0,0,0
202605,SUDESTE,RJ,330452,RIO DAS OSTRAS,7612036,PRONTO SOCORRO MUNICIPAL RIO DAS OSTRAS,PREFEITURA MUNICIPAL DE RIO RIO DAS OSTRAS,M,5,HOSPITAL GERAL,1244,HOSPITAL_PÚBLICO,LAERCIO LUCIO DE CARVALHO,1075,,PARQUE ZABULAO,28893437,22 27641823,,46,42,0,0,0,0,0,0,0,0,0,0,0,0
202605,SUDESTE,RJ,330455,RIO DE JANEIRO,7642415,SAMARITANO BARRA,HOSPITAL ALVORADA TAGUATINGA LTDA,M,5,HOSPITAL GERAL,2054,HOSPITAL_PRIVADO,AV JORGE CURI,550,BLOCO B,BARRA DA TIJUCA,22640102,21 31422760,jusanramos@americasmed.com.br,32,0,8,0,8,0,0,0,0,0,0,0,0,0
202605,SUDESTE,RJ,330455,RIO DE JANEIRO,7642423,HOSPITAL VITORIA AMC,HOSPITAL ALVORADA TAGUATINGA LTDA,M,5,HOSPITAL GERAL,2054,HOSPITAL_PRIVADO,AVENIDA JORGE CURI,550,BLOCO C D,BARRA DA TIJUCA,22793334,,jusanramos@americasmed.com.br,239,0,50,0,34,0,16,0,0,0,0,0,0,0
202605,SUDESTE,RJ,330240,MACAE,7655703,HOSPITAL PUBLICO MUNICIPAL DA SERRA HPMS,MUNICIPIO DE MACAE,M,5,HOSPITAL GERAL,1244,HOSPITAL_PÚBLICO,RUA JOAO MANOEL DA SILVA,600,,TRAPICHE,27945000,(22) 2793-3914,assessoriahpms@gmail.com,31,31,0,0,0,0,0,0,0,0,0,0,0,0
202605,SUDESTE,RJ,330455,RIO DE JANEIRO,7659415,HOSPITAL OESTE DOR,REDE DOR SAO LUIZ S A,M,5,HOSPITAL GERAL,2046,HOSPITAL_PRIVADO,RUA OLINDA ELLIS,93,,CAMPO GRANDE,23045160,2124143600,legalizacao.obras@rededor.com.br,175,0,64,0,41,0,7,0,16,0,0,0,0,0
202605,SUDESTE,RJ,330040,BARRA MANSA,7711697,CASA CLINICA DE ATENCAO A SAUDE AMPLIADA SOCIEDADE EMPRESA,CASA CLINICA DE ATENCAO A SAUDE AMPLIADA SOCIEDADE EMPRESA,M,7,HOSPITAL ESPECIALIZADO,2062,HOSPITAL_PRIVADO,RUA ABDO FELIPE,156,,ANO BOM,27345030,02433230140,,21,0,0,0,0,0,0,0,0,0,0,0,0,0
202605,SUDESTE,RJ,330455,RIO DE JANEIRO,7859341,HOSPITAL SAO VICENTE DE PAULO,HOSPITAL SAO VICENTE DE PAULO,M,5,HOSPITAL GERAL,3999,HOSPITAL_FILANTRÓPICO,GONCALVES CRESPO,430,,TIJUCA,20270320,21 25632121,juridico@hsvp.org.br,131,0,20,0,10,0,0,0,0,0,0,0,10,0
202605,SUDESTE,RJ,330185,GUAPIMIRIM,7877528,PENSIONATO N S APARECIDA,PENSIONATO PROTEGIDO NOSSA SENHORA APARECIDA LTDA,M,7,HOSPITAL ESPECIALIZADO,2062,HOSPITAL_PRIVADO,AVENIDA CAFE FILHO,123,,CITROLANDIA,25942220,,,60,0,0,0,0,0,0,0,0,0,0,0,0,0
202605,SUDESTE,RJ,330330,NITEROI,7884680,HOSPITAL ITAIPU,UNIMED SAO GONCALO NITEROI SOC COOP SERV MED HOSP LTDA,M,5,HOSPITAL GERAL,2143,HOSPITAL_PRIVADO,ESTRADA FRANCISCO DA CRUZ NUNES,5599,,PIRATININGA,24350310,21 26085430,diretoria@hospitalitaipu.com.br,179,0,65,0,50,0,15,0,0,0,0,0,0,0
202605,SUDESTE,RJ,330455,RIO DE JANEIRO,7898843,HOSPITAL PANAMERICANO,CASA DE SAUDE SANTA THEREZINHA S A,M,5,HOSPITAL GERAL,2062,HOSPITAL_PRIVADO,MOURA BRITO,138,,TIJUCA,20520060,998118321,almeida.camila@amil.com.br,109,2,22,0,22,0,0,0,0,0,0,0,0,0
202605,SUDESTE,RJ,330620,VASSOURAS,7938861,CIS CENTRO INTEGRADO DE SAUDE,FUNDACAO EDUCACIONAL SEVERINO SOMBRA,M,5,HOSPITAL GERAL,3069,HOSPITAL_FILANTRÓPICO,AVENIDA RUI BARBOSA,17,,SANTA AMALIA,27700000,24 24718381,,23,0,9,0,5,0,0,0,4,0,0,0,0,0
202605,SUDESTE,RJ,330455,RIO DE JANEIRO,7954549,HOSPITAL ILHA DO GOVERNADOR,HOSPITAL ILHA DO GOVERNADOR LTDA,M,5,HOSPITAL GERAL,2062,HOSPITAL_PRIVADO,ESTRADA DO DENDE,668,,TAUA,21920610,32168000,assuntos.regulatorios@hospitalcasa.com.br,113,0,37,0,37,0,0,0,0,0,0,0,0,0
202605,SUDESTE,RJ,330455,RIO DE JANEIRO,8080798,GLORIA DOR,GLORIA DOR OPERACOES HOSPITALARES LTDA,M,5,HOSPITAL GERAL,2062,HOSPITAL_PRIVADO,RUA SANTO AMARO,80,886 88 90 E 92 SUP R,GLORIA,22211230,(21) 3262-2000,LEGALIZACAO.OBRAS@REDEDOR.COM.BR,218,0,81,0,30,0,14,0,20,0,0,0,17,0
202605,SUDESTE,RJ,330620,VASSOURAS,8200882,HMC PRIVATE HOSPITAL MARCO CAPUTE PRIVATE,FUNDACAO SEVERINO SOMBRA,M,5,HOSPITAL GERAL,3069,HOSPITAL_FILANTRÓPICO,RONALD FIUZA MANHAES,S/N,,CENTRO,27700000,24 24718244,hmcprivate@univassouras.edu.br,71,0,20,0,10,0,0,0,10,0,0,0,0,0
202605,SUDESTE,RJ,330045,BELFORD ROXO,8219982,CCA SERVICOS,CCA SERVICOS MEDICOS LTDA,M,7,HOSPITAL ESPECIALIZADO,2062,HOSPITAL_PRIVADO,BENJAMIM PINTO DIAS,1677,ANDAR 1 ANDAR HOSPIT,CENTRO,26130001,21 41231376,CHAVESALE2008@HOTMAIL.COM,64,0,0,0,0,0,0,0,0,0,0,0,0,0
202605,SUDESTE,RJ,330250,MAGE,8227314,HGNSP HOSPITAL GERAL NOSSA SENHORA DA PIEDADE,MUNICIPIO DE MAGE,M,5,HOSPITAL GERAL,1244,HOSPITAL_PÚBLICO,ESTRADA DO CONTORNO BR 493,493,,VILA ESPERANCA,25903587,,,88,88,0,0,0,0,0,0,0,0,0,0,0,0
202605,SUDESTE,RJ,330220,ITAPERUNA,9020462,HOSPITAL UNIMED NORTE FLUMINENSE,UNIMED DO NORTE FLUMINENSE COOP TRABALHO MEDICO,M,5,HOSPITAL GERAL,2143,HOSPITAL_PRIVADO,BUARQUE DE NAZARETH,226,ANEXO 221 E 234,CENTRO,28300000,22 38232450,jroberto@itaperuna.unimed.com.br,33,0,0,0,0,0,0,0,0,0,0,0,0,0
202605,SUDESTE,RJ,330455,RIO DE JANEIRO,9027645,PLACI BOTAFOGO,SOCIEDADE HOSPITALAR 4 DE JULHO LTDA,M,5,HOSPITAL GERAL,2062,HOSPITAL_PRIVADO,GENERAL POLIDORO,144,,BOTAFOGO,22280005,21 25165306,nathalia.tostes@aptalicenciamentos.com.br,90,0,0,0,0,0,0,0,0,0,0,0,0,0
202605,SUDESTE,RJ,330455,RIO DE JANEIRO,9065946,HOSPITAL COPA STAR,REDE DOR SAO LUIZ S A,M,5,HOSPITAL GERAL,2046,HOSPITAL_PRIVADO,RUA FIGUEIREDO MAGALHAES,700,,COPACABANA,22031012,34613620,LEGALIZACAO.OBRAS@REDEDOR.COM.BR,51,0,40,0,40,0,0,0,0,0,0,0,0,0
202605,SUDESTE,RJ,330630,VOLTA REDONDA,9074457,SES RJ HOSP REGIONAL MEDIO PARAIBA DRA ZILDA ARNS NEUMANN,SECRETARIA ESTADUAL DE SAUDE DO RIO DE JANEIRO,E,5,HOSPITAL GERAL,1023,HOSPITAL_PÚBLICO,RODOVIA PRESIDENTE DUTRA,S/N,KM 257 258,RIO DAS FLORES,27257420,(24) 3512-5002,CAIO.LARCHER@HRZAN.FS.RJ.GOV.BR,242,174,144,76,109,56,35,20,0,0,0,0,0,0
202605,SUDESTE,RJ,330205,ITALVA,9089497,ASSOCIACAO BENEFICIENTE E ASSISTENCIA MAGNUS DE ITALVA,ASSOCIACAO BENEFICIENTE E ASSISTENCIA MAGNUS DE ITALVA,M,5,HOSPITAL GERAL,3999,HOSPITAL_FILANTRÓPICO,CORONEL LUIS SALLES,208,,CENTRO,28250000,22 27832485,,56,0,0,0,0,0,0,0,0,0,0,0,0,0
202605,SUDESTE,RJ,330455,RIO DE JANEIRO,9110089,HOSPITAL GERAL DO RIO DE JANEIRO,HOSPITAL GERAL DO RIO DE JANEIRO,M,5,HOSPITAL GERAL,1015,HOSPITAL_PÚBLICO,AV DUQUE DE CAXIAS,1551,,DEODORO,21615220,(21) 24571700,DIVMEDHGERJ@GMAIL.COM,48,0,6,0,6,0,0,0,0,0,0,0,0,0
202605,SUDESTE,RJ,330455,RIO DE JANEIRO,9151532,HOSPITAL CASA DE PORTUGAL HOSPITAL GERAL ADMINISTRACAO,HOSPITAL CASA DE PORTUGAL HOSPITAL GERAL ADMINISTRACAO,M,5,HOSPITAL GERAL,2062,HOSPITAL_PRIVADO,RUA DO BISPO,S/N,PARTE,RIO COMPRIDO,20261064,(21) 2218-5354,assuntos.regulatorios@hospitalcasa.com.br,100,0,68,0,68,0,0,0,0,0,0,0,0,0
202605,SUDESTE,RJ,330455,RIO DE JANEIRO,9198024,HOSPITAL RIO BOTAFOGO,HOSPITAL RIO BOTAFOGO LTDA,M,5,HOSPITAL GERAL,2062,HOSPITAL_PRIVADO,BARAO DE LUCENA,95,,BOTAFOGO,22260020,21 3216-8000,assuntos.regulatorios@hospitalcasa.com.br,70,0,28,0,28,0,0,0,0,0,0,0,0,0
202605,SUDESTE,RJ,330455,RIO DE JANEIRO,9214763,HOSPITAL CASA SAO BERNARDO,HOSPITAL CASA SAO BERNARDO HOSPITAL GERAL,M,5,HOSPITAL GERAL,2062,HOSPITAL_PRIVADO,AVENIDA DAS AMERICAS,3250,,BARRA DA TIJUCA,22640102,2132168000,assuntos.regulatorios@hospitalcasa.com.br,135,0,78,0,70,0,0,0,0,0,0,0,8,0
202605,SUDESTE,RJ,330455,RIO DE JANEIRO,9426752,HOSPITAL BARRA PLASTICA,YP CLINICA CIRURGICA DA BARRA LTDA,M,7,HOSPITAL ESPECIALIZADO,2062,HOSPITAL_PRIVADO,RUA DAUT PERES,114,,BARRA DA TIJUCA,22640070,3251-1070/3253-5228,atendimento.barraplastica@gmail.com,21,0,0,0,0,0,0,0,0,0,0,0,0,0
202605,SUDESTE,RJ,330210,ITAOCARA,9441085,TOTAL MED SERVICOS MEDICOS LTDA ME,TOTAL MED SERVICOS MEDICOS LTDA ME,M,15,UNIDADE MISTA,2062,HOSPITAL_PRIVADO,RUA NILO PECANHA,564,SALA 789101112,CENTRO,28570000,2238618421,,3,0,0,0,0,0,0,0,0,0,0,0,0,0
202605,SUDESTE,RJ,330455,RIO DE JANEIRO,9461086,HOSPITAL SEMIU,SEMIU CENTRO MEDICO LTDA,M,5,HOSPITAL GERAL,2062,HOSPITAL_PRIVADO,AVENIDA VICENTE DE CARVALHO,1159,,VILA DA PENHA,21210623,21 34578800,GESTAO@SEMIU.COM.BR,175,0,37,0,22,0,0,0,0,0,0,0,15,0
202605,SUDESTE,RJ,330150,CORDEIRO,9491619,HOSPITAL DE CORDEIRO,MUNICIPIO DE CORDEIRO,M,5,HOSPITAL GERAL,1244,HOSPITAL_PÚBLICO,RUA ABEL VENTURA RIBEIRO DE MORAES,361,,CENTRO,28540000,,,40,40,0,0,0,0,0,0,0,0,0,0,0,0
202605,SUDESTE,RJ,330455,RIO DE JANEIRO,9505512,HOSPITAL PREMIUM,HOSPITAL CASA HOSPITAL DO CANCER,M,5,HOSPITAL GERAL,2062,HOSPITAL_PRIVADO,RUA DO BISPO,18,LOTE 1 PAL 10328,RIO COMPRIDO,20261064,02135503800,assuntos.regulatorios@hospitalcasa.com.br,82,0,27,0,27,0,0,0,0,0,0,0,0,0
202605,SUDESTE,RJ,330455,RIO DE JANEIRO,9567933,HOSPITAL MEMORIAL FUAD CHIDID,HOSPITAL MEMORIAL FUAD CHIDID LTDA,M,5,HOSPITAL GERAL,2062,HOSPITAL_PRIVADO,JOSE DOS REIS,81,23 27 59 71 73 75,ENGENHO DE DENTRO,20756115,,,92,0,29,0,29,0,0,0,0,0,0,0,0,0
202605,SUDESTE,RJ,330455,RIO DE JANEIRO,9614133,INTERMEDICA,NOTRE DAME INTERMEDICA SAUDE S A,M,5,HOSPITAL GERAL,2054,HOSPITAL_PRIVADO,SILVA TELES,00052,,ANDARAI,20541110,21 2570-6336,t_roberto.calheiros@hapvida.com.br,50,0,9,0,9,0,0,0,0,0,0,0,0,0
202605,SUDESTE,RJ,330455,RIO DE JANEIRO,9640665,LOG HEALTH,LOG HEALTH LOGISTICA GESTAO EM SAUDE DE,M,5,HOSPITAL GERAL,2062,HOSPITAL_PRIVADO,RUA ADOLFO BERGAMINI,206,PARTE,ENGENHO DE DENTRO,20730000,(21)3899-6342,,1,0,0,0,0,0,0,0,0,0,0,0,0,0
202605,SUDESTE,RJ,330100,CAMPOS DOS GOYTACAZES,9666389,VILA VERDE,NOVOS RUMOS SAUDE MENTAL LTDA,M,7,HOSPITAL ESPECIALIZADO,2062,HOSPITAL_PRIVADO,VOLUNTARIOS DA PATRIA,194,,CENTRO,28035260,22 998021806,SOCIETARIO3@MAXIMUMCONTABIL.COM.BR,2,0,0,0,0,0,0,0,0,0,0,0,0,0
202605,SUDESTE,RJ,330455,RIO DE JANEIRO,9739459,CENTRO HOSPITALAR AMEP JACAREPAGUA,HSJ HOSPITAL SEMIU DE JACAREPAGUA LTDA,M,5,HOSPITAL GERAL,2062,HOSPITAL_PRIVADO,MARECHAL MIGUEL SALAZAR MENDES DE MORAIS,254,,TAQUARA,22770330,21 86691518,GEANFRANCO@UOL.COM.BR,4,0,0,0,0,0,0,0,0,0,0,0,0,0
202605,SUDESTE,RJ,330630,VOLTA REDONDA,9761322,HOSPITAL VIVER MAIS,HOSPITAL VIVER MAIS S A,M,5,HOSPITAL GERAL,2054,HOSPITAL_PRIVADO,CENTO E CINQUENTA E SEIS,380,,LARANJAL,27255005,24 33430773,HOSPITALVIVERMAIS@GMAIL.COM,59,0,10,0,10,0,0,0,0,0,0,0,0,0
202605,SUDESTE,RJ,330390,PETROPOLIS,9762558,H C C CENTRO DE TERAPIA INTENSIVA E CIRURGICA LTDA,H C C CENTRO DE TERAPIA INTENSIVA E CIRURGICA LTDA,M,5,HOSPITAL GERAL,2062,HOSPITAL_PRIVADO,ESTRADA UNIAO E INDUSTRIA,2501,PARTE,CORREAS,25720062,(24) 22363738,faturamentohcc.hcc@gmail.com,91,1,45,0,45,0,0,0,0,0,0,0,0,0
202605,SUDESTE,RJ,330455,RIO DE JANEIRO,9796282,HOSPITAL PRO CRIANCA,HOSPITAIS INTEGRADOS DA GAVEA S A,M,7,HOSPITAL ESPECIALIZADO,2054,HOSPITAL_PRIVADO,RUA DONA MARIANA,220,,BOTAFOGO,22280020,32394685,legalizacao.obras@rededor.com.br,43,0,12,0,0,0,12,0,0,0,0,0,0,0
202605,SUDESTE,RJ,330455,RIO DE JANEIRO,9837426,HOSPITAL GLORIA DOR,HOSPITAIS INTEGRADOS DA GAVEA S A,E,5,HOSPITAL GERAL,2054,HOSPITAL_PRIVADO,RUA SANTO AMARO,80,86 88 90 92 C ENTRA,GLORIA,22211230,(21) 3262-2000,LEGALIZACAO.OBRAS@REDEDOR.COM.BR,218,0,88,0,37,0,14,0,20,0,0,0,17,0
202605,SUDESTE,RJ,330330,NITEROI,9839674,ESSENCIAL HOSPITAL DE TRANSICAO,ESSENCIAL CARE ASSISTENCIA MEDICA,M,5,HOSPITAL GERAL,2062,HOSPITAL_PRIVADO,AVENIDA RUI BARBOSA,716,,SAO FRANCISCO,24360440,,,30,0,0,0,0,0,0,0,0,0,0,0,0,0
202605,SUDESTE,RJ,330270,MARICA,9895124,ERNESTO CHE GUEVARA SMSM,HOSPITAL MUNICIPAL DR ERNESTO CHE GUEVARA,M,5,HOSPITAL GERAL,1031,HOSPITAL_PÚBLICO,ROD ERNANI DO AMARAL PEIXOTO,23269,QD GLD LT 2,SAO JOSE DO IMBASSAI,24931000,21-26372667,ernestocheguevaramarica@gmail.com,165,150,25,10,20,10,5,0,0,0,0,0,0,0
202605,SUDESTE,RJ,330010,ANGRA DOS REIS,9903496,PLAZA MEDICAL SERVICOS ESPECIALIZADOS EM SAUDE LTDA,PLAZA MEDICAL SERVICOS ESPECIALIZADOS EM SAUDE LTDA,M,5,HOSPITAL GERAL,2062,HOSPITAL_PRIVADO,RUA DOUTOR COUTINHO,84,2 ANDAR,CENTRO,23900620,24 21022121,,20,0,20,0,0,0,5,0,15,0,0,0,0,0
202605,SUDESTE,RJ,330490,SAO GONCALO,9912584,CLISSIL,CLISSIL CLINICA SAO SILVESTRE,M,7,HOSPITAL ESPECIALIZADO,2240,HOSPITAL_PRIVADO,RUA DR NILO PECANHA,940,,NOVA CIDADE,24440000,,,20,0,0,0,0,0,0,0,0,0,0,0,0,0
202605,SUDESTE,RJ,330110,CANTAGALO,9921710,CTI JOAO PAULO II,CENTRO DE TRATAMENTO INTENSIVO DE CANTAGALO LTDA,M,5,HOSPITAL GERAL,2062,HOSPITAL_PRIVADO,MIGUEL SANTOS,25,,CHACARA QUEIMADA,28500000,22 25510125,sandro@contavel.com,10,0,10,0,10,0,0,0,0,0,0,0,0,0
202606,SUDESTE,RJ,330330,NITEROI,12505,HOSPITAL UNIVERSITARIO ANTONIO PEDRO,EMPRESA BRASILEIRA DE SERVICOS HOSPITALARES,M,5,HOSPITAL GERAL,2011,HOSPITAL_PRIVADO,RUA MARQUES DO PARANA,303,,CENTRO,24033900,(21) 26299114,uac.huap@ebserh.gov.br,240,213,34,34,16,16,0,0,8,8,0,0,10,10
202606,SUDESTE,RJ,330330,NITEROI,12513,HOSPITAL MUNICIPAL CARLOS TORTELLY,FUNDACAO MUNICIPAL DE SAUDE,M,5,HOSPITAL GERAL,1155,HOSPITAL_PÚBLICO,ATHAYDE PARREIRAS,266,,NITEROI,24070090,(21) 2729-9342,,126,126,0,0,0,0,0,0,0,0,0,0,0,0
202606,SUDESTE,RJ,330330,NITEROI,12521,SES RJ HOSPITAL ESTADUAL AZEVEDO LIMA,SECRETARIA DE ESTADO DE SAUDE SES,E,5,HOSPITAL GERAL,1023,HOSPITAL_PÚBLICO,DR TEIXEIRA DE FREITAS,30,,FONSECA,24130616,(21) 36039450,faturamento@fs.rj.gov.br,267,244,45,30,35,30,0,0,10,0,0,0,0,0
202606,SUDESTE,RJ,330330,NITEROI,12548,HOSPITAL DA POLICIA MILITAR DE NITEROI,HOSPITAL DA POLICIA MILITAR DE NITEROI,M,5,HOSPITAL GERAL,1023,HOSPITAL_PÚBLICO,RUA MARTINS TORRES,245,,SANTA ROSA,24240705,(21)2715-4765,subdirtec?_hpmnit@pmerj.rj.gov.br,27,0,0,0,0,0,0,0,0,0,0,0,0,0
202606,SUDESTE,RJ,330330,NITEROI,12556,HOSPITAL ORENCIO DE FREITAS,FUNDACAO MUNICIPAL DE SAUDE DE NITEROI,M,5,HOSPITAL GERAL,1155,HOSPITAL_PÚBLICO,MACHADO,S/N,,BARRETO,24111000,021 26203434,direcaohof@gmail.com,76,70,6,0,6,0,0,0,0,0,0,0,0,0
202606,SUDESTE,RJ,330330,NITEROI,12599,HOSPITAL GETULIO VARGAS FILHO,FUNDACAO MUNICIPAL DE SAUDE,M,7,HOSPITAL ESPECIALIZADO,1155,HOSPITAL_PÚBLICO,TEIXEIRA DE FREITAS,S/N,,FONSECA,24130616,,,81,79,17,17,0,0,10,10,7,7,0,0,0,0
202606,SUDESTE,RJ,330330,NITEROI,12610,HOSPITAL DE OLHOS SANTA BEATRIZ,HOSPITAL OFTALMOLOGICO SANTA BEATRIZ LTDA,M,7,HOSPITAL ESPECIALIZADO,2062,HOSPITAL_PRIVADO,ALAMEDA SAO BOAVENTURA,586,,FONSECA,24120191,(21)26268000,diretoria@hosb.com.br,44,20,0,0,0,0,0,0,0,0,0,0,0,0
202606,SUDESTE,RJ,330330,NITEROI,12718,HOSPITAL PSIQUIATRICO DE JURUJUBA,FUNDACAO MUNICIPAL DE SAUDE DE NITEROI,M,7,HOSPITAL ESPECIALIZADO,1155,HOSPITAL_PÚBLICO,AV SILVIO PICANCO,S/N,,CHARITAS,24370005,(21)26107678,hospitalpsiquiatricodejurujuba@saude.niteroi.rj.gov.br,45,45,0,0,0,0,0,0,0,0,0,0,0,0
202606,SUDESTE,RJ,330330,NITEROI,12769,SES RJ INSTITUTO ESTADUAL DE DOENCAS DO TORAX ARY PARREIRAS,SECRETARIA DE ESTADO DE SAUDE DO RIO DE JANEIRO,E,7,HOSPITAL ESPECIALIZADO,1023,HOSPITAL_PÚBLICO,RUA DR LUIZ PALMIER,762,,BARRETO,24110310,(21)27290008,dg@ietap.fs.rj.gov.br,84,35,10,0,10,0,0,0,0,0,0,0,0,0
202606,SUDESTE,RJ,330330,NITEROI,12823,SEAP RJ HOSPITAL DE CUST E TRAT PSIQUIATRICO HENRIQUE ROXO,SECRETARIA DE ESTADO DE ADMINISTRACAO PENITENCIARIA,E,7,HOSPITAL ESPECIALIZADO,1023,HOSPITAL_PÚBLICO,RUA PROFESSOR HEITOR CARRILHO,S/N,,CENTRO,24030230,,seaphr@gmail.com,155,155,0,0,0,0,0,0,0,0,0,0,0,0
202606,SUDESTE,RJ,330630,VOLTA REDONDA,25135,HOSPITAL MUNICIPAL SAO JOAO BATISTA,SERVICO AUTONOMO HOSPITALAR,M,5,HOSPITAL GERAL,1120,HOSPITAL_PÚBLICO,RUA NOSSA SENHORA DAS GRACAS,235,,SAO GERALDO,27253610,2433424144,sah@hsjb.org.br,161,155,9,9,9,9,0,0,0,0,0,0,0,0
202606,SUDESTE,RJ,330630,VOLTA REDONDA,25143,HOSPITAL MUNICIPAL DR MUNIR RAFFUL,HOSPITAL MUNICIPAL DR MUNIR RAFFUL,M,5,HOSPITAL GERAL,1031,HOSPITAL_PÚBLICO,AV JARAGUA,1020,,RETIRO,27277130,2433399393,hmr@epdvr.com.br,183,179,10,6,10,6,0,0,0,0,0,0,0,0
202606,SUDESTE,RJ,330630,VOLTA REDONDA,25186,H FOA ECOSSISTEMA EM SAUDE E EDUCACAO ESCOLA MEDICA,FUNDACAO OSWALDO ARANHA,M,5,HOSPITAL GERAL,3069,HOSPITAL_FILANTRÓPICO,DR MIGUEL COUTO,70,,JARDIM AMALIA,27251260,24 33408371,direcao.executiva@hfoa.org.br,74,34,38,5,8,5,14,0,16,0,0,0,0,0
202606,SUDESTE,RJ,330630,VOLTA REDONDA,26050,HOSPITAL SANTA CECILIA,INSTITUTO DO CANCER DO CEARA,M,5,HOSPITAL GERAL,3999,HOSPITAL_FILANTRÓPICO,41 C,160,,VILA SANTA CECILIA,27255430,24 33443262,contabilidade@icc.org.br,125,18,30,6,20,6,5,0,5,0,0,0,0,0
202606,SUDESTE,RJ,330455,RIO DE JANEIRO,32247,HOSP CASA EVANGELICO HOSP GERAL ADM E GESTAO HOSP,HOSP CASA EVANGELICO HOSP GERAL ADM E GESTAO HOSP,M,5,HOSPITAL GERAL,2062,HOSPITAL_PRIVADO,RUA BOM PASTOR,295,CASA 1 PARTE CASA 1,TIJUCA,20521060,,,130,0,58,0,48,0,0,0,10,0,0,0,0,0
202606,SUDESTE,RJ,330045,BELFORD ROXO,52825,SOPHIA MEDIC SERVICOS MEDICOS E CIRURGICOS LTDA,SOPHIA MEDIC SERVICOS MEDICOS E CIRURGICOS LTDA,M,7,HOSPITAL ESPECIALIZADO,2062,HOSPITAL_PRIVADO,BENJAMIM PINTO DIAS,1677,SALA PARTE HOSPITAL,CENTRO,26130001,21 41231376,MEDIC.SOPHIA@GMAIL.COM,50,50,0,0,0,0,0,0,0,0,0,0,0,0
202606,SUDESTE,RJ,330330,NITEROI,55859,PROCEM CENTRO DE ESPECIALIDADES MEDICAS,C R P T ASSISTENCIA MEDICA E HOSPITALAR LTDA,M,7,HOSPITAL ESPECIALIZADO,2062,HOSPITAL_PRIVADO,TIRADENTES,12,E 18 PARTE,INGA,24210510,21 26210826,financeiro@clinicaprocem.com.br,60,0,24,0,0,0,4,0,20,0,0,0,0,0
202606,SUDESTE,RJ,330455,RIO DE JANEIRO,89338,HOSPITAL DOUTOR MARCOS MORAES,HOSPITAL DE ONCOLOGIA DO MEIER S A,M,5,HOSPITAL GERAL,2054,HOSPITAL_PRIVADO,ARISTIDES CAIRE,00027,,MEIER,20775090,21 30316762,TRIBUTARIO.GESTAO@ONCOCLINICAS.COM,86,0,10,0,10,0,0,0,0,0,0,0,0,0
202606,SUDESTE,RJ,330455,RIO DE JANEIRO,102881,HOSPITAL BARRA DAY,BARRA DAY SERVICOS MEDICOS LTDA,M,21,PRONTO SOCORRO ESPECIALIZADO,2062,HOSPITAL_PRIVADO,ARMANDO LOMBARDI,01000,BLC 2 SALAS 22,BARRA DA TIJUCA,22640000,21 35503400,ALMEIDAEVILLELA.SEGUROS@GMAIL.COM,8,0,0,0,0,0,0,0,0,0,0,0,0,0
202606,SUDESTE,RJ,330250,MAGE,103616,UNIDADE 24 HORAS DE SANTO ALEIXO,MUNICIPIO DE MAGE,M,20,PRONTO SOCORRO GERAL,1244,HOSPITAL_PÚBLICO,AVENIDA OTHON LINCH BEZERRA DE MELLO,329,ANT PRED CENTRO ADM,SANTO ALEIXO,25912206,,,14,14,0,0,0,0,0,0,0,0,0,0,0,0
202606,SUDESTE,RJ,330330,NITEROI,105317,HOSPITAL MUNICIPAL OCEANICO DR GILSON CANTARINO HMOGC,FUNDACAO MUNICIPAL DE SAUDE DE NITEROI,M,5,HOSPITAL GERAL,1155,HOSPITAL_PÚBLICO,DOUTOR RAUL DE OLIVEIRA RODRIGUES,382,,PIRATININGA,24350630,21 31803948,CONTABILIDADESAUDEDENITEROI@GMAIL.COM,80,80,10,10,10,10,0,0,0,0,0,0,0,0
202606,SUDESTE,RJ,330490,SAO GONCALO,113115,HOSPITAL MUNICIPAL RETAGUARDA GONCALENSE,SECRETARIA MUNICIPAL DE SAUDE DE SAO GONCALO,M,5,HOSPITAL GERAL,1244,HOSPITAL_PÚBLICO,RUA JOAO DE SOUZA,410,,CENTRO,24445370,,,86,59,27,0,27,0,0,0,0,0,0,0,0,0
202606,SUDESTE,RJ,330490,SAO GONCALO,113891,HOSPITAL DO CANCER E DO CORACAO HCCOR,SECRETARIA MUNICIPAL DE SAUDE DE SAO GONCALO,M,7,HOSPITAL ESPECIALIZADO,1244,HOSPITAL_PÚBLICO,ESTRADA DE PACHECO,216,A,LAGOINHA,24440400,,,47,47,10,10,10,10,0,0,0,0,0,0,0,0
202606,SUDESTE,RJ,330190,ITABORAI,131237,HOSPITAL MUNICIPAL SAO JUDAS TADEU,PREFEITURA MUNICIPAL DE ITABORAI,M,5,HOSPITAL GERAL,1244,HOSPITAL_PÚBLICO,AV 22 DE MAIO,S/N,,OUTEIRO DAS PEDRAS,24812222,21 2645-4508,gabinete.saude@itaborai.rj.gov.br,30,30,0,0,0,0,0,0,0,0,0,0,0,0
202606,SUDESTE,RJ,330170,DUQUE DE CAXIAS,155055,MATERNIDADE SANTA CRUZ DA SERRA,MUNICIPIO DE DUQUE DE CAXIAS,M,7,HOSPITAL ESPECIALIZADO,1244,HOSPITAL_PÚBLICO,AV AUTOMOVEL CLUBE,275,,SANTA CRUZ DA SERRA,25272405,,rh.maternidade.stserra@gmail.com,105,105,0,0,0,0,0,0,0,0,0,0,0,0
202606,SUDESTE,RJ,330414,QUEIMADOS,182974,HOSPITAL E MATERNIDADE MUNICIPAL DE QUEIMADOS,MUNICIPIO DE QUEIMADOS,M,7,HOSPITAL ESPECIALIZADO,1244,HOSPITAL_PÚBLICO,RUA DEUSINHO DE FREITAS,13,,CENTRO,26325290,26657800,,32,32,0,0,0,0,0,0,0,0,0,0,0,0
202606,SUDESTE,RJ,330360,PARACAMBI,219436,MATERNIDADE LAURINDO JOSE FERREIRA,MUNICIPIO DE PARACAMBI,M,7,HOSPITAL ESPECIALIZADO,1244,HOSPITAL_PÚBLICO,AVENIDA JONAS LEAL,17,,LAGES,26600000,,,15,15,0,0,0,0,0,0,0,0,0,0,0,0
202606,SUDESTE,RJ,330020,ARARUAMA,221015,HOSPITAL MUNICIPAL DR JAQUELINE PRATES CNPJ 31 135 0460001 4,HOSPITAL MUNICIPAL DRA JAQUELINE PRATES,M,5,HOSPITAL GERAL,1031,HOSPITAL_PÚBLICO,MAJOR FELIX MOREIRA,267,,CENTRO,28979102,22 97402349,sesau01@gmail.com,70,70,0,0,0,0,0,0,0,0,0,0,0,0
202606,SUDESTE,RJ,330350,NOVA IGUACU,679550,SES RJ HOSPITAL ESTADUAL DR RICARDO CRUZ,SECRETARIA DE ESTADO DE SAUDE SES,E,5,HOSPITAL GERAL,1023,HOSPITAL_PÚBLICO,AVENIDA GOVERNADOR ROBERTO SILVEIRA,1385,,CENTRO,26285060,26586670,hospitalestadualdrricardocruz@gmail.com,300,160,140,0,100,0,40,0,0,0,0,0,0,0
202606,SUDESTE,RJ,330455,RIO DE JANEIRO,697524,HOSPITAL DE AERONAUTICA DOS AFONSOS,HOSPITAL DE AERONAUTICA DOS AFONSOS,M,5,HOSPITAL GERAL,1015,HOSPITAL_PÚBLICO,AVENIDA MARECHAL FONTENELLE,1628,CAMPO DOS AFONSOS,CAMPO DOS AFONSOS,21740002,32896800,secdir.haaf@fab.mil.br,81,0,7,0,7,0,0,0,0,0,0,0,0,0
202606,SUDESTE,RJ,330510,SAO JOAO DE MERITI,726095,HOSPITAL MATERNIDADE SAO JOAO DE MERITI,MUNICIPIO DE SAO JOAO DE MERITI,M,7,HOSPITAL ESPECIALIZADO,1244,HOSPITAL_PÚBLICO,RUA VIRGILIO DE AZAMBUJA MONTEIRO,13,,CENTRO,25520410,,hospitalmaternidade.sjm@gmail.com,73,48,12,0,0,0,0,0,12,0,0,0,0,0
202606,SUDESTE,RJ,330455,RIO DE JANEIRO,759384,QUALITY CARE,QUALITY CARE SOLUCOES MEDICAS INTEGRADAS LTDA,M,5,HOSPITAL GERAL,2062,HOSPITAL_PRIVADO,RUA MENA BARRETO,165,,BOTAFOGO,22271100,2130903400,contratos@qualitylifehc.com.br,32,0,0,0,0,0,0,0,0,0,0,0,0,0
202606,SUDESTE,RJ,330200,ITAGUAI,767190,HOSPITAL COSTA VERDE,UNIMED COSTA VERDE RJ,M,5,HOSPITAL GERAL,2143,HOSPITAL_PRIVADO,HAROLDO RODRIGUES JESUS,160,QUADRA3 LOTE 36,MONTE SERRAT,23810840,21 26881739,CONTABILIDADE@COSTAVERDE.UNIMED.COM.BR,34,0,4,0,4,0,0,0,0,0,0,0,0,0
202606,SUDESTE,RJ,330350,NOVA IGUACU,807842,MATERNIDADE NEOMATER,HOSPITAL E MATERNIDADE NEOMATER LTDA,M,7,HOSPITAL ESPECIALIZADO,2062,HOSPITAL_PRIVADO,OTAVIO ASCOLI,328,,CENTRO,26215160,02128823050,diretoria@maternidadeneomater.com.br,133,0,68,0,10,0,0,0,58,0,0,0,0,0
202606,SUDESTE,RJ,330030,BARRA DO PIRAI,850160,UPA 24 HORAS BARRA DO PIRAI,FUNDO MUNICIPAL DE SAUDE DE BARRA DO PIRAI,M,20,PRONTO SOCORRO GERAL,1244,HOSPITAL_PÚBLICO,RUA FRANKLIN DE MORAES,67,,CENTRO,27140000,,contasmedicas.sms@barradopirai.rj.gov.br,5,5,0,0,0,0,0,0,0,0,0,0,0,0
202606,SUDESTE,RJ,330070,CABO FRIO,919373,HOSPITAL UNIVERSITARIO REITOR HESIO CORDEIRO HURHC,UNIVERSIDADE DO ESTADO DO RIO DE JANEIRO,E,5,HOSPITAL GERAL,1147,HOSPITAL_PÚBLICO,RUA ARIZIO GOMES DA COSTA,186,,JARDIM FLAMBOYANT,28905320,22 26401250,FRANCISCO.BARBOSA.NETO@UERJ.BR,28,20,8,0,8,0,0,0,0,0,0,0,0,0
202606,SUDESTE,RJ,330070,CABO FRIO,928143,CLINICA VISION,CLINICA VISION LTDA,M,7,HOSPITAL ESPECIALIZADO,2062,HOSPITAL_PRIVADO,RAUL VEIGA,153,LOJA 01,CENTRO,28907090,32 32154727,GERENCIA@RICARDOMARTIN.COM.BR,2,2,0,0,0,0,0,0,0,0,0,0,0,0
202606,SUDESTE,RJ,330170,DUQUE DE CAXIAS,978213,HOSPITAL MUNICIPAL INFANTIL PADRE GUILHERME,MUNICIPIO DE DUQUE DE CAXIAS,M,5,HOSPITAL GERAL,1244,HOSPITAL_PÚBLICO,RUA EVARISTO DE MORAIS,S/N,,VILA BERNADETE,25272560,,cnes.hmpg@gmail.com,31,31,0,0,0,0,0,0,0,0,0,0,0,0
202606,SUDESTE,RJ,330270,MARICA,2266733,HOSPITAL MUNICIPAL CONDE MODESTO LEAL,MUNICIPIO DE MARICA,M,5,HOSPITAL GERAL,1120,HOSPITAL_PÚBLICO,RUA DOMICIO DA GAMA,433,,CENTRO,24900815,(21)26371713,superintendenciadesaudemarica@gmail.com,105,101,0,0,0,0,0,0,0,0,0,0,0,0
202606,SUDESTE,RJ,330400,PIRAI,2267187,HOSPITAL FLAVIO LEAL,CASA DE CARIDADE DE PIRAI,M,5,HOSPITAL GERAL,3999,HOSPITAL_FILANTRÓPICO,RUA ROBERTO SILVEIRA,50,,CENTRO,27175000,(24) 35115600,hospitalpirai@bol.com.br,64,50,10,7,10,7,0,0,0,0,0,0,0,0
202606,SUDESTE,RJ,330415,QUISSAMA,2267209,HOSPITAL MUNICIPAL MARIANA MARIA DE JESUS,SECRETARIA MUNICIPAL DE SAUDE DE QUISSAMA,M,5,HOSPITAL GERAL,1031,HOSPITAL_PÚBLICO,AV AMILCAR PEREIRA DA SILVA,138,,MATO DE PIPA,28737000,2227689100,hospital@quissama.rj.gov.br,73,73,6,6,6,6,0,0,0,0,0,0,0,0
202606,SUDESTE,RJ,330015,APERIBE,2267454,HOSPITAL MUNICIPAL AUGUSTINHO GESUALD BLANC,MUNICIPIO DE APERIBE,M,5,HOSPITAL GERAL,1244,HOSPITAL_PÚBLICO,RUA ANTONIO JOSE MOREIRA,359,,SAO VICENTE DE PAULA,28495446,2238641710,saude.aperibe@bol.com.br,35,35,0,0,0,0,0,0,0,0,0,0,0,0
202606,SUDESTE,RJ,330110,CANTAGALO,2267713,HOSPITAL DE CANTAGALO,SANTA CASA DE CARIDADE DE CANTAGALO,M,5,HOSPITAL GERAL,3999,HOSPITAL_FILANTRÓPICO,MIGUEL SANTOS,S/N,,PRIMEIRO,28500000,,,98,81,15,10,15,10,0,0,0,0,0,0,0,0
202606,SUDESTE,RJ,330025,ARRAIAL DO CABO,2267802,HOSPITAL GERAL DE ARRAIAL DO CABO,SECRETARIA MUNICIPAL DE SAUDE DE ARRAIAL DO CABO,M,5,HOSPITAL GERAL,1031,HOSPITAL_PÚBLICO,AV GETULIO VARGAS,S/N,,CANAA,28930000,(22)26222107,fatura_saude@yahoo.com.br,84,75,9,0,9,0,0,0,0,0,0,0,0,0
202606,SUDESTE,RJ,330160,DUAS BARRAS,2267810,HOSPITAL MUNICIPAL DR ANTONIO CARLOS DA SILVA MONNERAT,SECRETARIA MUNICIPAL DE SAUDE DE DUAS BARRAS,M,5,HOSPITAL GERAL,1244,HOSPITAL_PÚBLICO,AV GETULIO VARGAS,199,,CENTRO,28650000,2225341177,,30,30,0,0,0,0,0,0,0,0,0,0,0,0
202606,SUDESTE,RJ,330570,SUMIDOURO,2268051,HOSPITAL MUNICIPAL DR JOAO PEREIRA MARTINS,SMS SUMIDOURO,M,5,HOSPITAL GERAL,1244,HOSPITAL_PÚBLICO,RUA CARLOS ALBERTO P MOURA JUNIOR,02,,N SRA DE FATIMA,28637000,(24)25311164,,25,25,0,0,0,0,0,0,0,0,0,0,0,0
202606,SUDESTE,RJ,330450,RIO DAS FLORES,2268329,HOSPITAL GERAL DR LUIZ PINTO,MUNICIPIO DE RIO DAS FLORES,M,5,HOSPITAL GERAL,1244,HOSPITAL_PÚBLICO,RUA MARCELINO DO VALLE,13,,INGLESES,27660322,(24)24581300,faturamentorf@gmail.com,27,26,0,0,0,0,0,0,0,0,0,0,0,0
202606,SUDESTE,RJ,330190,ITABORAI,2268922,HOSPITAL MUNICIPAL DESEMBARGADOR LEAL JUNIOR HMDLJ,PREFEITURA MUNICIPAL DE ITABORAI,M,5,HOSPITAL GERAL,1244,HOSPITAL_PÚBLICO,ESTRADA PREFEITO ALVARO DE CARVALHO JUNIOR,S/N,,NANCILANDIA,24801064,(21)26458070,hmdlj@itaborai.rj.gov.br,139,139,0,0,0,0,0,0,0,0,0,0,0,0
202606,SUDESTE,RJ,330455,RIO DE JANEIRO,2269341,SMS HOSPITAL MUNICIPAL JESUS AP 22,SMS RIO HOSPITAL MUNICIPAL JESUS AP 22,M,7,HOSPITAL ESPECIALIZADO,1031,HOSPITAL_PÚBLICO,OITO DE DEZEMBRO,717,,VILA ISABEL,20550200,,dica.hmjesus@gmail.com,95,95,8,8,0,0,8,8,0,0,0,0,0,0
202606,SUDESTE,RJ,330455,RIO DE JANEIRO,2269384,HOSPITAL FEDERAL DO ANDARAI,MS HOSPITAL DO ANDARAI,M,5,HOSPITAL GERAL,1015,HOSPITAL_PÚBLICO,RUA GASTAO PENALVA,119,,ANDARAI,20540220,(21) 25757000,,282,242,44,4,38,0,2,0,0,0,4,4,0,0
202606,SUDESTE,RJ,330455,RIO DE JANEIRO,2269392,POLICLINICA PIQUET CARNEIRO,UERJ POLICLINICA PIQUET CARNEIRO,E,5,HOSPITAL GERAL,1147,HOSPITAL_PÚBLICO,AV MARECHAL RONDOM,381,,SAO FRANCISCO XAVIER,20950003,2125667000,servccp@ppc.uerj.br,18,18,0,0,0,0,0,0,0,0,0,0,0,0
202606,SUDESTE,RJ,330455,RIO DE JANEIRO,2269406,CLINICA DA GAVEA,CLINICA DA GAVEA S A,M,7,HOSPITAL ESPECIALIZADO,2054,HOSPITAL_PRIVADO,ESTRADA DA GAVEA,151,,GAVEA,22451262,21 2274-7022,clinicadagavea@clinicadagavea.com.br,300,0,0,0,0,0,0,0,0,0,0,0,0,0
202606,SUDESTE,RJ,330455,RIO DE JANEIRO,2269430,INSTITUTO DE PSIQUIATRIA DA UFRJ IPUB,INSTITUTO DE PSIQUIATRIA DA UFRJ IPUB,M,7,HOSPITAL ESPECIALIZADO,1104,HOSPITAL_PÚBLICO,AVENIDA VENCESLAU BRAS,71,FUNDOS,BOTAFOGO,22290140,(21)39380500,gabdiretor@ipub.ufrj.br,167,167,0,0,0,0,0,0,0,0,0,0,0,0
202606,SUDESTE,RJ,330455,RIO DE JANEIRO,2269481,SMS HOSPITAL MUNICIPAL DA PIEDADE AP 32,SMS RIO HOSPITAL MUNICIPAL DA PIEDADE AP 32,M,5,HOSPITAL GERAL,1031,HOSPITAL_PÚBLICO,RUA DA CAPELA,96,,PIEDADE,20740310,(21)31116540,hmpiedade@rio.rj.gov.br,132,122,10,0,10,0,0,0,0,0,0,0,0,0
202606,SUDESTE,RJ,330455,RIO DE JANEIRO,2269678,SES RJ IECAC INST EST DE CARDIOLOGIA ALOYSIO DE CASTRO,FUNDACAO SAUDE DO ESTADO DO RIO DE JANEIRO,E,7,HOSPITAL ESPECIALIZADO,1260,HOSPITAL_PÚBLICO,RUA DAVID CAMPISTA,326,,HUMAITA,22261010,23321570,faturamento@iecac.fundacaosaude.rj.gov.br,112,97,33,18,26,18,7,0,0,0,0,0,0,0
202606,SUDESTE,RJ,330455,RIO DE JANEIRO,2269724,SMS HOSPITAL MUNICIPAL NOSSA SENHORA DO LORETO AP 31,SMS RIO HOSPITAL MUNICIPAL NOSSA SENHORA DO LORETO AP 31,M,7,HOSPITAL ESPECIALIZADO,1031,HOSPITAL_PÚBLICO,RUA TAIFEIRO OSMAR DE MORAES,26,,GALEAO,21941455,(21)33931983/0610,hmnsloreto@gmail.com,36,36,0,0,0,0,0,0,0,0,0,0,0,0
202606,SUDESTE,RJ,330455,RIO DE JANEIRO,2269775,MS HOSPITAL DE IPANEMA,MS HOSPITAL DE IPANEMA,M,5,HOSPITAL GERAL,1015,HOSPITAL_PÚBLICO,RUA ANTONIO PARREIRAS,67,,IPANEMA,22411020,(21)31112318,hospitaldeipanema@hgi.rj.saude.gov.br,133,123,10,0,10,0,0,0,0,0,0,0,0,0
202606,SUDESTE,RJ,330455,RIO DE JANEIRO,2269783,UERJ HOSPITAL UNIV PEDRO ERNESTO,UERJ HUPE HOSPITAL UNIVERSITARIO PEDRO ERNESTO,E,5,HOSPITAL GERAL,1147,HOSPITAL_PÚBLICO,BOULEVARD 28 DE SETEMBRO,77,,VILA ISABEL,20551900,(21)2868-8000,faturamento.hupe@uerj.br,521,518,102,102,71,71,6,6,25,25,0,0,0,0
202606,SUDESTE,RJ,330455,RIO DE JANEIRO,2269821,MS INCA II HOSPITAL DO CANCER II,MS INCA II HOSPITAL DO CANCER II,M,7,HOSPITAL ESPECIALIZADO,1015,HOSPITAL_PÚBLICO,RUA DO EQUADOR,831,,SANTO CRISTO,20220410,(21)3207-2800,faturamento.hc2@inca.gov.br,83,83,6,6,6,6,0,0,0,0,0,0,0,0
202606,SUDESTE,RJ,330455,RIO DE JANEIRO,2269880,HOSPITAL GERAL DE BONSUCESSO RJ,GRUPO HOSPITALAR CONCEICAO SA,M,5,HOSPITAL GERAL,2011,HOSPITAL_PRIVADO,LONDRES,616,,BONSUCESSO,21041000,(21) 3977-9500,planejamento_hgb@hfb.saude.gov.br,373,334,54,37,17,17,11,8,12,12,0,0,14,0
202606,SUDESTE,RJ,330455,RIO DE JANEIRO,2269899,HOSPITAL MARIO KROEFF,FUNDACAO EDUCACIONAL SEVERINO SOMBRA,E,7,HOSPITAL ESPECIALIZADO,3069,HOSPITAL_FILANTRÓPICO,RUA MAGE,326,,PENHA CIRCULAR,21020130,(21) 21369657,faturamento@mariokroeff.org.br,80,70,10,0,10,0,0,0,0,0,0,0,0,0
202606,SUDESTE,RJ,330455,RIO DE JANEIRO,2269945,SMS HOSPITAL MATERNIDADE ALEXANDER FLEMING AP 33,SMS RIO HOSPITAL MATERNIDADE ALEXANDER FLEMING AP 33,M,7,HOSPITAL ESPECIALIZADO,1031,HOSPITAL_PÚBLICO,RUA JORGE SCHMIDT,331,,MARECHAL HERMES,21610645,24583343,direcaohmaf2021@gmail.com,90,90,10,10,0,0,0,0,10,10,0,0,0,0
202606,SUDESTE,RJ,330455,RIO DE JANEIRO,2269988,HOSPITAL UNIVERSITARIO DOS SERVIDORES HUSE UNIRIO,EMPRESA BRASILEIRA DE SERVICOS HOSPITALARES EBSERH,M,5,HOSPITAL GERAL,2011,HOSPITAL_PRIVADO,SACADURA CABRAL,178,2 ANDAR,CENTRO,20221160,,,390,375,41,26,25,10,8,8,8,8,0,0,0,0
202606,SUDESTE,RJ,330455,RIO DE JANEIRO,2269996,SMS IMAS JULIANO MOREIRA AP 40,SMS RIO IMAS JULIANO MOREIRA AP 40,M,7,HOSPITAL ESPECIALIZADO,1031,HOSPITAL_PÚBLICO,ESTRADA RODRIGUES CALDAS,3400,,JACAREPAGUA,22713375,(21)3432-2358,imasjulianomoreira.nig@gmail.com,1,1,0,0,0,0,0,0,0,0,0,0,0,0
202606,SUDESTE,RJ,330455,RIO DE JANEIRO,2270021,MATERNIDADE ESCOLA DA UFRJ,UFRJ MATERNIDADE ESCOLA,M,7,HOSPITAL ESPECIALIZADO,1104,HOSPITAL_PÚBLICO,RUA DAS LARANJEIRAS,180,,LARANJEIRAS,22240003,(21)22059064,matesc@me.ufrj.br,57,57,16,16,0,0,0,0,16,16,0,0,0,0
202606,SUDESTE,RJ,330455,RIO DE JANEIRO,2270056,SMS HOSPITAL MATERNIDADE PAULINO WERNECK AP 31,SMS RIO HOSPITAL MATERNIDADE PAULINO WERNECK AP 31,M,7,HOSPITAL ESPECIALIZADO,1031,HOSPITAL_PÚBLICO,ESTRADA DA CACUIA,745,,ILHA DO GOVERNADOR,21921001,(21)3512-9805,diretoria.hmpw@cejam.org.br,32,24,2,0,0,0,0,0,2,0,0,0,0,0
202606,SUDESTE,RJ,330455,RIO DE JANEIRO,2270161,SEAP CGSP RJ HOSPITAL DR HAMILTON AGOSTINHO VIEIRA CASTRO,SECRETARIA DE ESTADO DE ADMINISTRACAO PENITENCIARIA,E,20,PRONTO SOCORRO GERAL,1023,HOSPITAL_PÚBLICO,GEN EMILIO MOUREL FILHO,1100,,BANGU,21854010,,,64,64,0,0,0,0,0,0,0,0,0,0,0,0
202606,SUDESTE,RJ,330455,RIO DE JANEIRO,2270188,SEAP RJ CENTRO TRAT EM DEPENDENCIA QUIMICA ROBERTO MEDEIROS,SECRETARIA DE ESTADO DE ADMINISTRACAO PENITENCIARIA,E,7,HOSPITAL ESPECIALIZADO,1023,HOSPITAL_PÚBLICO,GEN EMILIO MOUREL FILHO,1100,,BANGU,21854010,,seaprm@seap.rj.gov.br,145,145,0,0,0,0,0,0,0,0,0,0,0,0
202606,SUDESTE,RJ,330455,RIO DE JANEIRO,2270196,SEAP CGSP RJ SANATORIO PENAL,SECRETARIA DE ESTADO DE ADMINISTRACAO PENITENCIARIA,E,5,HOSPITAL GERAL,1023,HOSPITAL_PÚBLICO,GUANDU DO SENA,1902,,BANGU,21810011,23324826,sanatoriopenal@gmail.com,112,109,0,0,0,0,0,0,0,0,0,0,0,0
202606,SUDESTE,RJ,330455,RIO DE JANEIRO,2270234,SES RJ HOSPITAL ESTADUAL GETULIO VARGAS,SECRETARIA DE ESTADO DE SAUDE SES,E,5,HOSPITAL GERAL,1023,HOSPITAL_PÚBLICO,LOBO JUNIOR,2293,,PENHA,21020124,,,282,255,64,37,56,37,8,0,0,0,0,0,0,0
202606,SUDESTE,RJ,330455,RIO DE JANEIRO,2270242,SMS HOSPITAL MUNICIPAL BARATA RIBEIRO AP 10,SMS RIO HOSPITAL MUNICIPAL BARATA RIBEIRO AP 10,M,7,HOSPITAL ESPECIALIZADO,1031,HOSPITAL_PÚBLICO,RUA VISCONDE DE NITEROI,1450,,MANGUEIRA,20943001,2122841812,hmbribeiro@rio.rj.gov.br,132,132,0,0,0,0,0,0,0,0,0,0,0,0
202606,SUDESTE,RJ,330455,RIO DE JANEIRO,2270269,SMS HOSPITAL MUNICIPAL MIGUEL COUTO AP 21,SMS RIO HOSPITAL MUNICIPAL MIGUEL COUTO AP 21,M,5,HOSPITAL GERAL,1031,HOSPITAL_PÚBLICO,MARIO RIBEIRO,117,,GAVEA,22430160,21 3111-3711,hmmcdrh@gmail.com,342,342,44,44,35,35,5,5,4,4,0,0,0,0
202606,SUDESTE,RJ,330455,RIO DE JANEIRO,2270390,SMS HOSPITAL MATERNIDADE HERCULANO PINHEIRO AP 33,SMS RIO HOSPITAL MATERNIDADE HERCULANO PINHEIRO AP 33,M,7,HOSPITAL ESPECIALIZADO,1031,HOSPITAL_PÚBLICO,AV MIN EDGARD ROMERO,276,,MADUREIRA,21360200,(21)2088-6124,maternidadeherculanopinheiro@gmail.com,62,53,4,4,0,0,0,0,4,4,0,0,0,0
202606,SUDESTE,RJ,330455,RIO DE JANEIRO,2270609,SMS HOSPITAL MUNICIPAL LOURENCO JORGE AP 40,SMS RIO HOSPITAL MUNICIPAL LOURENCO JORGE AP 40,M,5,HOSPITAL GERAL,1031,HOSPITAL_PÚBLICO,AV AYRTON SENNA,2000,,BARRA DA TIJUCA,22793000,21 3111-4612,hmljorge@rio.rj.gov.br,255,255,23,23,13,13,0,0,10,10,0,0,0,0
202606,SUDESTE,RJ,330455,RIO DE JANEIRO,2270617,INSTITUTO ESTADUAL DE DERMATOLOGIA SANITARIA,SECRETARIA DE ESTADO DE SAUDE SES,E,5,HOSPITAL GERAL,1023,HOSPITAL_PÚBLICO,RUA GODOFREDO VIANA,64,,TANQUE JACAREPAGUA,22730020,021 2333-6676,IEDS@SAUDE.RJ.GOV.BR,63,63,0,0,0,0,0,0,0,0,0,0,0,0
202606,SUDESTE,RJ,330455,RIO DE JANEIRO,2270668,UFRJ HOSP ESCOLA SAO FRANCISCO DE ASSIS,UNIVERSIDADE FEDERAL DO RIO DE JANEIRO,M,5,HOSPITAL GERAL,1104,HOSPITAL_PÚBLICO,PRESIDENTE VARGAS,2863,,CIDADE NOVA,20210030,,eduardoalexander12@hesfa.ufrj.br,1,0,0,0,0,0,0,0,0,0,0,0,0,0
202606,SUDESTE,RJ,330455,RIO DE JANEIRO,2270692,CBMERJ HOSP ARISTARCHO PESSOA HOSP DO CORPO DE BOMBEIROS,HOSPITAL DO CORPO DE BOMBEIROS DO ESTADO DO RJ,M,5,HOSPITAL GERAL,1023,HOSPITAL_PÚBLICO,PAULO DE FRONTIN,876,,RIO COMPRIDO,20261243,21994510951,hcapdivisaomedica@gmail.com,89,0,4,0,0,0,0,0,4,0,0,0,0,0
202606,SUDESTE,RJ,330455,RIO DE JANEIRO,2270714,SMS HOSPITAL MATERNIDADE FERNANDO MAGALHAES AP 10,SMS RIO HOSPITAL MATERNIDADE FERNANDO MAGALHAES AP 10,M,7,HOSPITAL ESPECIALIZADO,1031,HOSPITAL_PÚBLICO,GENERAL JOSE CRISTINO,87,,SAO CRISTOVAO,20921400,21 - 38781498,hmatfernandomagalhaes@gmail.com,158,158,18,18,0,0,0,0,18,18,0,0,0,0
202606,SUDESTE,RJ,330455,RIO DE JANEIRO,2270803,SES RJ I INST EST DIABET ENDOCRINOLOGIA IEDE,SECRETARIA DE ESTADO DE SAUDE SES,E,7,HOSPITAL ESPECIALIZADO,1023,HOSPITAL_PÚBLICO,RUA MONCORVO FILHO,90,,CENTRO,20211340,(21) 233271.54,diretor.iede@saude.rj.gov.br,23,23,0,0,0,0,0,0,0,0,0,0,0,0
202606,SUDESTE,RJ,330395,PINHEIRAL,2271141,HOSPITAL MUNICIPAL DE PINHEIRAL AURELINO GONCALVES BARBOSA,MUNICIPIO DE PINHEIRAL,M,5,HOSPITAL GERAL,1244,HOSPITAL_PÚBLICO,RUA FRANCISCO RIBEIRO DE ABREU,60,,CENTRO,27198360,(24) 3356 3490/3188,smspinheiral2017@outlook.com.br,43,43,0,0,0,0,0,0,0,0,0,0,0,0
202606,SUDESTE,RJ,330455,RIO DE JANEIRO,2271443,CASA DE SAUDE SAO JOSE,ASSOCIACAO CONGREGACAO DE SANTA CATARINA,M,5,HOSPITAL GERAL,3999,HOSPITAL_FILANTRÓPICO,RUA MACEDO SOBRINHO,21,,HUMAITA,22271080,21-25387600,monica.valente@redesc.org.br,217,0,50,0,30,0,0,0,10,0,0,0,10,0
202606,SUDESTE,RJ,330455,RIO DE JANEIRO,2271451,HOSPITAL BALBINO,HOSPITAL DR BALBINO LTDA,M,5,HOSPITAL GERAL,2062,HOSPITAL_PRIVADO,RUA ANGELICA MOTA,58,66 76 90 114,OLARIA,21021490,(21) 39772000,mcarneiro@hospitalbalbino.com.br,140,0,30,0,30,0,0,0,0,0,0,0,0,0
202606,SUDESTE,RJ,330340,NOVA FRIBURGO,2271826,HOSPITAL MATERNIDADE DOUTOR MARIO DUTRA DE CASTRO,MUNICIPIO DE NOVA FRIBURGO,M,7,HOSPITAL ESPECIALIZADO,1244,HOSPITAL_PÚBLICO,TRAVESSA ANTONIO FERNANDES MOREIRA,12,,CENTRO,28610410,22 2522-9245,hospitalmaternidadenf@hotmail.com,51,45,0,0,0,0,0,0,0,0,0,0,0,0
202606,SUDESTE,RJ,330410,PORCIUNCULA,2272210,UNIDADE DE ATENDIMENTO DR ANTONIO MONTEIRO,PREFEITURA MUNICIPAL DE PORCIUNCULA,M,5,HOSPITAL GERAL,1244,HOSPITAL_PÚBLICO,RUA SCHUWARTZ VIEIRA,154,,CENTRO,28390000,2238421172,saude@porciuncula.rj.gov.br,28,27,0,0,0,0,0,0,0,0,0,0,0,0
202606,SUDESTE,RJ,330120,CARMO,2272601,HOSPITAL NOSSA SENHORA DO CARMO,HOSPITAL NOSSA SENHORA DO CARMO,M,5,HOSPITAL GERAL,3999,HOSPITAL_FILANTRÓPICO,ALEXANDRE DE MELO,89,,CENTRO,28640000,2225371395,administracao@hospitalcarmo.com.br,41,39,0,0,0,0,0,0,0,0,0,0,0,0
202606,SUDESTE,RJ,330340,NOVA FRIBURGO,2272695,HOSPITAL SAO LUCAS,CASA DE SAUDE SAO LUCAS SA,M,5,HOSPITAL GERAL,2054,HOSPITAL_PRIVADO,AVENIDA ANTONIO MARIO DE AZEVEDO,715,,DUAS PEDRAS,28630310,22 25239955,admin@saolucasfriburgo.com.br,77,24,16,6,16,6,0,0,0,0,0,0,0,0
202606,SUDESTE,RJ,330340,NOVA FRIBURGO,2272784,HOSPITAL MUNICIPAL RAUL SERTA,MUNICIPIO DE NOVA FRIBURGO,M,5,HOSPITAL GERAL,1244,HOSPITAL_PÚBLICO,RUA GENERAL OSORIO,324,,CENTRO,28625630,22 2524-2300,hmrs@gigalink.com.br,287,280,29,22,29,22,0,0,0,0,0,0,0,0
202606,SUDESTE,RJ,330412,QUATIS,2273101,HOSPITAL SAO LUCAS,ASSOC DE PROT E ASSIST E MATERN E A INFANCIA DE QUATIS,M,5,HOSPITAL GERAL,3999,HOSPITAL_FILANTRÓPICO,AVENIDA AVELINO BASTISTA SOARES,297,,CENTRO,27410180,2433532823,,34,34,0,0,0,0,0,0,0,0,0,0,0,0
202606,SUDESTE,RJ,330455,RIO DE JANEIRO,2273187,SMS HOSPITAL MUNICIPAL ALVARO RAMOS AP 40,SMS RIO HOSPITAL MUNICIPAL ALVARO RAMOS AP 40,M,7,HOSPITAL ESPECIALIZADO,1031,HOSPITAL_PÚBLICO,RUA ADAUTO BOTELHO,0,,JACAREPAGUA,22713550,(21)33920008,hmaramos@rio.rj.gov.br,50,50,0,0,0,0,0,0,0,0,0,0,0,0
202606,SUDESTE,RJ,330455,RIO DE JANEIRO,2273209,SES RJ HOSPITAL ESTADUAL SANTA MARIA,SECRETARIA DE ESTADO DE SAUDE DO RIO DE JANEIRO,E,7,HOSPITAL ESPECIALIZADO,1023,HOSPITAL_PÚBLICO,ESTRADA DO RIO PEQUENO,656,TAQUARA,JACAREPAGUA,22723195,(21) 23336548,direcaogeral.hesm@gmail.com,73,73,0,0,0,0,0,0,0,0,0,0,0,0
202606,SUDESTE,RJ,330455,RIO DE JANEIRO,2273276,MS INST NACIONAL DE TRAUMATO ORTOPEDIA,MS INST NACIONAL DE TRAUMATO ORTOPEDIA,M,7,HOSPITAL ESPECIALIZADO,1015,HOSPITAL_PÚBLICO,AVENIDA BRASIL,500,,SAO CRISTOVAO,20940070,(21)21345482,into@into.saude.gov.br,321,320,10,9,10,9,0,0,0,0,0,0,0,0
202606,SUDESTE,RJ,330455,RIO DE JANEIRO,2273349,SMS HOSPITAL MUNICIPAL RAPHAEL DE PAULA SOUZA AP 40,SMS RIO HOSPITAL MUNICIPAL RAPHAEL DE PAUL A SOUZA AP 40,M,5,HOSPITAL GERAL,1031,HOSPITAL_PÚBLICO,ESTRADA DE CURICICA,2000,CURICICA,JACAREPAGUA,22740000,2134136433,smsdirecaogeralhmrps@gmail.com,84,69,0,0,0,0,0,0,0,0,0,0,0,0
202606,SUDESTE,RJ,330455,RIO DE JANEIRO,2273357,HOSPITAL ADVENTISTA SILVESTRE,INSTITUICAO ADVENTISTA ESTE BRAS DE PREV E ASS A SAUDE,E,5,HOSPITAL GERAL,3999,HOSPITAL_FILANTRÓPICO,DOS GUARARAPES,263,,COSME VELHO,22241220,2130343000,crc.has@hasilvestre.org.br,45,11,20,5,20,5,0,0,0,0,0,0,0,0
202606,SUDESTE,RJ,330455,RIO DE JANEIRO,2273365,SES RJ INSTITUTO ESTADUAL DE INFECTOLOGIA SAO SEBASTIAO,SECRETARIA DE ESTADO DE SAUDE DO RIO DE JANEIRO,E,5,HOSPITAL GERAL,1023,HOSPITAL_PÚBLICO,RUA SACADURA CABRAL,178,ANEXO IV 4 ANDAR,SAUDE,20221161,2332-7165,diretoriaieiss@gmail.com,25,9,16,0,16,0,0,0,0,0,0,0,0,0
202606,SUDESTE,RJ,330455,RIO DE JANEIRO,2273381,SMS HOSPITAL MUNICIPAL JURANDYR MANFREDINI AP 40,SMS RIO HOSPITAL MUNICIPAL JURANDYR MANFREDINI AP 40,M,7,HOSPITAL ESPECIALIZADO,1031,HOSPITAL_PÚBLICO,RUA SAMPAIO CORREIA,S/N,,JACAREPAGUA,22713560,(21) 3432-2246,hmjmanfredini@pcrj.rj.gov.br,1,1,0,0,0,0,0,0,0,0,0,0,0,0
202606,SUDESTE,RJ,330455,RIO DE JANEIRO,2273411,SES RJ HOSPITAL ESTADUAL CARLOS CHAGAS,SECRETARIA DE ESTADO DE SAUDE DO RIO DE JANEIRO,E,5,HOSPITAL GERAL,1023,HOSPITAL_PÚBLICO,AVENIDA GENERAL OSVALDO CORDEIRO DE FARIAS,466,,MARECHAL HERMES,21610480,(21)23321127,hecc.adm@gmail.com,196,190,36,30,36,30,0,0,0,0,0,0,0,0
202606,SUDESTE,RJ,330455,RIO DE JANEIRO,2273438,HOSPITAL CENTRAL DA POLICIA MILITAR DO ESTADO DO RIO DE JANE,HOSPITAL CENTRAL DA POLICIA MILITAR DO ESTADO DO RIO DE JANE,M,5,HOSPITAL GERAL,1023,HOSPITAL_PÚBLICO,ESTACIO DE SA,20,,ESTACIO,20211270,,,175,0,5,0,0,0,0,0,5,0,0,0,0,0
202606,SUDESTE,RJ,330455,RIO DE JANEIRO,2273454,MS INCA HOSPITAL DO CANCER I,MS INCA HC I HOSPITAL DO CANCER I,M,7,HOSPITAL ESPECIALIZADO,1015,HOSPITAL_PÚBLICO,PRACA CRUZ VERMELHA,23,,CENTRO,20230130,(21)32071000,cnes.hc1@inca.gov.br,200,200,16,16,10,10,6,6,0,0,0,0,0,0
202606,SUDESTE,RJ,330455,RIO DE JANEIRO,2273462,MS INCA HOSPITAL DO CANCER III,MS INCA HCIII HOSPITAL DE CANCER III,M,7,HOSPITAL ESPECIALIZADO,1015,HOSPITAL_PÚBLICO,RUA VISCONDE DE SANTA ISABEL,274,,VILA ISABEL,20560120,(21)32073912,direcao.hc3@inca.gov.br,52,52,0,0,0,0,0,0,0,0,0,0,0,0
202606,SUDESTE,RJ,330455,RIO DE JANEIRO,2273489,SMS HOSPITAL MUNICIPAL ROCHA MAIA AP 21,SMS RIO HOSPITAL MUNICIPAL ROCHA MAIA AP 21,M,5,HOSPITAL GERAL,1031,HOSPITAL_PÚBLICO,GENERAL SEVERIANO,91,,BOTAFOGO,22290040,21-22952295,hospitalmunicipalrochamaia@gmail.com,27,27,0,0,0,0,0,0,0,0,0,0,0,0
202606,SUDESTE,RJ,330455,RIO DE JANEIRO,2273497,FUNDACAO BELA LOPES DE OLIVEIRA,FUNDACAO BELA LOPES DE OLIVEIRA,M,5,HOSPITAL GERAL,3069,HOSPITAL_FILANTRÓPICO,RUA BARAO DE LUCENA,95,,BOTAFOGO,22260020,3216-8000,assuntos.regulatorios@hospitalcasa.com.br,70,0,28,0,28,0,0,0,0,0,0,0,0,0
202606,SUDESTE,RJ,330455,RIO DE JANEIRO,2273519,HOSPITAL EVANGELICO,ASSOCIACAO DO HOSPITAL EVANGELICO DO RIO,M,5,HOSPITAL GERAL,3999,HOSPITAL_FILANTRÓPICO,RUA BOM PASTOR,295,,TIJUCA,20521060,2121592300,assuntos.regulatorios@hospitalcasa.com.br,28,0,28,0,28,0,0,0,0,0,0,0,0,0
202606,SUDESTE,RJ,330455,RIO DE JANEIRO,2273659,MS HOSPITAL FEDERAL DA LAGOA,MS HOSPITAL FEDERAL DA LAGOA,M,5,HOSPITAL GERAL,1015,HOSPITAL_PÚBLICO,RUA JARDIM BOTANICO,501,,JARDIM BOTANICO,22470050,31115108,dirhgl@nerj.rj.saude.gov.br,255,245,28,25,18,18,10,7,0,0,0,0,0,0
202606,SUDESTE,RJ,330620,VASSOURAS,2273748,HUV HOSPITAL UNIVERSITARIO DE VASSOURAS,FUNDACAO EDUCACIONAL SEVERINO SOMBRA,M,5,HOSPITAL GERAL,3069,HOSPITAL_FILANTRÓPICO,VICENTE CELESTINO,201,,MADRUGA,27700000,24 24718200,ger.contabilidade@uss.br,319,305,54,40,44,30,0,0,10,10,0,0,0,0
202606,SUDESTE,RJ,330620,VASSOURAS,2273756,HOSPITAL EUFRASIA TEIXEIRA LEITE,IRMANDADE DE SANTA CASA DE MISERICORDIA DA C VASSOURAS,M,5,HOSPITAL GERAL,3999,HOSPITAL_FILANTRÓPICO,PRC PROVEDOR FELIX MACHADO,110,,MADRUGA,27700000,2424718922,santacasa.vass@uol.com.br,127,87,10,5,10,5,0,0,0,0,0,0,0,0
202606,SUDESTE,RJ,330560,SILVA JARDIM,2274108,POLICLINICA MUNICIPAL AGUINALDO MORAES,MUNICIPIO DE SILVA JARDIM,M,5,HOSPITAL GERAL,1244,HOSPITAL_PÚBLICO,OITO DE MAIO,534,,CENTRO,28820000,,,40,40,0,0,0,0,0,0,0,0,0,0,0,0
202606,SUDESTE,RJ,330550,SAQUAREMA,2274299,HOSPITAL MUNICIPAL PORPHIRIO NUNES DE AZEREDO,SECRETARIA MUNICIPAL DE SAUDE DE SAQUAREMA,M,5,HOSPITAL GERAL,1244,HOSPITAL_PÚBLICO,RUA ADOLFO BRAVO,S/N,,BACAXA,28994699,(22)26533123,,77,71,6,0,6,0,0,0,0,0,0,0,0,0
202606,SUDESTE,RJ,330540,SAPUCAIA,2274310,HOSPITAL MUNICIPAL DE SAPUCAIA,MUNICIPIO DE SAPUCAIA,M,5,HOSPITAL GERAL,1244,HOSPITAL_PÚBLICO,RUA CORONEL MARCONDES,S/N,,CENTRO,25880000,24 2040-7501,,18,18,0,0,0,0,0,0,0,0,0,0,0,0
202606,SUDESTE,RJ,330510,SAO JOAO DE MERITI,2274558,CASA DE SAUDE E MATERNIDADE MENINO JESUS,CASA DE SAUDE E MATERNIDADE SAO FRANCISCO DE PAULA LTDA,M,5,HOSPITAL GERAL,2062,HOSPITAL_PRIVADO,RUA DOS EXPEDICIONARIOS,148,,CENTRO,25520591,(21)2756-1552,CNESBR@GMAIL.COM,79,0,0,0,0,0,0,0,0,0,0,0,0,0
202606,SUDESTE,RJ,330470,SANTO ANTONIO DE PADUA,2275228,CASA DE SAUDE SANTA MONICA,CASA DE SAUDE E MATERNIDADE SANTA MONICA LTDA,M,5,HOSPITAL GERAL,2062,HOSPITAL_PRIVADO,RUA PREF ALBERTO VAZ,72,,CENTRO,28470000,2238549150,financeirosantamonica.padua@gmail.com,55,1,4,0,4,0,0,0,0,0,0,0,0,0
202606,SUDESTE,RJ,330470,SANTO ANTONIO DE PADUA,2275244,CASA DE SAUDE PIO XII,CASA DE SAUDE PIO XII LTDA,M,5,HOSPITAL GERAL,2062,HOSPITAL_PRIVADO,AV DR THEMISTOCLES DE ALMEIDA,411,,CENTRO,28470000,2238510155,pioxii@paduaonline.com.br,46,1,4,0,4,0,0,0,0,0,0,0,0,0
202606,SUDESTE,RJ,330390,PETROPOLIS,2275562,HOSPITAL ALCIDES CARNEIRO,MUNICIPIO DE PETROPOLIS,M,5,HOSPITAL GERAL,1244,HOSPITAL_PÚBLICO,RUA VIGARIO CORREA,1345,,CORREAS,25720320,2236-6600,direcaotecnica@alcidescarneiro.com,280,264,33,20,20,10,3,0,10,10,0,0,0,0
202606,SUDESTE,RJ,330390,PETROPOLIS,2275589,HOSPITAL MUNICIPAL DR NELSON DE SA EARP,MUNICIPIO DE PETROPOLIS,M,5,HOSPITAL GERAL,1244,HOSPITAL_PÚBLICO,RUA PAULINO AFONSO,455,,CENTRO,25680000,(24)22374062,ssahmnse03@petropolis.rj.gov.br,81,73,0,0,0,0,0,0,0,0,0,0,0,0
202606,SUDESTE,RJ,330390,PETROPOLIS,2275619,HOSPITAL CLINICO DE CORREAS H C C,HOSPITAL CLINICO DE CORREAS LTDA,M,5,HOSPITAL GERAL,2062,HOSPITAL_PRIVADO,ESTRADA UNIAO E INDUSTRIA,2501,,CORREAS,25720062,(24)22212011,sanacorr@compuland.com.br,205,175,40,10,40,10,0,0,0,0,0,0,0,0
202606,SUDESTE,RJ,330390,PETROPOLIS,2275627,CLINICA VISTA ALEGRE,SANATORIO OSWALDO CRUZ LTDA,M,5,HOSPITAL GERAL,2062,HOSPITAL_PRIVADO,RUA RODOLPHO FIGUEIRA DE MELLO,06,,CORREAS,25720340,(24)2221-9404,admsochospital@gmail.com,420,143,0,0,0,0,0,0,0,0,0,0,0,0
202606,SUDESTE,RJ,330390,PETROPOLIS,2275635,HOSPITAL SANTA TERESA,ASSOCIACAO CONGREGACAO DE SANTA CATARINA,M,5,HOSPITAL GERAL,3999,HOSPITAL_FILANTRÓPICO,PAULINO AFONSO,477,,CENTRO,25684900,24 98228239,CNES@REDESC.ORG.BR,165,64,50,23,40,23,3,0,7,0,0,0,0,0
202606,SUDESTE,RJ,330370,PARAIBA DO SUL,2276186,HOSPITAL NOSSA SENHORA DA PIEDADE,IRMANDADE NOSSA SENHORA DA PIEDADE,M,5,HOSPITAL GERAL,3999,HOSPITAL_FILANTRÓPICO,AV PROVEDOR RANDOLFO PENNA JUNIOR,320,,CENTRO,25850000,(24)22631166,,62,59,0,0,0,0,0,0,0,0,0,0,0,0
202606,SUDESTE,RJ,330310,NATIVIDADE,2276267,HOSPITAL NATIVIDADE,CAIXA DOS POBRES DE NATIVIDADE,M,5,HOSPITAL GERAL,3999,HOSPITAL_FILANTRÓPICO,AV MAURO ALVES RIBEIRO JUNIOR,1044,,BALNEARIO,28380000,2238419900,HNADM@HOTMAIL.COM,40,31,0,0,0,0,0,0,0,0,0,0,0,0
202606,SUDESTE,RJ,330180,ENGENHEIRO PAULO DE FRONTIN,2277174,HOSPITAL NELSON SALLES,IRMANDADE DOS POBRES DE ENGENHEIRO PAULO DE FRONTIN,M,5,HOSPITAL GERAL,3999,HOSPITAL_FILANTRÓPICO,ARLINDO NUNES,28,,CENTRO,26650000,0244 631359,,48,45,0,0,0,0,0,0,0,0,0,0,0,0
202606,SUDESTE,RJ,330455,RIO DE JANEIRO,2277301,SMS CMS MANOEL ARTHUR VILLABOIM AP 10,SMS RIO CMS MANOEL ARTHUR VILLABOIM AP 10,M,15,UNIDADE MISTA,1031,HOSPITAL_PÚBLICO,PRACA BOM JESUS,40,,PAQUETA,20397140,02133970123,uismavillaboim.cap10@gmail.com,8,8,0,0,0,0,0,0,0,0,0,0,0,0
202606,SUDESTE,RJ,330170,DUQUE DE CAXIAS,2277581,POSTO MEDICO SANITARIO DE XEREM,MUNICIPIO DE DUQUE DE CAXIAS,M,20,PRONTO SOCORRO GERAL,1244,HOSPITAL_PÚBLICO,AV NOBREGA RIBEIRO,S/N,,VILA NOSSA SENHORA D,25250050,2136538372,,24,24,0,0,0,0,0,0,0,0,0,0,0,0
202606,SUDESTE,RJ,330170,DUQUE DE CAXIAS,2277611,POSTO MEDICO SANITARIO DE IMBARIE,MUNICIPIO DE DUQUE DE CAXIAS,M,20,PRONTO SOCORRO GERAL,1244,HOSPITAL_PÚBLICO,RUA SANTA CATARINA,S/N,,IMBARIE,25271010,2126780014,imbarie.uph@gmail.com,9,9,0,0,0,0,0,0,0,0,0,0,0,0
202606,SUDESTE,RJ,330170,DUQUE DE CAXIAS,2277662,POSTO MEDICO SANITARIO DE CAMPOS ELISEOS,MUNICIPIO DE DUQUE DE CAXIAS,M,20,PRONTO SOCORRO GERAL,1244,HOSPITAL_PÚBLICO,RUA AQUITURA,333,,CAMPOS ELISEOS,25225210,2126762617,uphce.camposelisios.rh@gmail.com,10,10,0,0,0,0,0,0,0,0,0,0,0,0
202606,SUDESTE,RJ,330170,DUQUE DE CAXIAS,2277700,CRAIS SARACURUNA,MUNICIPIO DE DUQUE DE CAXIAS,M,20,PRONTO SOCORRO GERAL,1244,HOSPITAL_PÚBLICO,AV PRESIDENTE ROOSEVELT,S/N,,SARACURUNA,25215450,2126505250,,20,20,0,0,0,0,0,0,0,0,0,0,0,0
202606,SUDESTE,RJ,330170,DUQUE DE CAXIAS,2277719,POSTO MEDICO SANITARIO PARQUE EQUITATIVA,MUNICIPIO DE DUQUE DE CAXIAS,M,20,PRONTO SOCORRO GERAL,1244,HOSPITAL_PÚBLICO,AV AUTOMOVEL CLUBE,S/N,,PQ EQUITATIVA,25260000,2126791607,,15,15,0,0,0,0,0,0,0,0,0,0,0,0
202606,SUDESTE,RJ,330170,DUQUE DE CAXIAS,2277743,POSTO MEDICO SANITARIO DO PILAR,MUNICIPIO DE DUQUE DE CAXIAS,M,20,PRONTO SOCORRO GERAL,1244,HOSPITAL_PÚBLICO,RUA CARLOS ALVEAR,S/N,,PILAR,25235000,2127763180,uphpilardirecao@gmail.com,22,22,0,0,0,0,0,0,0,0,0,0,0,0
202606,SUDESTE,RJ,330170,DUQUE DE CAXIAS,2277751,HOSPITAL INFANTIL ISMELIA SILVEIRA,MUNICIPIO DE DUQUE DE CAXIAS,M,7,HOSPITAL ESPECIALIZADO,1244,HOSPITAL_PÚBLICO,RUA DA REPUBLICA,S/N,,CENTRO,25011090,(31)27712808,,62,55,7,0,0,0,7,0,0,0,0,0,0,0
202606,SUDESTE,RJ,330070,CABO FRIO,2278138,HOSPITAL MUNICIPAL OTIME CARDOSO DOS SANTOS,SECRETARIA MUNICIPAL DE SAUDE DE CABO FRIO,M,5,HOSPITAL GERAL,1031,HOSPITAL_PÚBLICO,EST VELHA DE BUZIOS,S/N,,JD ESPERANCA,28922270,(24)26299257,,60,60,0,0,0,0,0,0,0,0,0,0,0,0
202606,SUDESTE,RJ,330070,CABO FRIO,2278170,HOSPITAL SANTA HELENA,HOSPITAL SANTA HELENA,M,5,HOSPITAL GERAL,3999,HOSPITAL_FILANTRÓPICO,PRACA TIRADENTES,143,,CENTRO,28906290,(22)3199-1010,,85,0,28,0,18,0,0,0,10,0,0,0,0,0
202606,SUDESTE,RJ,330070,CABO FRIO,2278286,HOSPITAL SANTA IZABEL,IRMANDADE DE SANTA IZABEL DE CABO FRIO,M,5,HOSPITAL GERAL,3999,HOSPITAL_FILANTRÓPICO,BARAO DO RIO BRANCO,72,,PRIMEIRO,28906170,,,70,45,5,5,5,5,0,0,0,0,0,0,0,0
202606,SUDESTE,RJ,330250,MAGE,2278324,HOSPITAL MATERNO INFANTIL DE PIABETA VEREADOR HUGO BRAGA,MUNICIPIO DE MAGE,M,7,HOSPITAL ESPECIALIZADO,1244,HOSPITAL_PÚBLICO,AVENIDA SANTOS DUMONT,285,,PIABETA INHOMIRIM,25931758,(21)2739-1289,,57,57,0,0,0,0,0,0,0,0,0,0,0,0
202606,SUDESTE,RJ,330250,MAGE,2278332,HOSPITAL MUNICIPAL DE MAGE,MUNICIPIO DE MAGE,M,5,HOSPITAL GERAL,1244,HOSPITAL_PÚBLICO,RUA PIO XII,81,,FIGUEIRA,25903587,(21)26332358,,76,62,9,0,9,0,0,0,0,0,0,0,0,0
202606,SUDESTE,RJ,330250,MAGE,2278677,HOSPITAL MUNICIPAL DE FRAGOSO GENARINO COZZOLINO,MUNICIPIO DE MAGE,M,20,PRONTO SOCORRO GERAL,1244,HOSPITAL_PÚBLICO,AV AUTOMOVEL CLUB,S/N,KM 60,FRAGOSO,25935510,(21)26593236,,10,10,0,0,0,0,0,0,0,0,0,0,0,0
202606,SUDESTE,RJ,330250,MAGE,2278731,HOSPITAL DE MAUA DR MARIO PINHEIRO,MUNICIPIO DE MAGE,M,20,PRONTO SOCORRO GERAL,1244,HOSPITAL_PÚBLICO,ESTRADA REAL DE MAUA,S/N,,PRAIA DA ESPERANCA,25926586,(21)6150025,,15,15,0,0,0,0,0,0,0,0,0,0,0,0
202606,SUDESTE,RJ,330220,ITAPERUNA,2278855,HOSPITAL SAO JOSE DO AVAI,CONFERENCIA SAO JOSE DO AVAI,M,5,HOSPITAL GERAL,3999,HOSPITAL_FILANTRÓPICO,RUA CORONEL LUIZ FERRAZ,397,,CENTRO,28300000,(22)38249200,hsja@hsja.com.br,310,202,102,69,78,57,8,4,16,8,0,0,0,0
202606,SUDESTE,RJ,330220,ITAPERUNA,2278901,CLINICA SAO CAMILO DE LELIS LTDA,CLINICA SAO CAMILO DE LELIS LTDA,M,5,HOSPITAL GERAL,2062,HOSPITAL_PRIVADO,AVENIDA CARDOSO MOREIRA,897,,CENTRO,28300000,(22)38267020,csaocamilo@uol.com.br,8,0,8,0,8,0,0,0,0,0,0,0,0,0
202606,SUDESTE,RJ,330360,PARACAMBI,2279355,HOSPITAL MUNICIPAL DR ADALBERTO DA GRACA,MUNICIPIO DE PARACAMBI,M,5,HOSPITAL GERAL,1244,HOSPITAL_PÚBLICO,AV JONAS LEAL,17,,LAGES,26600000,(21)26832128,,42,42,0,0,0,0,0,0,0,0,0,0,0,0
202606,SUDESTE,RJ,330360,PARACAMBI,2279525,CASA DE SAUDE PARACAMBI,CASA DE SAUDE NOSSA SENHORA APARECIDA DE PARACAMBI LTDA,M,5,HOSPITAL GERAL,2062,HOSPITAL_PRIVADO,RUA DOUTOR NILO PECANHA,540,PREDIO,CENTRO,26600000,(21)26839200,csparacambi@ig.com.br,20,2,0,0,0,0,0,0,0,0,0,0,0,0
202606,SUDESTE,RJ,330040,BARRA MANSA,2280051,SANTA CASA DE MISERICORDIA DE BARRA MANSA,SANTA CASA DE MISERICORDIA DE BARRA MANSA,M,5,HOSPITAL GERAL,3999,HOSPITAL_FILANTRÓPICO,RUA PINTO RIBEIRO,205,,CENTRO,27310420,(24)33235282,,240,163,35,18,18,18,7,0,10,0,0,0,0,0
202606,SUDESTE,RJ,330455,RIO DE JANEIRO,2280132,MS INC INSTITUTO NACIONAL DE CARDIOLOGIA,MS INC INSTITUTO NACIONAL DE CARDIOLOGIA,M,7,HOSPITAL ESPECIALIZADO,1015,HOSPITAL_PÚBLICO,RUA DAS LARANJEIRAS,374,2 ANDAR,LARANJEIRAS,22240006,(21)30372152,,162,121,61,20,35,10,10,0,5,3,0,0,11,7
202606,SUDESTE,RJ,330455,RIO DE JANEIRO,2280167,HOSPITAL UNIVERSITARIO CLEMENTINO FRAGA FILHO,HOSPITAL UNIVERSITARIO CLEMENTINO FRAGA FILHO,M,5,HOSPITAL GERAL,1104,HOSPITAL_PÚBLICO,RUA PROFESSOR RODOLPHO PAULO ROCCO,255,CIDADE UNIVERSITARIA,ILHA DO FUNDAO,21941590,(21)39382789,diretor@hucff.ufrj.br,327,322,40,35,40,35,0,0,0,0,0,0,0,0
202606,SUDESTE,RJ,330455,RIO DE JANEIRO,2280183,SMS HOSPITAL MUNICIPAL SOUZA AGUIAR AP 10,SMS RIO HOSPITAL MUNICIPAL SOUZA AGUIAR AP 10,M,5,HOSPITAL GERAL,1031,HOSPITAL_PÚBLICO,PRACA DA REPUBLICA,111,,CENTRO,20211350,,,328,328,27,27,21,21,0,0,0,0,6,6,0,0
202606,SUDESTE,RJ,330455,RIO DE JANEIRO,2280248,SMS HOSPITAL MATERNIDADE CARMELA DUTRA AP 32,SMS RIO HOSPITAL MATERNIDADE CARMELA DUTRA AP 32,M,7,HOSPITAL ESPECIALIZADO,1031,HOSPITAL_PÚBLICO,RUA AQUIDABA,1037,,LINS DE VASCONCELOS,20720292,(21) 31116766,hmatcdutra@rio.rj.gov.br,120,120,14,14,0,0,0,0,14,14,0,0,0,0
202606,SUDESTE,RJ,330130,CASIMIRO DE ABREU,2280396,HOSPITAL MUNICIPAL ANGELA MARIA SIMOES MENEZES,HOSPITAL MUNICIPAL ANGELA MARIA SIMOES MENEZES,M,5,HOSPITAL GERAL,1244,HOSPITAL_PÚBLICO,RUA PASTOR LUIZ LAURENTINO,1292,,SANTA ELY,28860000,2227784440,faturamento.hmca@gmail.com,60,55,5,0,5,0,0,0,0,0,0,0,0,0
202606,SUDESTE,RJ,330520,SAO PEDRO DA ALDEIA,2280477,HOSPITAL E MATERNIDADE DA ALDEIA,MISSAO DE SAO PEDRO,M,5,HOSPITAL GERAL,3999,HOSPITAL_FILANTRÓPICO,AVENIDA GETULIO VARGAS,290,CASA,CENTRO,28941122,22 2621 1063,missaodesaopedro@ig.com.br,49,33,0,0,0,0,0,0,0,0,0,0,0,0
202606,SUDESTE,RJ,330520,SAO PEDRO DA ALDEIA,2280582,HOSPITAL MUNICIPAL DR JOSE SEVE NETO,SECRETARIA MUNICIPAL DE SAUDE DE SAO PEDRO DA ALDEIA,M,5,HOSPITAL GERAL,1031,HOSPITAL_PÚBLICO,RUA EPAMINONDAS PEREIRA NUNES,01,,NOVA SAO PEDRO,28941140,22 2621 2623,faturamento.spa@ibdap.org.br,29,29,0,0,0,0,0,0,0,0,0,0,0,0
202606,SUDESTE,RJ,330455,RIO DE JANEIRO,2280728,SMS INSTITUTO NISE DA SILVEIRA AP 32,SMS RIO INSTITUTO MUNICIPAL NISE DA SILVEIRA AP 32,M,7,HOSPITAL ESPECIALIZADO,1031,HOSPITAL_PÚBLICO,RAMIRO MAGALHAES,521,,ENGENHO DE DENTRO,20730460,21 31117426,imnisedasilveira@gmail.com,4,4,0,0,0,0,0,0,0,0,0,0,0,0
202606,SUDESTE,RJ,330010,ANGRA DOS REIS,2280868,HOSPITAL MATERNIDADE DE ANGRA DOS REIS HMAR,HOSPITAL MATERNIDADE DE ANGRA DOS REIS HMAR,M,5,HOSPITAL GERAL,1031,HOSPITAL_PÚBLICO,RUA DR COUTINHO,84,,CENTRO,23900620,2433654687,DIRECAOMEDICA.HMAR@IDEAISRJ.ORG.BR,69,69,9,9,5,5,0,0,4,4,0,0,0,0
202606,SUDESTE,RJ,330010,ANGRA DOS REIS,2281287,HOSPITAL UNIMED VOLTA REDONDA UNIDADE LITORAL SUL,HOSPITAL LITORAL SUL LTDA,M,5,HOSPITAL GERAL,2062,HOSPITAL_PRIVADO,RUA MILTON BASILIO PEREIRA,367,,PARQUE DAS PALMEIRAS,23906455,24 3364-2614,,24,0,0,0,0,0,0,0,0,0,0,0,0,0
202606,SUDESTE,RJ,330010,ANGRA DOS REIS,2281384,HOSPITAL DE PRAIA BRAVA,FUNDACAO ELETRONUCLEAR DE ASSISTENCIA MEDICA,M,5,HOSPITAL GERAL,3069,HOSPITAL_FILANTRÓPICO,RUA OITO,S/N,,PRAIA BRAVA,23950080,2433621272,feam@feam-etn.org.br,44,27,8,3,8,3,0,0,0,0,0,0,0,0
202606,SUDESTE,RJ,330227,JAPERI,2281554,HMJ HOSPITAL MUNICIPAL DE JAPERI,MUNICIPIO DE JAPERI,M,5,HOSPITAL GERAL,1244,HOSPITAL_PÚBLICO,ESTRADA ARY SCHIAVO,S/N,,SANTA INES,26440115,2126645878,policlinica@gmail.com,34,30,0,0,0,0,0,0,0,0,0,0,0,0
202606,SUDESTE,RJ,330050,BOM JARDIM,2282801,HOSPITAL DR CELSO ERTHAL,SANTA CASA DE BOM JARDIM,M,5,HOSPITAL GERAL,3999,HOSPITAL_FILANTRÓPICO,RUA JOAO FIGUEIRA RODRIGUES,36,,CENTRO,28660000,(22)25662140,,50,42,3,0,3,0,0,0,0,0,0,0,0,0
202606,SUDESTE,RJ,330290,MIGUEL PEREIRA,2283239,HOSPITAL MUNICIPAL LUIZ GONZAGA,SECRETARIA MUNICIPAL DE SAUDE DE MIGUEL PEREIRA,M,5,HOSPITAL GERAL,1244,HOSPITAL_PÚBLICO,RUA ADELAIDE BADENES,400,,CENTRO,26900000,(24)21050222,secretariaadm.hmlg@ibdap.org.br,81,71,10,0,10,0,0,0,0,0,0,0,0,0
202606,SUDESTE,RJ,330480,SAO FIDELIS,2283328,HOSPITAL ARMANDO VIDAL,ASSOCIACAO HOSPITALAR ARMANDO VIDAL,M,5,HOSPITAL GERAL,3999,HOSPITAL_FILANTRÓPICO,PRACA SAO FIDELIS,79,,CENTRO,28400000,(22)27581060,administracao@ahav.com.br,139,128,19,17,19,17,0,0,0,0,0,0,0,0
202606,SUDESTE,RJ,330070,CABO FRIO,2283395,HOSPITAL SAO JOSE OPERARIO,SECRETARIA MUNICIPAL DE SAUDE DE CABO FRIO,M,5,HOSPITAL GERAL,1031,HOSPITAL_PÚBLICO,RUA GOVERNADOR VALADARES,22,,SAO CRISTOVAO,28909010,(22)26452626,,73,73,0,0,0,0,0,0,0,0,0,0,0,0
202606,SUDESTE,RJ,330575,TANGUA,2283735,HOSPITAL MUNICIPAL DERMEVAL GARCIA DE FREITAS,SECRETARIA MUNICIPAL DE SAUDE DE TANGUA,M,5,HOSPITAL GERAL,1244,HOSPITAL_PÚBLICO,RUA PRIMEIRO DE MAIO,35,,CENTRO,24890000,21 27472301,admpoliclinicatangua@gmail.com,14,14,0,0,0,0,0,0,0,0,0,0,0,0
202606,SUDESTE,RJ,330090,CAMBUCI,2283794,HOSPITAL MUNICIPAL MOACYR GOMES DE AZEVEDO,SECRETARIA MUNICIPAL DE SAUDE DE CAMBUCI,M,5,HOSPITAL GERAL,1244,HOSPITAL_PÚBLICO,AVENIDA JOSE DE SOUZA FARIA,06,,CENTRO,28430014,2227675001,,48,39,4,4,4,4,0,0,0,0,0,0,0,0
202606,SUDESTE,RJ,330285,MESQUITA,2283832,HOSPITAL DAS CLINICAS DE JUCELINO,HOSPITAL DAS CLINICAS DE JUSCELINO LTDA,M,5,HOSPITAL GERAL,2062,HOSPITAL_PRIVADO,GERVASIO,6,,CENTRO,26550020,21 37731453,,76,0,0,0,0,0,0,0,0,0,0,0,0,0
202606,SUDESTE,RJ,330200,ITAGUAI,2284634,HOSPITAL MUNICIPAL SAO FRANCISCO XAVIER,MUNICIPIO DE ITAGUAI,M,5,HOSPITAL GERAL,1244,HOSPITAL_PÚBLICO,RUA GENERAL BOCAIUVA,16,,CENTRO,23815310,(21)26887844,sms.saude@itaguai.rj.gov.br,109,109,10,10,10,10,0,0,0,0,0,0,0,0
202606,SUDESTE,RJ,330020,ARARUAMA,2285150,HOSPITAL MUNICIPAL PREFEITO ARMANDO DA SILVA CARVALHO,SECRETARIA MUNICIPAL DE SAUDE DE ARARUAMA,M,5,HOSPITAL GERAL,1031,HOSPITAL_PÚBLICO,RUA DR JOAO FLORENCIO SOBRINHO,S/N,,SAO VICENTE DE PAULO,28988892,(22)26661238,,18,18,0,0,0,0,0,0,0,0,0,0,0,0
202606,SUDESTE,RJ,330300,MIRACEMA,2285932,HOSPITAL DE MIRACEMA,HOSPITAL DE MIRACEMA,M,5,HOSPITAL GERAL,3999,HOSPITAL_FILANTRÓPICO,RUA JOSE MONTEIRO DE BARROS,500,,HOSPITAL,28460000,08003662000,hospitaldemiracema@gmail.com,58,35,10,6,10,6,0,0,0,0,0,0,0,0
202606,SUDESTE,RJ,330022,AREAL,2285975,HOSPITAL MUNICIPAL NOSSA SENHORA DAS DORES,HOSPITAL MUNICIPAL NOSSA SENHORA DAS DORES,M,5,HOSPITAL GERAL,1244,HOSPITAL_PÚBLICO,AV PRES VARGAS,250,,CENTRO,25846220,(24)22579702,hmnsdareal@gmail.com,20,20,0,0,0,0,0,0,0,0,0,0,0,0
202606,SUDESTE,RJ,330500,SAO JOAO DA BARRA,2286289,SANTA CASA DE MISERICORDIA DE SAO JOAO DA BARRA,SANTA CASA DE MISERICORDIA DE SAO JOAO DA BARRA,M,5,HOSPITAL GERAL,3999,HOSPITAL_FILANTRÓPICO,JOAO FRANCISCO DE ALMEIDA,260,,CENTRO,28200000,22 27414600,,50,50,0,0,0,0,0,0,0,0,0,0,0,0
202606,SUDESTE,RJ,330100,CAMPOS DOS GOYTACAZES,2287099,CLINICA DA CRIANCA,FUNDACAO MUNICIPAL DE SAUDE,M,7,HOSPITAL ESPECIALIZADO,1155,HOSPITAL_PÚBLICO,RUA ANDRE LUIS,111,,JD CARIOCA,28080460,,uphguarus@fms.org.br,17,17,0,0,0,0,0,0,0,0,0,0,0,0
202606,SUDESTE,RJ,330100,CAMPOS DOS GOYTACAZES,2287250,SOCIEDADE PORTUGUESA DE BENEFICENCIA DE CAMPOS,SOCIEDADE PORTUGUESA DE BENEFICENCIA DE CAMPOS,M,5,HOSPITAL GERAL,3999,HOSPITAL_FILANTRÓPICO,RUA BARAO DE MIRACEMA,140,,CENTRO,28035302,22 27376250,,253,190,72,58,54,40,0,0,18,18,0,0,0,0
202606,SUDESTE,RJ,330100,CAMPOS DOS GOYTACAZES,2287285,HOSPITAL DR BEDA,INSTITUTO DE MED NUCLEAR E ENDOCRINOLOGIA LTDA,M,5,HOSPITAL GERAL,2062,HOSPITAL_PRIVADO,RUA CONSELHEIRO OTAVIANO,129,,CENTRO,28010140,2227371500,susimne@hotmail.com,134,60,20,9,20,9,0,0,0,0,0,0,0,0
202606,SUDESTE,RJ,330100,CAMPOS DOS GOYTACAZES,2287374,HOSPITAL SAO JOSE,FUNDACAO MUNICIPAL DE SAUDE,M,5,HOSPITAL GERAL,1155,HOSPITAL_PÚBLICO,RODOVIA DEP ALAIR FERREIRA,200,,GOYTACAZES,28010010,,,45,31,0,0,0,0,0,0,0,0,0,0,0,0
202606,SUDESTE,RJ,330100,CAMPOS DOS GOYTACAZES,2287382,SANTA CASA DE MISERICORDIA DE CAMPOS,SANTA CASA DE MISERICORDIA DE CAMPOS,M,5,HOSPITAL GERAL,3999,HOSPITAL_FILANTRÓPICO,AV PELINCA,115,,PQ TAMANDARE,28035053,27231894,santacasa@viacabo.com.br,205,154,40,35,40,35,0,0,0,0,0,0,0,0
202606,SUDESTE,RJ,330100,CAMPOS DOS GOYTACAZES,2287447,HOSPITAL ESCOLA ALVARO ALVIM,FUNDACAO BENEDITO PEREIRA NUNES,M,5,HOSPITAL GERAL,3069,HOSPITAL_FILANTRÓPICO,BARAO DA LAGOA DOURADA,409,,CENTRO,28035211,22 21012974,FBPN@FBPN-CAMPOS.COM.BR,147,116,30,20,30,20,0,0,0,0,0,0,0,0
202606,SUDESTE,RJ,330100,CAMPOS DOS GOYTACAZES,2287579,HOSPITAL FERREIRA MACHADO,FUNDACAO MUNICIPAL DE SAUDE,M,5,HOSPITAL GERAL,1155,HOSPITAL_PÚBLICO,RUA ROCHA LEAO,02,,CAJU,28051170,(22)27323788,,293,243,47,24,30,16,17,8,0,0,0,0,0,0
202606,SUDESTE,RJ,330030,BARRA DO PIRAI,2287919,CASA DE CARIDADE SANTA RITA,CASA DE CARIDADE SANTA RITA,M,5,HOSPITAL GERAL,3999,HOSPITAL_FILANTRÓPICO,RUA FRANKLIN DE MORAES,67,,CENTRO,27135000,(24)24472750,santa.casa@uol.com.br,107,84,14,7,14,7,0,0,0,0,0,0,0,0
202606,SUDESTE,RJ,330030,BARRA DO PIRAI,2287927,HOSPITAL E MATERNIDADE MARIA DE NAZARE,CENTRO ESPIRITA PAI JOSE CAMBINDA,M,5,HOSPITAL GERAL,3999,HOSPITAL_FILANTRÓPICO,RUA FRUTUOSO GIL GONCALVES,115,,MATADOURO,27115050,(24)2447-2000,cepjc@ig.com.br,79,58,0,0,0,0,0,0,0,0,0,0,0,0
202606,SUDESTE,RJ,330260,MANGARATIBA,2288109,HOSPITAL MUNICIPAL VICTOR DE SOUZA BREVES,SECRETARIA MUNICIPAL DE SAUDE,M,5,HOSPITAL GERAL,1244,HOSPITAL_PÚBLICO,RUA NILO PECANHA,85,,CENTRO,23860000,(21)2789-9035,saude@mangaratiba.rj.gov.br,74,64,0,0,0,0,0,0,0,0,0,0,0,0
202606,SUDESTE,RJ,330225,ITATIAIA,2288230,HOSP MUNICIPAL MATERNIDADE DR MANOEL MARTINS DE BARROS,SECRETARIA MUNICIPAL DE SAUDE DE ITATIAIA,M,5,HOSPITAL GERAL,1244,HOSPITAL_PÚBLICO,AV DOIS,800,,JARDIM ITATIAIA,27583495,(24) 3352-6850/1250,admhospitalmunicipalitatiaia@gmail.com,42,42,0,0,0,0,0,0,0,0,0,0,0,0
202606,SUDESTE,RJ,330455,RIO DE JANEIRO,2288338,INI FIOCRUZ,FUNDACAO OSWALDO CRUZ,M,5,HOSPITAL GERAL,1139,HOSPITAL_PÚBLICO,BRASIL,4365,PAV GASPAR VIANNA,MANGUINHOS,21040360,21 38659595,seinfo.faturamento@ini.fiocruz.br,126,126,0,0,0,0,0,0,0,0,0,0,0,0
202606,SUDESTE,RJ,330455,RIO DE JANEIRO,2288362,SMS INSTITUTO MUNICIPAL PHILIPPE PINEL AP 21,SMS RIO INSTITUTO MUNICIPAL PHILIPPE PINEL AP 21,M,7,HOSPITAL ESPECIALIZADO,1031,HOSPITAL_PÚBLICO,AV VENCESLAU BRAS,65,,BOTAFOGO,22290140,(21)22755694,imppinel@smsdc.rio.rj.gov.br,50,50,0,0,0,0,0,0,0,0,0,0,0,0
202606,SUDESTE,RJ,330420,RESENDE,2288885,SANTA CASA DE MISERICORDIA DE RESENDE,SANTA CASA DE MISERICORDIA DE RESENDE,M,5,HOSPITAL GERAL,3999,HOSPITAL_FILANTRÓPICO,PRACA CLEMENTE FERREIRA,39,,LAVAPES,27511020,(24) 3355-1159,diretoriageral@santacasaresende.org.br,82,76,5,5,5,5,0,0,0,0,0,0,0,0
202606,SUDESTE,RJ,330420,RESENDE,2288893,HOSPITAL MUNICIPAL HENRIQUE SERGIO GREGORI,SECRETARIA MUNICIPAL DE SAUDE DE RESENDE,M,5,HOSPITAL GERAL,1244,HOSPITAL_PÚBLICO,AVENIDA MARCILIO DIAS,800,,JARDIM JALISCO,27510080,(24) 3381-2080,direcaohme.resende@gmail.com,79,79,16,16,16,16,0,0,0,0,0,0,0,0
202606,SUDESTE,RJ,330420,RESENDE,2288907,APMIR,ASSOCIACAO DE PROTECAO A MATERNIDADE E A INFANCIA DE RESENDE,M,7,HOSPITAL ESPECIALIZADO,3999,HOSPITAL_FILANTRÓPICO,AVENIDA GUSTAVO JARDIM,314,,CENTRO,27511360,(24) 3355-4821/4013,apmir31@yahoo.com.br,67,46,10,10,0,0,0,0,10,10,0,0,0,0
202606,SUDESTE,RJ,330040,BARRA MANSA,2289377,INTENSIBARRA,CENTRO DE TRATAMENTO INTENSIVO DE BARRA MANSA,M,7,HOSPITAL ESPECIALIZADO,2062,HOSPITAL_PRIVADO,RUA TENENTE JOSE EDUARDO,585,,ANO BOM,27323240,02433239395,,20,0,0,0,0,0,0,0,0,0,0,0,0,0
202606,SUDESTE,RJ,330045,BELFORD ROXO,2289571,HOSPITAL MUNICIPAL DE BELFORD ROXO,SMS BELFORD ROXO,M,5,HOSPITAL GERAL,1244,HOSPITAL_PÚBLICO,AVENIDA RETIRO DA IMPRENSA,1013,,VILA MEDEIROS,26112180,(21)26621660,,65,65,0,0,0,0,0,0,0,0,0,0,0,0
202606,SUDESTE,RJ,330045,BELFORD ROXO,2289709,HOSPITAL DE CLINICAS BELFORD ROXO,CASA DE SAUDE E MATERNIDADE BELFORD ROXO LTDA,M,5,HOSPITAL GERAL,2062,HOSPITAL_PRIVADO,AV BENJAMIM PINTO DIAS,1000,,CENTRO,26130000,26622391,csmbr@ig.com.br,91,0,0,0,0,0,0,0,0,0,0,0,0,0
202606,SUDESTE,RJ,330140,CONCEICAO DE MACABU,2290073,HOSPITAL MUNICIPAL ANA MOREIRA,SECRETARIA MUNICIPAL DE SAUDE DE CONCEICAO DE MACABU,M,5,HOSPITAL GERAL,1244,HOSPITAL_PÚBLICO,RUA ROSENDO FONTES TAVARES,199,PREDIO,BOCAINA,28740000,2227792486,semsa@conceicaodemacabu.rj.gov.br,21,21,0,0,0,0,0,0,0,0,0,0,0,0
202606,SUDESTE,RJ,330170,DUQUE DE CAXIAS,2290227,HOSPITAL MUNICIPAL ADAO PEREIRA NUNES,MUNICIPIO DE DUQUE DE CAXIAS,M,5,HOSPITAL GERAL,1244,HOSPITAL_PÚBLICO,ROD WASHINGTON LUIZ,S/N,BR 040 KM 109,JD PRIMAVERA,25225015,2127775258,direcao.hmapn@duquedecaxias.rj.gov.br,485,403,104,29,63,0,18,17,23,12,0,0,0,0
202606,SUDESTE,RJ,330230,LAJE DO MURIAE,2290499,HOSPITAL MUNICIPAL DE LAJE DO MURIAE,HOSPITAL MUNICIPAL DE LAJE DO MURIAE,M,5,HOSPITAL GERAL,1244,HOSPITAL_PÚBLICO,RUA GERONCIO FERREIRA,270,,CENTRO,28350200,2238292434,,32,30,0,0,0,0,0,0,0,0,0,0,0,0
202606,SUDESTE,RJ,330455,RIO DE JANEIRO,2291266,SMS HOSPITAL MUNICIPAL FRANCISCO DA SILVA TELLES AP 33,SMS RIO HOSPITAL MUNICIPAL FRANCISCO DA SILVA TELLES AP 33,M,5,HOSPITAL GERAL,1031,HOSPITAL_PÚBLICO,UBIRAJARA,25,,IRAJA,21230300,021 3715070,,84,84,0,0,0,0,0,0,0,0,0,0,0,0
202606,SUDESTE,RJ,330455,RIO DE JANEIRO,2291282,HOSPITAL NOSSA SENHORA DAS DORES,SCMRJ SANTA CASA DA MISERICORDIA DO RIO DE JANEIRO,M,5,HOSPITAL GERAL,3999,HOSPITAL_FILANTRÓPICO,ERNANI CARDOSO,21,,CASCADURA,21310310,21997399187,hnsdhospital@gmail.com,222,0,0,0,0,0,0,0,0,0,0,0,0,0
202606,SUDESTE,RJ,330455,RIO DE JANEIRO,2291304,SES RJ CENTRO PSIQUIATRICO RIO DE JANEIRO,SECRETARIA DE ESTADO DE SAUDE SES,E,7,HOSPITAL ESPECIALIZADO,1023,HOSPITAL_PÚBLICO,CORONEL ASSUNCAO,S/N,,GAMBOA,20220480,21 22992577,,108,108,0,0,0,0,0,0,0,0,0,0,0,0
202606,SUDESTE,RJ,330475,SAO FRANCISCO DE ITABAPOANA,2291320,HOSPITAL MUNICIPAL MANOEL CAROLA,MUNICIPIO DE SAO FRANCISCO DE ITABAPOANA,M,5,HOSPITAL GERAL,1244,HOSPITAL_PÚBLICO,AV NILTON MAYERHOFFER PESSANHA,48,,PONTO DE CACIMBAS,28230000,22999659443,saudesfi@hotmail.com,32,32,0,0,0,0,0,0,0,0,0,0,0,0
202606,SUDESTE,RJ,330490,SAO GONCALO,2291525,H OLHOS SAO GONCALO,OFTALMOCLINICA SAO GONCALO LTDA,M,7,HOSPITAL ESPECIALIZADO,2062,HOSPITAL_PRIVADO,SALVATORI,99,ENT SUPL RUA JOSE,CENTRO,24421005,21 27129494,OFTALMOCLINICASG@GMAIL.COM,17,13,0,0,0,0,0,0,0,0,0,0,0,0
202606,SUDESTE,RJ,330490,SAO GONCALO,2292084,HOSPITAL DR LUIZ PALMIER,SECRETARIA MUNICIPAL DE SAUDE DE SAO GONCALO,M,5,HOSPITAL GERAL,1244,HOSPITAL_PÚBLICO,PRACA ESTEPHANIA DE CARVALHO,26,PARTE 1,ZE GAROTO,24440195,(21) 2603-6590,,138,130,15,7,15,7,0,0,0,0,0,0,0,0
202606,SUDESTE,RJ,330515,SAO JOSE DO VALE DO RIO PRETO,2292270,HOSPITAL MATERNIDADE SANTA THERESINHA,SECRETARIA MUNICIPAL DE SAUDE DE SAO JOSE DO VALE DO RIO PRE,M,5,HOSPITAL GERAL,1031,HOSPITAL_PÚBLICO,RUA PROFA MARIA EMILIA ESTEVES,617,,CENTRO,25780000,2422241150,saude@sjvriopreto.rj.gov.br,49,49,0,0,0,0,0,0,0,0,0,0,0,0
202606,SUDESTE,RJ,330580,TERESOPOLIS,2292386,HOSPITAL SAO JOSE,ASSOCIACAO CONGREGACAO DE SANTA CATARINA,E,5,HOSPITAL GERAL,3999,HOSPITAL_FILANTRÓPICO,RUA JUDITH MAURICIO DE PAULA,40,,IUCAS,25964220,(21)2741-4300,administracao.hsj@redesc.org.br,107,43,23,13,23,13,0,0,0,0,0,0,0,0
202606,SUDESTE,RJ,330580,TERESOPOLIS,2292513,BENEFICENCIA PORTUGUESA DE TERESOPOLIS,HOSPITAL NOSSA SENHORA DA SAUDE,M,5,HOSPITAL GERAL,3999,HOSPITAL_FILANTRÓPICO,R JOSE MARIA DE ARAUJO REGADAS,300,,ERMITAGE,25953345,(21)27420765,,69,49,0,0,0,0,0,0,0,0,0,0,0,0
202606,SUDESTE,RJ,330610,VALENCA,2292912,HOSPITAL ESCOLA LUIZ GIOSEFFI JANNUZZI,FUNDACAO EDUCACIONAL D ANDRE ARCOVERDE,M,5,HOSPITAL GERAL,3069,HOSPITAL_FILANTRÓPICO,RUA DOM JOSE COSTA CAMPOS,20,,CENTRO,27600046,(24)2453-1333,direcaohe@faa.edu.br,195,195,40,40,30,30,0,0,10,10,0,0,0,0
202606,SUDESTE,RJ,330320,NILOPOLIS,2293862,HOSPITAL MUNICIPAL JUSCELINO KUBITSCHEK,SECRETARIA MUNICIPAL DE SAUDE DE NILOPOLIS,M,5,HOSPITAL GERAL,1244,HOSPITAL_PÚBLICO,RUA ZEZINHO,111,,CENTRO,26520000,(21)37613223,,92,70,16,0,10,0,0,0,6,0,0,0,0,0
202606,SUDESTE,RJ,330600,TRES RIOS,2294923,HOSPITAL DE CLINICAS NOSSA SENHORA DA CONCEICAO,ASSOCIACAO CONGREGACAO DE SANTA CATARINA,M,5,HOSPITAL GERAL,3999,HOSPITAL_FILANTRÓPICO,RUA MAESTRO COSTA BARROS,642,,CENTRO,25805090,2422550601,dir.executivo@hcnsc.com.br,113,90,26,19,26,19,0,0,0,0,0,0,0,0
202606,SUDESTE,RJ,330210,ITAOCARA,2295016,CASA DE SAUDE JOAO XXIII LTDA,CASA DE SAUDE JOAO XXIII LTDA,M,5,HOSPITAL GERAL,2062,HOSPITAL_PRIVADO,RUA NILO PECANHA,564,,CENTRO,28570000,(22)38612552,csjxxiii@uol.com.br casadesaudeitaocara@okintrnet.com.br,41,0,12,0,12,0,0,0,0,0,0,0,0,0
202606,SUDESTE,RJ,330455,RIO DE JANEIRO,2295059,CLINICA DE REPOUSO SANTA ALICE,SANATORIO RIO DE JANEIRO LTDA,M,7,HOSPITAL ESPECIALIZADO,2062,HOSPITAL_PRIVADO,RUA BOA VISTA,99,,ALTO DA BOA VISTA,20531610,,sanatoriojane@gmail.com,50,0,0,0,0,0,0,0,0,0,0,0,0,0
202606,SUDESTE,RJ,330455,RIO DE JANEIRO,2295067,INSTITUTO ESTADUAL DE HEMATOLOGIA ARTHUR SIQUEIRA CAVALCANTI,SECRETARIA DE ESTADO DE SAUDE SES,E,7,HOSPITAL ESPECIALIZADO,1023,HOSPITAL_PÚBLICO,RUA FREI CANECA,8,,CENTRO,20211030,(21)23328611,diretoria@hemorio.rj.gov.br,83,83,0,0,0,0,0,0,0,0,0,0,0,0
202606,SUDESTE,RJ,330610,VALENCA,2295075,HOSPITAL GUSTAVO MONTEIRO JUNIOR,ASSOCIACAO DA CASA DE CARIDADE DE CONSERVATORIA,M,5,HOSPITAL GERAL,3999,HOSPITAL_FILANTRÓPICO,RUA OSWALDO FONSECA,02,,CONSERVATORIA,27610470,(24) 2438-1202,hospcon@yahoo.com.br,46,39,0,0,0,0,0,0,0,0,0,0,0,0
202606,SUDESTE,RJ,330610,VALENCA,2295105,HOSPITAL SANTA ISABEL,ASSOCIACAO HOSPITAL SANTA ISABEL,M,5,HOSPITAL GERAL,3999,HOSPITAL_FILANTRÓPICO,RUA OLIMPIA JUNQUEIRA,279,,SANTA ISABEL,27611755,(24)24571117,ahsi.adm25@gmail.com,40,40,0,0,0,0,0,0,0,0,0,0,0,0
202606,SUDESTE,RJ,330455,RIO DE JANEIRO,2295369,ACAO CRISTA VICENTE MORETTI,ACAO CRISTA VICENTE MORETTI,M,7,HOSPITAL ESPECIALIZADO,3999,HOSPITAL_FILANTRÓPICO,MARAVILHA,308,,BANGU,21810100,,,40,40,0,0,0,0,0,0,0,0,0,0,0,0
202606,SUDESTE,RJ,330455,RIO DE JANEIRO,2295393,HOSPITAL NOSSA SENHORA DA SAUDE,SANTA CASA DA MISERICORDIA DO RIO DE JANEIRO,M,5,HOSPITAL GERAL,3999,HOSPITAL_FILANTRÓPICO,RUA DA GAMBOA,303,,SAUDE,20220322,,,34,0,0,0,0,0,0,0,0,0,0,0,0,0
202606,SUDESTE,RJ,330455,RIO DE JANEIRO,2295407,SMS HOSPITAL MUNICIPAL ROCHA FARIA AP 52,SMS RIO HOSPITAL MUNICIPAL ROCHA FARIA AP 52,M,5,HOSPITAL GERAL,1031,HOSPITAL_PÚBLICO,AV CESARIO DE MELO,3215,,CAMPO GRANDE,23050101,(21)2333-6797,direcao.hmrf@igedes.org.br,198,168,36,16,16,16,0,0,20,0,0,0,0,0
202606,SUDESTE,RJ,330455,RIO DE JANEIRO,2295415,HOSPITAL UNIVERSITARIO GAFFREE E GUINLE,UNIVERSIDADE DO ESTADO DO RIO DE JANEIRO,M,5,HOSPITAL GERAL,1139,HOSPITAL_PÚBLICO,MARIZ E BARROS,775,,TIJUCA,20270004,,,167,159,15,11,7,5,0,0,8,6,0,0,0,0
202606,SUDESTE,RJ,330455,RIO DE JANEIRO,2295423,HOSPITAL FEDERAL CARDOSO FONTES,MS HOSPITAL FEDERAL CARDOSO FONTES,M,5,HOSPITAL GERAL,1015,HOSPITAL_PÚBLICO,AVENIDA MENEZES CORTES,3245,,FREGUESIA JPA,22745130,(21)24252255,dirhgj@nerj.rj.saude.gov.br,182,179,28,25,18,18,10,7,0,0,0,0,0,0
202606,SUDESTE,RJ,330430,RIO BONITO,2296241,HOSPITAL REGIONAL DARCY VARGAS,HOSPITAL REGIONAL DARCY VARGAS,M,5,HOSPITAL GERAL,3999,HOSPITAL_FILANTRÓPICO,JOAO CARMO,110,,CENTRO,28800000,,,139,114,15,15,15,15,0,0,0,0,0,0,0,0
202606,SUDESTE,RJ,330455,RIO DE JANEIRO,2296306,SMS HOSPITAL MUNICIPAL SALGADO FILHO AP 32,SMS RIO HOSPITAL MUNICIPAL SALGADO FILHO AP 32,M,5,HOSPITAL GERAL,1031,HOSPITAL_PÚBLICO,ARQUIAS CORDEIRO,370,,MEIER,20770000,,,316,316,16,16,16,16,0,0,0,0,0,0,0,0
202606,SUDESTE,RJ,330455,RIO DE JANEIRO,2296594,UFRJ INSTITUTO DE GINECOLOGIA,UNIVERSIDADE FEDERAL DO RIO DE JANEIRO,M,7,HOSPITAL ESPECIALIZADO,1104,HOSPITAL_PÚBLICO,MONCORVO FILHO,90,,CENTRO,20211340,22322970,diretor@ig.ufrj.br,12,12,0,0,0,0,0,0,0,0,0,0,0,0
202606,SUDESTE,RJ,330455,RIO DE JANEIRO,2296608,HCJ HOSPITAL DE CLINICAS DE JACAREPAGUA,HOSPITAL DE CLINICAS DE JACAREPAGUA LTDA,M,5,HOSPITAL GERAL,2062,HOSPITAL_PRIVADO,RUA BACAIRIS,499,,TAQUARA,22730120,(21) 3987-7000,almeida.camila@amil.com.br,46,2,20,0,20,0,0,0,0,0,0,0,0,0
202606,SUDESTE,RJ,330455,RIO DE JANEIRO,2296616,UFRJ IPPMG INST DE PUER PED MARTAGAO GESTEIRA,UNIVERSIDADE FEDERAL DO RIO DE JANEIRO,M,7,HOSPITAL ESPECIALIZADO,1104,HOSPITAL_PÚBLICO,BRUNO LOBO,50,,CIDADE UNIVERSITARIA,21941912,21 39384816,,78,74,14,10,0,0,10,6,4,4,0,0,0,0
202606,SUDESTE,RJ,330045,BELFORD ROXO,2296764,CASA DE SAUDE E MATERNIDADE NOSSA SENHORA DA GLORIA,CASA DE SAUDE E MATERNIDADE XV DE AGOSTO LTDA,M,7,HOSPITAL ESPECIALIZADO,2062,HOSPITAL_PRIVADO,AV BENJAMIM PINTO DIAS,1677,CENTRO,BELFORD ROXO,26130000,(21)26620660,,40,0,0,0,0,0,0,0,0,0,0,0,0,0
202606,SUDESTE,RJ,330040,BARRA MANSA,2296977,CASA DE SAUDE SANTA MARIA SA,CASA DE SAUDE SANTA MARIA SA,M,5,HOSPITAL GERAL,2054,HOSPITAL_PRIVADO,RUA TENENTE JOSE EDUARDO,585,,ANO BOM,27323240,02433249100,,124,0,10,0,0,0,0,0,10,0,0,0,0,0
202606,SUDESTE,RJ,330414,QUEIMADOS,2297132,HOSPITAL INFANTIL 21 DE JULHO LTDA,HOSPITAL INFANTIL 21 DE JULHO LTDA,M,7,HOSPITAL ESPECIALIZADO,2062,HOSPITAL_PRIVADO,RUA JOAQUIM DOS SANTOS,265,,CENTRO,26383330,2126651266,hiq100@globo.com,79,79,0,0,0,0,0,0,0,0,0,0,0,0
202606,SUDESTE,RJ,330490,SAO GONCALO,2297590,MATERNIDADE MUNICIPAL DR MARIO NIAJAR,MUNICIPIO DE SAO GONCALO,M,7,HOSPITAL ESPECIALIZADO,1244,HOSPITAL_PÚBLICO,ALFREDO BACKER,324,,ALCANTARA,24430380,2725-7390,,77,77,0,0,0,0,0,0,0,0,0,0,0,0
202606,SUDESTE,RJ,330580,TERESOPOLIS,2297795,HOSPITAL DAS CLINICAS DE TERESOPOLIS,FESO FUNDACAO EDUCACIONAL SERRA DOS ORGAOS,M,5,HOSPITAL GERAL,3069,HOSPITAL_FILANTRÓPICO,DELFIM MOREIRA,2211,,VALE PARAISO,25953230,,,249,146,55,15,35,15,0,0,20,0,0,0,0,0
202606,SUDESTE,RJ,330455,RIO DE JANEIRO,2297833,CLINICA SAO VICENTE,HOSPITAIS INTEGRADOS DA GAVEA S A,M,5,HOSPITAL GERAL,2054,HOSPITAL_PRIVADO,JOAO BORGES,204,PARTE,GAVEA,22451100,21 32394700,,87,0,30,0,30,0,0,0,0,0,0,0,0,0
202606,SUDESTE,RJ,330490,SAO GONCALO,2298031,SES RJ HOSPITAL ESTADUAL ALBERTO TORRES GERAL SAO GONCALO,SECRETARIA DO ESTADO DE SAUDE DO RIO DE JANEIRO,E,5,HOSPITAL GERAL,1023,HOSPITAL_PÚBLICO,RUA OSORIO COSTA,S/N,NAO HA,COLUBANDE,24744680,(21) 3812 - 2646,direcaoheat@gmail.com,243,243,75,75,64,64,11,11,0,0,0,0,0,0
202606,SUDESTE,RJ,330340,NOVA FRIBURGO,2298090,HOSPITAL UNIMED DE NOVA FRIBURGO,UNIMED DE NOVA FRIBURGO SOCIEDADE COOPERATIVA DE SERVICOS ME,M,5,HOSPITAL GERAL,2143,HOSPITAL_PRIVADO,IZELINO MADURO,900,,CHACARA DO PARAISO,28605300,,,144,0,21,0,9,0,2,0,5,0,0,0,5,0
202606,SUDESTE,RJ,330340,NOVA FRIBURGO,2298104,HOSPITAL SERRANO,HOSPITAL SERRANO LTDA,M,5,HOSPITAL GERAL,2062,HOSPITAL_PRIVADO,GENERAL OSORIO,276,,CENTRO,28625630,,,41,0,10,0,10,0,0,0,0,0,0,0,0,0
202606,SUDESTE,RJ,330455,RIO DE JANEIRO,2298120,SMS HOSPITAL MUNICIPAL ALBERT SCHWEITZER AP 51,SMS RIO HOSPITAL MUNICIPAL ALBERT SCHWEITZER AP 51,M,5,HOSPITAL GERAL,1031,HOSPITAL_PÚBLICO,RUA NILOPOLIS,329,,REALENGO,21725090,(21) 2042-2096,faturamento.hmas@vivario.org.br,396,396,71,71,40,40,20,20,11,11,0,0,0,0
202606,SUDESTE,RJ,330100,CAMPOS DOS GOYTACAZES,2298317,HOSPITAL DOS PLANTADORES DE CANA,ASSOCIACAO FLUMINENSE DE ASSIST A MULHER CRIANCA E AO IDOSO,M,5,HOSPITAL GERAL,3999,HOSPITAL_FILANTRÓPICO,AV JOSE ALVES DE AZEVEDO,337,,PQ ROSARIO,28025496,2227377400,filantropia.hpc@gmail.com,286,236,50,38,30,18,0,0,20,20,0,0,0,0
202606,SUDESTE,RJ,330510,SAO JOAO DE MERITI,2298708,HOSPITAL MUNICIPAL DE SAO JOAO DE MERITI ABDON GONCALVES,SECRETARIA MUNICIPAL DE SAUDE DE SAO JOAO DE MERITI,M,5,HOSPITAL GERAL,1244,HOSPITAL_PÚBLICO,AVENIDA PRESIDENTE LINCOLN,S/N,,JARDIM MERITI,25555200,21 2651-1220,,87,67,20,0,20,0,0,0,0,0,0,0,0,0
202606,SUDESTE,RJ,330455,RIO DE JANEIRO,2298724,SES RJ HOSPITAL ESTADUAL ANCHIETA,SECRETARIA DE ESTADO DE SAUDE SES,E,5,HOSPITAL GERAL,1023,HOSPITAL_PÚBLICO,RUA CARLOS SEIDL,785,,CAJU,20930390,,,71,61,10,0,10,0,0,0,0,0,0,0,0,0
202606,SUDESTE,RJ,330455,RIO DE JANEIRO,2298740,HOSPITAL CLINICA GRAJAU,CASA DE SAUDE GRAJAU LTDA,M,5,HOSPITAL GERAL,2062,HOSPITAL_PRIVADO,RUA BARAO DO BOM RETIRO,2484,,GRAJAU,20540342,(21) 25771122,hcgrajau@hcgrajau.com.br,47,0,10,0,10,0,0,0,0,0,0,0,0,0
202606,SUDESTE,RJ,330420,RESENDE,2299216,HOSPITAL SAMER SERVICO DE ASSISTENCIA MEDICA DE RESENDE,HOSPITAIS INTEGRADOS DA GAVEA S A,M,5,HOSPITAL GERAL,2054,HOSPITAL_PRIVADO,RUA CADETE EDSON,38,QUADRA C LOTE AREA 1,MONTESE,27541060,(24) 3358-9018,direcao@samer.com.br,98,2,34,2,16,2,4,0,6,0,0,0,8,0
202606,SUDESTE,RJ,330490,SAO GONCALO,2696746,PRONTO SOCORRO CENTRAL DR ARMANDO GOMES DE SA COUTO,SECRETARIA MUNICIPAL DE SAUDE DE SAO GONCALO,M,5,HOSPITAL GERAL,1244,HOSPITAL_PÚBLICO,PRACA ESTEPHANIA DE CARVALHO,26,PARTE,ZE GAROTO,24440195,,,99,92,12,5,12,5,0,0,0,0,0,0,0,0
202606,SUDESTE,RJ,330490,SAO GONCALO,2696851,HOSPITAL SAO GONCALO LTDA,CLINICA SAO GONCALO LTDA,M,5,HOSPITAL GERAL,2062,HOSPITAL_PRIVADO,PIO XII,138,,SAO GONCALO,24440410,(21)2109-5023,,93,0,20,0,20,0,0,0,0,0,0,0,0,0
202606,SUDESTE,RJ,330080,CACHOEIRAS DE MACACU,2696924,HOSPITAL MUNICIPAL DR CELSO MARTINS,SMSDC DE CACHOEIRAS DE MACACU,M,5,HOSPITAL GERAL,1031,HOSPITAL_PÚBLICO,RUA PREFEITO JOSE DA SILVA,177,,CAMPO DO PRADO,28681300,(21)39552433,faturamentohmcm@gmail.com,82,82,0,0,0,0,0,0,0,0,0,0,0,0
202606,SUDESTE,RJ,330020,ARARUAMA,2696932,SES RJ HOSPITAL ESTADUAL ROBERTO CHABO,SECRETARIA DE ESTADO DE SAUDE DO RIO DE JANEIRO,E,5,HOSPITAL GERAL,1023,HOSPITAL_PÚBLICO,RUA BERNARDO DE VASCONCELOS,477,NAO HA,CENTRO,28970000,(22)35131408,LEONAM.LIMA@HERC.FS.RJ.GOV.BR,106,98,24,17,16,9,8,8,0,0,0,0,0,0
202606,SUDESTE,RJ,330060,BOM JESUS DO ITABAPOANA,2696940,HOSPITAL SAO VICENTE DE PAULO,CENTRO POPULAR PROMELHORAMENTOS DE BOM JESUS,M,5,HOSPITAL GERAL,3999,HOSPITAL_FILANTRÓPICO,RUA TEN JOSE TEIXEIRA,473,,CENTRO,28360000,22 38339010,hsvp@ig.com.br.,317,220,97,25,87,25,10,0,0,0,0,0,0,0
202606,SUDESTE,RJ,330240,MACAE,2697041,HOSPITAL SAO JOAO BATISTA DE MACAE,IRMANDADE DE SAO JOAO BATISTA DE MACAE,M,5,HOSPITAL GERAL,3999,HOSPITAL_FILANTRÓPICO,PRACA VERISSIMO DE MELLO,391,,CENTRO,27913100,(22) 2772-1005,stacasamacae@uol.com.br,143,76,18,10,18,10,0,0,0,0,0,0,0,0
202606,SUDESTE,RJ,330615,VARRE-SAI,2704390,HOSPITAL SAO SEBASTIAO DE VARRE SAI,HOSPITAL MUNICIPAL SAO SEBASTIAO DE VARRESAI,M,5,HOSPITAL GERAL,1244,HOSPITAL_PÚBLICO,RUA OCTAVIO MONERAT,10,,CENTRO,28375000,2238433832,,26,26,0,0,0,0,0,0,0,0,0,0,0,0
202606,SUDESTE,RJ,330380,PARATY,2704587,HOSPITAL MUNICIPAL HUGO MIRANDA,SECRETARIA MUNICIPAL DE SAUDE DE PARATY,M,5,HOSPITAL GERAL,1244,HOSPITAL_PÚBLICO,RUA SAO PEDRO DE ALCANTARA,01,,PONTAL,23970000,2433716551,paratyfaturamento@gmail.com,69,67,0,0,0,0,0,0,0,0,0,0,0,0
202606,SUDESTE,RJ,330490,SAO GONCALO,2704595,HOSPITAL INFANTIL DARCY SARMANHO VARGAS,SECRETARIA MUNICIPAL DE SAUDE DE SAO GONCALO,M,7,HOSPITAL ESPECIALIZADO,1244,HOSPITAL_PÚBLICO,PRACA ESTEPHANIA DE CARVALHO,26,PARTE 3,ZE GAROTO,24440195,(21)26056531,,43,37,6,0,0,0,6,0,0,0,0,0,0,0
202606,SUDESTE,RJ,330530,SAO SEBASTIAO DO ALTO,2704633,HOSPITAL SAO SEBASTIAO,ASSOCIACAO HOSPITALAR SAO SEBASTIAO DO ALTO,M,5,HOSPITAL GERAL,3999,HOSPITAL_FILANTRÓPICO,RUA MIN FRANCISCO DORNELLES,69,,BAIRRO STA IRENE,28550190,(22)25591313,hssa494@hotmail.com,52,44,0,0,0,0,0,0,0,0,0,0,0,0
202606,SUDESTE,RJ,330630,VOLTA REDONDA,2708078,HOSPITAL DR NELSON DOS SANTOS GONCALVES,SECRETARIA MUNICIPAL DE SAUDE PMVR,M,5,HOSPITAL GERAL,1031,HOSPITAL_PÚBLICO,RUA DEPUTADO GERALDO DI BIASE,S/N,,ATERRADO,27213080,2433399540,,38,38,0,0,0,0,0,0,0,0,0,0,0,0
202606,SUDESTE,RJ,330455,RIO DE JANEIRO,2708353,IFF FIOCRUZ,INST NACIONAL SAUDE MULHER CRIANCA ADOLES FERNANDES FIGUEIRA,M,7,HOSPITAL ESPECIALIZADO,1139,HOSPITAL_PÚBLICO,AV RUI BARBOSA,716,,FLAMENGO,22250020,(21)25541700,direcao@iff.fiocruz.br,141,141,34,34,0,0,6,6,28,28,0,0,0,0
202606,SUDESTE,RJ,330455,RIO DE JANEIRO,2708361,UFRJ INSTITUTO DE NEUROLOGIA DEOLINDO COUTO,UFRJ INSTITUTO DE NEUROLOGIA DEOLINDO COUTO,M,7,HOSPITAL ESPECIALIZADO,1104,HOSPITAL_PÚBLICO,AVENIDA VENCESLAU BRAS,95,,BOTAFOGO,22290140,(21) 3938-0531/0533,direcao@indc.ufrj.br,6,6,0,0,0,0,0,0,0,0,0,0,0,0
202606,SUDESTE,RJ,330350,NOVA IGUACU,2798662,HGNI HOSPITAL GERAL DE NOVA IGUACU,MUNICIPIO DE NOVA IGUACU,M,5,HOSPITAL GERAL,1244,HOSPITAL_PÚBLICO,AVENIDA HENRIQUE DUQUE ESTRADA MEYER,953,NAO HA,POSSE,26030380,2137799900,direcaogeral.hgni@novaiguacu.rj.gov.br,561,529,74,57,44,32,0,0,30,25,0,0,0,0
202606,SUDESTE,RJ,330030,BARRA DO PIRAI,2799308,CRUZ VERMELHA BRASILEIRA RJ BARRA DO PIRAI,CRUZ VERMELHA BRASILEIRA FILIAL DO ESTADO DO RIO DE JANEIRO,M,7,HOSPITAL ESPECIALIZADO,3999,HOSPITAL_FILANTRÓPICO,ANA NERY,120,SALA 802,CENTRO,27123150,2435114300,patricia.jankee@cruzvermelharj.org.br,100,100,0,0,0,0,0,0,0,0,0,0,0,0
202606,SUDESTE,RJ,330455,RIO DE JANEIRO,2812584,HOSPITAL SAO LOURENCO,HOSPITAL SAO LOURENCO EIRELI,M,5,HOSPITAL GERAL,2240,HOSPITAL_PRIVADO,AVENIDA SANTA CRUZ,3805,,BANGU,21810015,33386300,samirafelippe@gmail.com,39,0,0,0,0,0,0,0,0,0,0,0,0,0
202606,SUDESTE,RJ,330190,ITABORAI,2814161,SES RJ HOSPITAL ESTADUAL TAVARES DE MACEDO,SECRETARIA DE ESTADO DE SAUDE DO RIO DE JANEIRO,E,7,HOSPITAL ESPECIALIZADO,1023,HOSPITAL_PÚBLICO,AVENIDA 22 DE MAIO,S/N,KM 34,VENDA DAS PEDRAS,24805900,2136373522,hetm@saude.rj.gov.br,54,54,0,0,0,0,0,0,0,0,0,0,0,0
202606,SUDESTE,RJ,330455,RIO DE JANEIRO,2821737,CTO CLINICA TRAUMATO ORTOPEDICA,CTO CLINICA TRAUMATO ORTOPEDICA LTDA,M,7,HOSPITAL ESPECIALIZADO,2240,HOSPITAL_PRIVADO,RUA AMERICO BRASILIENSE,91,,MADUREIRA,21351060,21 3390-5636,ctofaturamento@utlook.com,12,0,0,0,0,0,0,0,0,0,0,0,0,0
202606,SUDESTE,RJ,330220,ITAPERUNA,2825376,ASSOCIACAO SANTO ANTONIO DOS POBRES DE ITAPERUNA,ASSOCIACAO SANTO ANTONIO DOS POBRES DE ITAPERUNA,M,5,HOSPITAL GERAL,3999,HOSPITAL_FILANTRÓPICO,RUA EXPEDICIONARIO CABO GAMA,494,,CIDADE NOVA,28300000,(22)38243215,financeiro@asapi.com.br,110,88,0,0,0,0,0,0,0,0,0,0,0,0
202606,SUDESTE,RJ,330455,RIO DE JANEIRO,2881683,AMBULATORIO PERINATAL LARANJEIRAS,REDE DOR SAO LUIZ S A,M,7,HOSPITAL ESPECIALIZADO,2046,HOSPITAL_PRIVADO,CARDOSO JUNIOR,5,LOJA A,LARANJEIRAS,22245000,21 22102004,silvana.moura@rededor.com.br,5,0,0,0,0,0,0,0,0,0,0,0,0,0
202606,SUDESTE,RJ,330510,SAO JOAO DE MERITI,2954885,NEO UNIDAS TERAPIA INTENSIVA NEONATAL LTDA,NEO UNIDAS TERAPIA INTENSIVA NEONATAL LTDA,M,7,HOSPITAL ESPECIALIZADO,2240,HOSPITAL_PRIVADO,RUA GESSYR GONCALVES FONTES,153,PARTE,CENTRO,25520570,21 2560-2660,neounidasrj@gmail.com,20,0,0,0,0,0,0,0,0,0,0,0,0,0
202606,SUDESTE,RJ,330045,BELFORD ROXO,2969734,HOSPITAL INFANTIL MILENE ISABELY CHRISTOVAM,MUNICIPIO DE BELFORD ROXO,M,5,HOSPITAL GERAL,1244,HOSPITAL_PÚBLICO,AVENIDA JOAQUIM DA COSTA LIMA,S/N,,PQ FERREIRAS,26116200,,,32,32,0,0,0,0,0,0,0,0,0,0,0,0
202606,SUDESTE,RJ,330455,RIO DE JANEIRO,3001202,POLICLINICA DE BOTAFOGO,POLICLINICA DE BOTAFOGO,M,5,HOSPITAL GERAL,3999,HOSPITAL_FILANTRÓPICO,AVENIDA PASTEUR,72,PREDIO,BOTAFOGO,22290240,22751447,presidencia@policlinicadebotafogo.org,33,0,2,0,2,0,0,0,0,0,0,0,0,0
202606,SUDESTE,RJ,330100,CAMPOS DOS GOYTACAZES,3002187,HOSPITAL GERAL DE GUARUS,FUNDACAO MUNICIPAL DE SAUDE,M,5,HOSPITAL GERAL,1155,HOSPITAL_PÚBLICO,SENADOR JOSE CARLOS PEREIRA PINTO,400,,CALABOUCO,28080420,22 81751621,GABPRES.FMS@GMAIL.COM,171,151,20,0,20,0,0,0,0,0,0,0,0,0
202606,SUDESTE,RJ,330455,RIO DE JANEIRO,3003450,CASA DE SAUDE PINHEIRO MACHADO,CASA DE SAUDE PINHEIRO MACHADO LTDA,M,5,HOSPITAL GERAL,2062,HOSPITAL_PRIVADO,PINHEIRO MACHADO,00155,,BOTAFOGO,22231090,21 21254882,CONTABILIDADE@CSPM.COM.BR,40,0,14,0,14,0,0,0,0,0,0,0,0,0
202606,SUDESTE,RJ,330455,RIO DE JANEIRO,3005984,HOSPITAL ITALIANO,SOCIEDADE ITALIANA DE BENEFICENCIA E MUTUO SOCORRO,M,5,HOSPITAL GERAL,3999,HOSPITAL_FILANTRÓPICO,MARECHAL JOFFRE,30,,GRAJAU,20560185,,,58,0,27,0,27,0,0,0,0,0,0,0,0,0
202606,SUDESTE,RJ,330455,RIO DE JANEIRO,3005992,HOSPITAL COPA DOR,REDE DOR SAO LUIZ S A,M,5,HOSPITAL GERAL,2046,HOSPITAL_PRIVADO,RUA FIGUEREDO DE MAGALHAES,875,PARTE,COPACABANA,22031011,2545-3600,scopador@copador.com.br,246,0,117,0,108,0,9,0,0,0,0,0,0,0
202606,SUDESTE,RJ,330455,RIO DE JANEIRO,3006050,HOSPITAL AMERICAN COR,HOSPITAL AMERICAN COR LTDA,M,5,HOSPITAL GERAL,2062,HOSPITAL_PRIVADO,RUA ADOLFO BERGAMINI,206,,ENGENHO DE DENTRO,20730000,,,48,0,0,0,0,0,0,0,0,0,0,0,0,0
202606,SUDESTE,RJ,330455,RIO DE JANEIRO,3008568,CENTRO PEDIATRICO DA LAGOA,IPANEMA SERVICOS DE ASSISTENCIA MEDICO CIRURGICA INFANTIL,M,7,HOSPITAL ESPECIALIZADO,2062,HOSPITAL_PRIVADO,LINEU DE PAULA MACHADO,64,,LAGOA,22470040,,,31,0,31,0,0,0,31,0,0,0,0,0,0,0
202606,SUDESTE,RJ,330455,RIO DE JANEIRO,3009947,SAO CARLOS SAUDE ONCOLOGICA,CLINICA SAO CARLOS S A,M,7,HOSPITAL ESPECIALIZADO,2054,HOSPITAL_PRIVADO,RUA HUMAITA,296,,BOTAFOGO,22261001,(21)2536-1300,,40,0,0,0,0,0,0,0,0,0,0,0,0,0
202606,SUDESTE,RJ,330330,NITEROI,3012395,CLINICA LUIZ PIRES DE MELLO MATRIZ,CLINICA LUIZ PIRES DE MELLO LTDA,M,7,HOSPITAL ESPECIALIZADO,2062,HOSPITAL_PRIVADO,GONCALVES LEDO,26,,FONSECA,24120160,021 6250293,Phablovalente81@gmail.com,12,0,0,0,0,0,0,0,0,0,0,0,0,0
202606,SUDESTE,RJ,330330,NITEROI,3012476,CASA DE SAUDE NOSSA SENHORA AUXILIADORA S A,CASA DE SAUDE NOSSA SENHORA AUXILIADORA S A,M,5,HOSPITAL GERAL,2054,HOSPITAL_PRIVADO,RUA VEREADOR DUQUE ESTRADA,157,,SANTA ROSA,24240210,2127150404,assistenteadm@csnsa.com.br,42,0,7,0,7,0,0,0,0,0,0,0,0,0
202606,SUDESTE,RJ,330455,RIO DE JANEIRO,3013146,HOSPITAL DI CAMP,HOSPITAL DI CAMP LTDA,M,5,HOSPITAL GERAL,2062,HOSPITAL_PRIVADO,ALBARDAO,630,,CAMPO GRANDE,23070130,2131981757,,94,0,35,0,28,0,0,0,0,0,0,0,7,0
202606,SUDESTE,RJ,330330,NITEROI,3013383,HOSPITAL DE CLINICAS ALAMEDA,CASA DE SAUDE SANTA RITA DE CASSIA LTDA,M,5,HOSPITAL GERAL,2062,HOSPITAL_PRIVADO,SAO BOAVENTURA,321,,FONSECA,24130005,21 35783636,adm@hospitalalameda.com.br,107,0,30,0,20,0,8,0,2,0,0,0,0,0
202606,SUDESTE,RJ,330170,DUQUE DE CAXIAS,3014673,HOSPITAL DANIEL LIPP LTDA,HOSPITAL DANIEL LIPP LTDA,M,5,HOSPITAL GERAL,2062,HOSPITAL_PRIVADO,CONDE DE PORTO ALEGRE,271,285,JARDIM VINTE E CINCO,25070350,21 36728700,hedarei@yahoo.com.br,43,0,15,0,9,0,4,0,2,0,0,0,0,0
202606,SUDESTE,RJ,330170,DUQUE DE CAXIAS,3014681,HOSPITAL MARIO LIONI,AMICO SAUDE LTDA,M,5,HOSPITAL GERAL,2054,HOSPITAL_PRIVADO,RUA ANA NERI,190,,25 DE AGOSTO,25070420,(21) 3805-1000,legalizacaobr@amil.com.br,75,0,18,0,10,0,8,0,0,0,0,0,0,0
202606,SUDESTE,RJ,330330,NITEROI,3016501,CASA DE SAUDE E MATERNIDADE SANTA MARTHA S A,CASA DE SAUDE E MATERNIDADE SANTA MARTHA SA,M,5,HOSPITAL GERAL,2054,HOSPITAL_PRIVADO,DR MARIO VIANA,653,,SANTA ROSA,24241001,,,100,0,26,0,20,0,0,0,6,0,0,0,0,0
202606,SUDESTE,RJ,330350,NOVA IGUACU,3019527,CASA DE SAUDE NOSSA SENHORA DE FATIMA N IGUACU SA,CASA DE SAUDE E MAT NOSSA SENHORA DE FATIMA DE NOVA IGUACU,M,5,HOSPITAL GERAL,2054,HOSPITAL_PRIVADO,R CORONEL BERNARDINO DE MELO,1465,,CENTRO,26255140,(21)2125-3115,csfatima@csfatima.com.br,113,0,50,0,30,0,16,0,4,0,0,0,0,0
202606,SUDESTE,RJ,330455,RIO DE JANEIRO,3020584,DAY CLINIC RIO,DAY CLINIC MADUREIRA LTDA,M,7,HOSPITAL ESPECIALIZADO,2062,HOSPITAL_PRIVADO,R GUARAPARI,41,SL501 A 510 601 602,MADUREIRA,21351120,21 3043-0609,administracao@dcm-rio.com.br,2,0,0,0,0,0,0,0,0,0,0,0,0,0
202606,SUDESTE,RJ,330330,NITEROI,3022080,NEOTIN NEONATAL,NEOTIN NEONATAL TERAPIA INTENSIVA LTDA,M,7,HOSPITAL ESPECIALIZADO,2062,HOSPITAL_PRIVADO,RUA TAPAJOS,325,,SAO FRANCISCO,24360420,21325254040,comercial@hmsaofrancisco.com.br,40,0,40,0,0,0,0,0,40,0,0,0,0,0
202606,SUDESTE,RJ,330320,NILOPOLIS,3024032,PRONIL HOSPITAL DE CLINICAS ANTONIO PAULINO,PRONIL CASA DE SAUDE E PRONTO SOCORRO INFANTIL LTDA,M,5,HOSPITAL GERAL,2062,HOSPITAL_PRIVADO,RUA JOAO PESSOA,1741,,CENTRO,26525015,26919595,RH2@PRONIL.COM.BR,132,0,33,0,33,0,0,0,0,0,0,0,0,0
202606,SUDESTE,RJ,330490,SAO GONCALO,3029131,HOSPITAL DO CORACAO SAMCORDIS,HOSPITAL SAMCORDIS LTDA,M,5,HOSPITAL GERAL,2062,HOSPITAL_PRIVADO,RUA DOUTOR NILO PECANHA,391,,ESTRELA DO NORTE,24435300,(21) 37158008,cpd@samcordis.com.br,81,0,18,0,18,0,0,0,0,0,0,0,0,0
202606,SUDESTE,RJ,330390,PETROPOLIS,3030415,BENEFICENCIA PORTUGUESA DE PETROPOLIS,SMH SOCIEDADE MEDICO HOSPITALAR LTDA,M,5,HOSPITAL GERAL,2062,HOSPITAL_PRIVADO,AVENIDA PORTUGAL,236,,VALPARAISO,25655374,024)2244-4200,smh@hospitalsmh.com.br,80,0,20,0,10,0,0,0,0,0,0,0,10,0
202606,SUDESTE,RJ,330455,RIO DE JANEIRO,3034984,HOSPITAL QUINTA DOR,REDE DOR SAO LUIZ SA,M,5,HOSPITAL GERAL,2046,HOSPITAL_PRIVADO,RUA ALMIRANTE BALTAZAR,383,435 467,SAO CRISTOVAO,20941150,2134613600,diretoriasecretaria@quintador.com.br,403,0,78,0,68,0,10,0,0,0,0,0,0,0
202606,SUDESTE,RJ,330470,SANTO ANTONIO DE PADUA,3040119,HOSPITAL HELIO MONTEZANO DE OLIVEIRA,FUNDACAO JOSE KEZEN,M,5,HOSPITAL GERAL,1155,HOSPITAL_PÚBLICO,AV JOAO JASBICK,520,,AEROPORTO,28470000,2238534089,,102,98,0,0,0,0,0,0,0,0,0,0,0,0
202606,SUDESTE,RJ,330455,RIO DE JANEIRO,3046281,CASA DE SAUDE NOSSA SENHORA DO CARMO,CASA DE SAUDE NOSSA SENHORA DO CARMO LTDA,M,7,HOSPITAL ESPECIALIZADO,2062,HOSPITAL_PRIVADO,RUA JAGUARUNA,105,,CAMPO GRANDE,23080160,,,120,0,75,0,49,0,5,0,10,0,0,0,11,0
202606,SUDESTE,RJ,330455,RIO DE JANEIRO,3046303,HOSPITAL DE CLINICAS DR ALOAN,HOSPITAL DE CLINICAS DR ALOAN LTDA,M,5,HOSPITAL GERAL,2240,HOSPITAL_PRIVADO,CHAVES FARIA,64,96,SAO CRISTOVAO,20910140,21 22332225,,50,0,18,0,18,0,0,0,0,0,0,0,0,0
202606,SUDESTE,RJ,330455,RIO DE JANEIRO,3048721,HOSPITAL DR BADIM,J BADIM S A,M,5,HOSPITAL GERAL,2054,HOSPITAL_PRIVADO,SAO FRANCISCO XAVIER,390,,TIJUCA,20550013,,DIRETORIA@BADIM.COM.BR,158,0,59,0,59,0,0,0,0,0,0,0,0,0
202606,SUDESTE,RJ,330350,NOVA IGUACU,3051692,EMCOR,EMCOR HOSPITAL DO CORACAO E DE CLINICAS DE NOVA IGUACU LTDA,M,7,HOSPITAL ESPECIALIZADO,2062,HOSPITAL_PRIVADO,RUA NELSON RAMOS,733,,CENTRO,26210140,3759-8100,diretoria@hospitalemcor.com.br,36,4,7,2,7,2,0,0,0,0,0,0,0,0
202606,SUDESTE,RJ,330455,RIO DE JANEIRO,3057496,RRM REDE RIO DE MEDICINA,RRM REDE RIO DE MEDICINA LTDA,M,5,HOSPITAL GERAL,2062,HOSPITAL_PRIVADO,DELGADO DE CARVALHO,22,,TIJUCA,20260280,21-38729922,administracao.ht@assimmedical.com.br,54,0,18,0,18,0,0,0,0,0,0,0,0,0
202606,SUDESTE,RJ,330455,RIO DE JANEIRO,3058204,PROCOR PRONTO SOCORRO CLINICO E CARDIOLOGICO,PROCOR PRONTO SOCORRO CLINICO E CARDIOLOGICO LTDA,M,7,HOSPITAL ESPECIALIZADO,2062,HOSPITAL_PRIVADO,CAMBAUBA,280,,ILHA DO GOVERNADOR,21940001,,,73,0,0,0,0,0,0,0,0,0,0,0,0,0
202606,SUDESTE,RJ,330455,RIO DE JANEIRO,3058212,HOSPITAL DE IRAJA,HOSPITAL DE IRAJA QUATRO AMIGOS LTDA,M,5,HOSPITAL GERAL,2062,HOSPITAL_PRIVADO,RUA PEREIRA DE ARAUJO,44,,IRAJA,21235090,35120645,financeiro@hospitaliraja.com.br,47,0,18,0,18,0,0,0,0,0,0,0,0,0
202606,SUDESTE,RJ,330455,RIO DE JANEIRO,3058336,CLINICA CIRURGICA SANTA BARBARA,CLINICA CIRURGICA SANTA BARBARA LTDA,M,5,HOSPITAL GERAL,2062,HOSPITAL_PRIVADO,RUA PAULO BARRETO,41,E 51,BOTAFOGO,22280010,,,53,18,13,0,7,0,0,0,6,0,0,0,0,0
202606,SUDESTE,RJ,330330,NITEROI,3065634,CHN COMPLEXO HOSPITALAR DE NITEROI,IMPAR SERVICOS HOSPITALARES SA,M,5,HOSPITAL GERAL,2054,HOSPITAL_PRIVADO,RUA LA SALLE ENTR SUPL R DR CELESTINO 113 C ENTR,12,R MARQUES DE OLINDA,CENTRO,24020096,21 2729-1000,,210,0,46,0,30,0,6,0,10,0,0,0,0,0
202606,SUDESTE,RJ,330455,RIO DE JANEIRO,3075338,SAINT ROMAN,CASA DE SAUDE SAINT ROMAN LTDA,M,7,HOSPITAL ESPECIALIZADO,2062,HOSPITAL_PRIVADO,RUA ALMIRANTE ALEXANDRINO,1342,1354 E 1368,SANTA TEREZA,20241260,38618100,marcelloratto@saintroman.com.br,100,0,0,0,0,0,0,0,0,0,0,0,0,0
202606,SUDESTE,RJ,330455,RIO DE JANEIRO,3094766,NIG BARRA,CLINICA BARRA DA TIJUCA,M,15,UNIDADE MISTA,2062,HOSPITAL_PRIVADO,RUA EINSTEIN,130,,BARRA DA TIJUCA,22611240,(21)2493-8867,administrativo@plenosaude.com.br,10,0,0,0,0,0,0,0,0,0,0,0,0,0
202606,SUDESTE,RJ,330455,RIO DE JANEIRO,3094987,NIG LEBLON,CASA GERIATRICA LEBLON LTDA,M,7,HOSPITAL ESPECIALIZADO,2062,HOSPITAL_PRIVADO,JUQUIA,18,PREDIO,LEBLON,22441080,2122743146,atendimento@nig-leblon.com.br,32,0,0,0,0,0,0,0,0,0,0,0,0,0
202606,SUDESTE,RJ,330455,RIO DE JANEIRO,3095002,NIG FLAMENGO,CASA GERIATRICA PAISSANDU LTDA,M,7,HOSPITAL ESPECIALIZADO,2062,HOSPITAL_PRIVADO,PAISSANDU,231,,FLAMENGO,22210080,11 95815921,FELIPE.FERRAZ@PREMIERHOSPITAL.COM.BR,50,0,0,0,0,0,0,0,0,0,0,0,0,0
202606,SUDESTE,RJ,330455,RIO DE JANEIRO,3095142,CENTRO REUMATOLOGICO BOTAFOGO,CREB CENTRO DE REUMATOLOGIA E ORTOPEDIA BOTAFOGO LTDA,M,5,HOSPITAL GERAL,2054,HOSPITAL_PRIVADO,RUA VOLUNTARIOS DA PATRIA,408,,BOTAFOGO,22270010,2131828282,CONTATO@CNESRIO.COM.BR,3,0,0,0,0,0,0,0,0,0,0,0,0,0
202606,SUDESTE,RJ,330455,RIO DE JANEIRO,3096513,SOS CORACAO,S O S CORACAO LTDA,M,7,HOSPITAL ESPECIALIZADO,2240,HOSPITAL_PRIVADO,JAGUARUNA,105,PARTE,CAMPO GRANDE,23052090,021 33843543,soscoracao@csnsc.com.br,5,0,0,0,0,0,0,0,0,0,0,0,0,0
202606,SUDESTE,RJ,330350,NOVA IGUACU,3096629,PSIL NOVA IGUACU,CENTRO PEDIATRICO DE NOVA IGUACU LTDA,M,21,PRONTO SOCORRO ESPECIALIZADO,2240,HOSPITAL_PRIVADO,RUA ANTONIO RABELO GUIMARAES,195,,CALIFORNIA,26216140,(21)27679815,grupocpni@gamil.com,4,0,0,0,0,0,0,0,0,0,0,0,0,0
202606,SUDESTE,RJ,330455,RIO DE JANEIRO,3113205,CASA DE PORTUGAL,CASA DE PORTUGAL,M,5,HOSPITAL GERAL,3999,HOSPITAL_FILANTRÓPICO,RUA DO BISPO,72,,RIO COMPRIDO,20261063,3987 7300,assuntos.regulatorios@hospitalcasa.com.br,144,0,68,0,68,0,0,0,0,0,0,0,0,0
202606,SUDESTE,RJ,330330,NITEROI,3127451,CLIPE CLINICA PEDIATRICA LTDA,CLIPE CLINICA PEDIATRICA LTDA,M,7,HOSPITAL ESPECIALIZADO,2062,HOSPITAL_PRIVADO,RUA TIRADENTES,12,E 18,INGA,24210510,21 26222040,,60,0,24,0,0,0,4,0,20,0,0,0,0,0
202606,SUDESTE,RJ,330510,SAO JOAO DE MERITI,3130339,CASA DE SAUDE E MATERNIDADE TEREZINHA DE JESUS LTDA,CASA DE SAUDE E MATERNIDADE TEREZINHA DE JESUS LTDA,M,5,HOSPITAL GERAL,2062,HOSPITAL_PRIVADO,GESSYR GONCALVES FONTES,153,,CENTRO,25520570,,,81,0,30,0,10,0,0,0,20,0,0,0,0,0
202606,SUDESTE,RJ,330100,CAMPOS DOS GOYTACAZES,3132471,HOSPITAL GERAL PRONTO CARDIO,HOSPITAL GERAL PRONTO CARDIO LTDA,M,5,HOSPITAL GERAL,2062,HOSPITAL_PRIVADO,RUA DR LACERDA SOBRINHO,225,,CENTRO,28010076,(22)2737-6060,,38,0,9,0,9,0,0,0,0,0,0,0,0,0
202606,SUDESTE,RJ,330350,NOVA IGUACU,3152626,UPNI,URGENCIA PEDIATRICA DE NOVA IGUACU LTDA,M,7,HOSPITAL ESPECIALIZADO,2062,HOSPITAL_PRIVADO,RUA BERNARDINO DE MELO,1465,,CENTRO,26250060,(21)26673724,,37,0,28,0,0,0,16,0,12,0,0,0,0,0
202606,SUDESTE,RJ,330455,RIO DE JANEIRO,3187837,HOSPITAL PRO CARDIACO,ESHO EMPRESA DE SERVICOS HOSPITALARES SA,M,5,HOSPITAL GERAL,2054,HOSPITAL_PRIVADO,RUA DONA MARIANA,217,219 223,BOTAFOGO,22280020,21 2528-1442,SIMONE.BAPTISTA@AMERICASMED.COM.BR,105,0,36,0,36,0,0,0,0,0,0,0,0,0
202606,SUDESTE,RJ,330452,RIO DAS OSTRAS,3193993,HOSPITAL GRAND MATER,HOSPITAL GRAND MATER LTDA,M,5,HOSPITAL GERAL,2062,HOSPITAL_PRIVADO,RUA RIO DE JANEIRO,192,QD16 LT11 12 22 23,EXTENSAO DO BOSQUE,28893334,22 27646406,financeiro@clinicamaterdei.com.br,10,0,0,0,0,0,0,0,0,0,0,0,0,0
202606,SUDESTE,RJ,330610,VALENCA,3211649,HOSPITAL DE CLINICAS MARQUES DE VALENCA,UNIMED MARQUES DE VALENCA COOPERATIVA TRABALHO MEDICO LTDA,M,5,HOSPITAL GERAL,2143,HOSPITAL_PRIVADO,AVENIDA DO CONTORNO,800,,JARDIM VALENCA,27603370,(24) 2453-9700,hcmv@mvalenca.unimed.com.br,20,0,0,0,0,0,0,0,0,0,0,0,0,0
202606,SUDESTE,RJ,330455,RIO DE JANEIRO,3248720,ORTHOS CLINICA,ORTHOS CLINICA DO APARELHO LOCOMOTOR LTDA,M,7,HOSPITAL ESPECIALIZADO,2240,HOSPITAL_PRIVADO,LEOPOLDINA REGO,774,ANEXO 778,PENHA,21021522,21 25642648,,2,0,0,0,0,0,0,0,0,0,0,0,0,0
202606,SUDESTE,RJ,330330,NITEROI,3296806,HOSPITAL SAO LUCAS,HOSPITAL SAO LUCAS DE NITEROI ASSIM MEDICAL LTDA,M,5,HOSPITAL GERAL,2062,HOSPITAL_PRIVADO,RUA DR MARCH,207,,BARRETO,24110650,21 27202090,administracao.hsl@assimmedical.com.br,52,0,0,0,0,0,0,0,0,0,0,0,0,0
202606,SUDESTE,RJ,330100,CAMPOS DOS GOYTACAZES,3315916,CLINICA CIRURGICA E MATERNIDADE LILIA NEVES,CLINICA CIRURGICA E MATERNIDADE LILIA NEVES LTDA,M,5,HOSPITAL GERAL,2062,HOSPITAL_PRIVADO,RUA CONSELHEIRO OTAVIANO,129,,CENTRO,28010140,(22)27333455,,40,0,2,0,0,0,0,0,2,0,0,0,0,0
202606,SUDESTE,RJ,330100,CAMPOS DOS GOYTACAZES,3315924,UTI NEONATAL NICOLA ALBANO,CEPLIN INSTITUTO DE NEONATOLOGIA E PEDIATRIA LTDA,M,7,HOSPITAL ESPECIALIZADO,2062,HOSPITAL_PRIVADO,RUA CONSELHEIRO OTAVIANO,129,,CENTRO,28010140,22 27333755,neoadm@utinicolaalbano.com.br,59,0,58,0,0,0,10,0,48,0,0,0,0,0
202606,SUDESTE,RJ,330455,RIO DE JANEIRO,3333868,HOSPITAL RIOMAR,HOSPITAL DE CLINICAS RIOMAR BARRA LTDA,M,5,HOSPITAL GERAL,2062,HOSPITAL_PRIVADO,AVENIDA CANDIDO PORTINARI,555,,BARRA DA TIJUCA,22793312,,legalizacao.obras@rededor.com.br,84,0,25,0,15,0,0,0,0,0,0,0,10,0
202606,SUDESTE,RJ,330455,RIO DE JANEIRO,3357783,CLINICA ENIO SERRA,CLINICA ENIO SERRA LTDA,M,5,HOSPITAL GERAL,2062,HOSPITAL_PRIVADO,SOARES CABRAL,36,,LARANJEIRAS,22240070,21 21256912,PEFCONTABIL@BOL.COM.BR,45,0,17,0,17,0,0,0,0,0,0,0,0,0
202606,SUDESTE,RJ,330240,MACAE,3410374,UTI NEONATAL NICOLA ALBANO,UTI NEONATAL NICOLA ALBANO LTDA,M,7,HOSPITAL ESPECIALIZADO,2062,HOSPITAL_PRIVADO,RUA MARECHAL DEODORO,565,,CENTRO,27910310,(22)27626436,neoadm@utinicolaalbano.com.br,22,0,21,0,0,0,0,0,21,0,0,0,0,0
202606,SUDESTE,RJ,330330,NITEROI,3450678,CLINICA PATER SAUDE MENTAL ALDEIA,CLINICA PATER LTDA,M,7,HOSPITAL ESPECIALIZADO,2062,HOSPITAL_PRIVADO,CAETANO MONTEIRO,1800,,BADU,24320570,21 27194465,CONCEICAOLEGALIZACAO@GMAIL.COM,70,0,0,0,0,0,0,0,0,0,0,0,0,0
202606,SUDESTE,RJ,330210,ITAOCARA,3470350,HOSPITAL MUNICIPAL DE ITAOCARA,MUNICIPIO DE ITAOCARA,M,5,HOSPITAL GERAL,1244,HOSPITAL_PÚBLICO,PRACA TOLEDO PIZZA,151,,CENTRO,28570000,(22)38612250,hospital_hmi@hotmaill.com,44,44,0,0,0,0,0,0,0,0,0,0,0,0
202606,SUDESTE,RJ,330455,RIO DE JANEIRO,3521133,HOSPITAL CEMERU,AMESC ASSOCIACAO MEDICA ESPIRITA CRISTA,M,5,HOSPITAL GERAL,3999,HOSPITAL_FILANTRÓPICO,RUA FELIPE CARDOSO,1025,,SANTA CRUZ,23510000,(21)33354040,JURIDICO@CEMERU.COM,115,0,38,0,19,0,9,0,10,0,0,0,0,0
202606,SUDESTE,RJ,330455,RIO DE JANEIRO,3521168,HOSPITAL ILHACOR,CASA DE SAUDE SAO BENTO LTDA,M,5,HOSPITAL GERAL,2062,HOSPITAL_PRIVADO,RUA MANUEL BONFIM,76,,ZUMBI,21930200,,,32,0,0,0,0,0,0,0,0,0,0,0,0,0
202606,SUDESTE,RJ,330455,RIO DE JANEIRO,3531228,SEMIU SERVICOS DE ESP MED E INT DE URGENCIA,SEMIU SERVICOS DE ESPECIALIDADES MEDICAS AMBULATORIAIS E CON,M,5,HOSPITAL GERAL,2062,HOSPITAL_PRIVADO,AV VICENTE DE CARVALHO,1159,,VILA DA PENHA,21210623,21 33915457,gestao@semiu.com.br,175,0,37,0,22,0,0,0,0,0,0,0,15,0
202606,SUDESTE,RJ,330455,RIO DE JANEIRO,3541207,CALREN HOSPITAL DO CALCULO RENAL,CALREN HOSPITAL DE URGENCIAS UROLOGICAS LTDA,M,7,HOSPITAL ESPECIALIZADO,2240,HOSPITAL_PRIVADO,RUA GENERAL ORLANDO GAISEL,100,XXXX,RECREIO DOS BANDEIRA,22790280,(21) 2430-2500,calrenhospital@yahoo.com.br,10,0,1,0,1,0,0,0,0,0,0,0,0,0
202606,SUDESTE,RJ,330455,RIO DE JANEIRO,3543579,HOSPITAL QUALI IPANEMA,INSTITUTO CIRURGICO GABRIEL DE LUCENA LTDA,M,5,HOSPITAL GERAL,2062,HOSPITAL_PRIVADO,BARAO DA TORRE,145,151 E 151 A,IPANEMA,22411001,,,17,0,4,0,4,0,0,0,0,0,0,0,0,0
202606,SUDESTE,RJ,330250,MAGE,3556441,CEMEP,CEMEP CENTRO MEDICO DE PIABETA LTDA,M,7,HOSPITAL ESPECIALIZADO,2062,HOSPITAL_PRIVADO,RUA CARAMURU,108,,PIABETA INHOMIRIM,25931806,(21)27391639,cemepcentromedico@yahoo.com.br,4,0,0,0,0,0,0,0,0,0,0,0,0,0
202606,SUDESTE,RJ,330590,TRAJANO DE MORAES,3584968,HOSPITAL MUNICIPAL FRANCISCO LIMONGI,MUNICIPIO DE TRAJANO DE MORAES,M,5,HOSPITAL GERAL,1244,HOSPITAL_PÚBLICO,RUA NEY FORTUNA,30,ATRAS DO CAMPO,CENTRO,28750000,(22)25641102,hflimongi@hotmail.com,41,41,0,0,0,0,0,0,0,0,0,0,0,0
202606,SUDESTE,RJ,330330,NITEROI,3587053,CENTRO ORTOPEDICO,CENTRO ORTOPEDICO SAO LUCAS LTDA,M,5,HOSPITAL GERAL,2062,HOSPITAL_PRIVADO,GAL PEREIRA DA SILVA,278,,ICARAI,24220031,21 27193535,,53,0,14,0,14,0,0,0,0,0,0,0,0,0
202606,SUDESTE,RJ,330330,NITEROI,3594432,HOSPITAL NITEROI DOR,HOSPITAL FLUMINENSE S A,D,5,HOSPITAL GERAL,2054,HOSPITAL_PRIVADO,SETE DE SETEMBRO,301,ENTR SUPL RUA MARI,SANTA ROSA,24230251,21 26079150,legalizacao.obras@rededor.com.br,158,0,91,0,85,0,6,0,0,0,0,0,0,0
202606,SUDESTE,RJ,330455,RIO DE JANEIRO,3603539,HOSPITAL ISRAELITA ALBERT SABIN,ASSOCIACAO BENEFICENTE ISRAELITA DO RIO DE JANEIRO,M,5,HOSPITAL GERAL,3999,HOSPITAL_FILANTRÓPICO,PROFESSOR GABIZO,319,,MARACANA,20271065,21 21768800,ALFREDO.PAULO@BADIM.COM.BR,56,0,10,0,10,0,0,0,0,0,0,0,0,0
202606,SUDESTE,RJ,330520,SAO PEDRO DA ALDEIA,3621316,HOSPITAL PEDIATRICO LAGOS,HOSPITAL PEDIATRICO LAGOS,M,7,HOSPITAL ESPECIALIZADO,2062,HOSPITAL_PRIVADO,RUA TEIXEIRA BRANDAO,19,,ESTACAO,28941186,(22) 3199 1356,contato@hplagos.med.br,43,0,33,0,0,0,13,0,20,0,0,0,0,0
202606,SUDESTE,RJ,330455,RIO DE JANEIRO,3784630,HOSPITAL DO MEIER,RRM REDE RIO DE MEDICINA LTDA,M,5,HOSPITAL GERAL,2062,HOSPITAL_PRIVADO,TENENTE COSTA,160,,MEIER,20775080,21 32798500,administracao.hm@assimmedical.com.br,32,0,0,0,0,0,0,0,0,0,0,0,0,0
202606,SUDESTE,RJ,330190,ITABORAI,3784916,SES RJ HOSP EST PREF JOAO BATISTA CAFFARO,SECRETARIA DE ESTADO DE SAUDE SES,E,5,HOSPITAL GERAL,1023,HOSPITAL_PÚBLICO,OSORIO COSTA,S/N,NAO HA,CENTRO,24800001,21 26359395,mbiasi@ideas.med.br,128,85,50,7,50,7,0,0,0,0,0,0,0,0
202606,SUDESTE,RJ,330455,RIO DE JANEIRO,3947262,HOSPITAL CASA SANTA CRUZ HOSPITAL GERAL ADMINISTRACAO E GE,HOSPITAL CASA SANTA CRUZ HOSPITAL GERAL ADMINISTRACAO E GE,M,5,HOSPITAL GERAL,2062,HOSPITAL_PRIVADO,RUA NESTOR,00131,,SANTA CRUZ,23515680,,assuntos.regulatorios@hospitalcasa.com.br,84,0,30,0,20,0,10,0,0,0,0,0,0,0
202606,SUDESTE,RJ,330390,PETROPOLIS,3972976,HOSPITAL UNIMED,UNIMED PETROPOLIS COOPERATIVA DE TRABALHO MEDICO,M,5,HOSPITAL GERAL,2143,HOSPITAL_PRIVADO,RUA DO EXPEDICIONARIO,144,,BINGEN,25660290,2291-9840,diretoriahu@unimedpetropolis.com.br,64,0,4,0,0,0,0,0,4,0,0,0,0,0
202606,SUDESTE,RJ,330020,ARARUAMA,3988732,HCLAGOS,HOSPITAL DAS CLINICAS DA REGIAO DOS LAGOS S A,M,5,HOSPITAL GERAL,2054,HOSPITAL_PRIVADO,AV NILO PECANHA,835,EDIFICIO,CENTRO,28979285,2226656040,hclagos@yahoo.com.br,25,0,7,0,7,0,0,0,0,0,0,0,0,0
202606,SUDESTE,RJ,330455,RIO DE JANEIRO,4002806,CLINIPAM,CLINIPAM CLINICA PARANAENSE DE ASSISTENCIA MEDICA LTDA,M,7,HOSPITAL ESPECIALIZADO,2062,HOSPITAL_PRIVADO,ESTRAD DOS TRES RIOS,610,,FREGUESIA,22745005,21 21040705,IVANA.PORTO@HAPVIDA.COM.BR,13,0,0,0,0,0,0,0,0,0,0,0,0,0
202606,SUDESTE,RJ,330455,RIO DE JANEIRO,4012666,CLINIPAM CLINICA PARANAENS DE ASSISTENCIA MEDICA,CLINIPAM CLINICA PARANAENS DE ASSISTENCIA MEDICA LTDA,M,7,HOSPITAL ESPECIALIZADO,2062,HOSPITAL_PRIVADO,ESTRADA DOSTRES RIOS,542,,FREGUESIA,22745005,2121040705,IVANA.PORTO@HAPVIDA.COM.BR,31,0,10,0,0,0,0,0,10,0,0,0,0,0
202606,SUDESTE,RJ,330420,RESENDE,4042859,UTI INFANTIL DO MEDIO PARAIBA,UTI INFANTIL DO MEDIO PARAIBA LTDA,M,7,HOSPITAL ESPECIALIZADO,2062,HOSPITAL_PRIVADO,RUA ELZA DA SILVA DUARTE,71,PISO TERREO,CAMPO DO MANEJO,27520005,(24) 3028-0144,rh@utisupere.com.br,10,0,9,0,0,0,5,0,4,0,0,0,0,0
202606,SUDESTE,RJ,330455,RIO DE JANEIRO,4068432,PLACI BARRA,HOSPITAL PLACI BARRA LTDA,M,5,HOSPITAL GERAL,2062,HOSPITAL_PRIVADO,AVENIDA LUIS CARLOS PRESTES,180,,BARRA DA TIJUCA,22775055,,t.nogueira@placi.com.br,34,0,0,0,0,0,0,0,0,0,0,0,0,0
202606,SUDESTE,RJ,330550,SAQUAREMA,4089189,HOSPITAL MUNICIPAL NOSSA SENHORA DE NAZARETH,MUNICIPIO DE SAQUAREMA,M,5,HOSPITAL GERAL,1244,HOSPITAL_PÚBLICO,FABIO LUCIO DOS SANTOS,158,BARREIRA,VERDE VALE,28994434,22 26514821,SAUDE@SAQUAREMA.RJ.GOV.BR,87,87,20,20,10,10,10,10,0,0,0,0,0,0
202606,SUDESTE,RJ,330040,BARRA MANSA,4090101,SEST SERVICO SOCIAL DO TRANSPORTE,SEST SERVICO SOCIAL DO TRANSPORTE,M,15,UNIDADE MISTA,3077,HOSPITAL_FILANTRÓPICO,JOAO BRABO,05,,BARBARA,27330600,61 33157000,CNPJ@SESTSENAT.ORG.BR,4,0,0,0,0,0,0,0,0,0,0,0,0,0
202606,SUDESTE,RJ,330040,BARRA MANSA,4104269,PLAZA MEDICAL SERVICOS ESPECIALIZADOS EM SAUDE,PLAZA MEDICAL SERVICOS ESPECIALIZADOS EM SAUDE LTDA,M,7,HOSPITAL ESPECIALIZADO,2062,HOSPITAL_PRIVADO,TENENTE JOSE EDUARDO,200,,ANO BOM,27323240,24 33420298,G2CCONTABILIDADE@UOL.COM.BR,10,0,10,0,0,0,0,0,10,0,0,0,0,0
202606,SUDESTE,RJ,330280,MENDES,4123069,SAO MARCELINO CHAMPAGNAT,MUNICIPIO DE MENDES,M,5,HOSPITAL GERAL,1244,HOSPITAL_PÚBLICO,RJ127 KM30,S/N,,GONZALES,26700000,,,61,61,0,0,0,0,0,0,0,0,0,0,0,0
202606,SUDESTE,RJ,330455,RIO DE JANEIRO,4171330,HOSPITAL CASA MENSSANA,HOSPITAL CASA MENSSANA HOSPITAL GERAL ADM E GESTAO HOSP,M,7,HOSPITAL ESPECIALIZADO,2062,HOSPITAL_PRIVADO,RUA MARECHAL JOFRE,30,,GRAJAU,20560185,,,46,0,0,0,0,0,0,0,0,0,0,0,0,0
202606,SUDESTE,RJ,330455,RIO DE JANEIRO,4172140,ORPEXPLOIT BRASIL RESIDENCIAIS E CLINICAS PARA IDOSOS,ORPEXPLOIT BRASIL RESIDENCIAIS E CLINICAS,M,7,HOSPITAL ESPECIALIZADO,2062,HOSPITAL_PRIVADO,PAULO DE FRONTIN,756,,RIO COMPRIDO,20261243,,legalizacao@bslsaude.com.br,60,0,0,0,0,0,0,0,0,0,0,0,0,0
202606,SUDESTE,RJ,330100,CAMPOS DOS GOYTACAZES,4174941,HOSPITAL NURSING CARE,HOSPITAL NURSING CARE LTDA,M,5,HOSPITAL GERAL,2062,HOSPITAL_PRIVADO,AVENIDA DR ARTHUR BERNARDES,1583,1599,FLAMBOYANT II,28015325,22 27242982,ATENDIMENTO@HOSPITALNURSINGCARE.COM.BR,50,0,0,0,0,0,0,0,0,0,0,0,0,0
202606,SUDESTE,RJ,330455,RIO DE JANEIRO,4176030,HOSPITAL DE CLINICAS RIO MAR BARRA HIG,HOSPITAL INTEGRADOS DA GAVEA S A,M,5,HOSPITAL GERAL,2054,HOSPITAL_PRIVADO,AVENIDA CANDIDO PORTINARI,555,,BARRA DA TIJUCA,22793312,,legalizacao.obras@rededor.com.br,84,0,25,0,15,0,0,0,0,0,0,0,10,0
202606,SUDESTE,RJ,330455,RIO DE JANEIRO,4228391,MATERNIDADE PERINATAL BARRA,REDE DOR SAO LUIZ S A,M,7,HOSPITAL ESPECIALIZADO,2046,HOSPITAL_PRIVADO,AVENIDA EMBAIXADOR ABELARDO BUENO,201,LOT 02 PAL 46985,BARRA DA TIJUCA,22775040,2137222000,silvana.moura@rededor.com.br,161,8,81,0,17,0,12,0,52,0,0,0,0,0
202606,SUDESTE,RJ,330240,MACAE,4249216,NOVO HOSPITAL DA UNIMED,UNIMED DE MACAE COOPERATIVA DE ASSISTENCIA A SAUDE,M,5,HOSPITAL GERAL,2143,HOSPITAL_PRIVADO,ESTRADA HEROINA LIMA VIEIRA AZEVEDO,73,,GLORIA,27933030,(22) 2105-8008,diretoriahospital@costadosol.unimed.com.br,153,0,57,0,37,0,10,0,10,0,0,0,0,0
202606,SUDESTE,RJ,330580,TERESOPOLIS,4278399,NEONATAL TERESOPOLIS,REDE DOR SAO LUIZ S A,M,7,HOSPITAL ESPECIALIZADO,2046,HOSPITAL_PRIVADO,DELFIM MOREIRA,2149,3 ANDAR PARTE,VALE DO PARAISO,25976016,21 80537012,marcus.costaf@rededor.com.br,12,0,0,0,0,0,0,0,0,0,0,0,0,0
202606,SUDESTE,RJ,330095,COMENDADOR LEVY GASPARIAN,4296702,CLINICA MEDICA TRIUNFO,CLINICA MEDICATRIUNFO LTDA,M,7,HOSPITAL ESPECIALIZADO,2062,HOSPITAL_PRIVADO,EST UNIAO INDUSTRIA,S/N,KM 142,ZONA RURAL,25875000,(32) 3224-3374,MODERNOSCONTABILIDADE@HOTMAIL.COM,50,0,0,0,0,0,0,0,0,0,0,0,0,0
202606,SUDESTE,RJ,330455,RIO DE JANEIRO,4316908,CENTRO PEDIATRICO DE SAUDE INTEGRADA,CENTRO PEDIATRICO DE SAUDE INTEGRADA LTDA,M,7,HOSPITAL ESPECIALIZADO,2062,HOSPITAL_PRIVADO,AV LINEU DE PAULA MACHADO,64,,LAGOA,22470040,,analistadp@prontobaby.com.br,16,0,0,0,0,0,0,0,0,0,0,0,0,0
202606,SUDESTE,RJ,330455,RIO DE JANEIRO,4549082,LARANJEIRAS PLASTIC DAY,LARANJEIRAS HOSPITAL E CLINICA CIRURGICA LTDA,M,5,HOSPITAL GERAL,2062,HOSPITAL_PRIVADO,SOARES CABRAL,00038,,LARANJEIRAS,22240070,21 41059920,CAAFF.ASSESSORIA.RJ@GMAIL.COM,5,0,0,0,0,0,0,0,0,0,0,0,0,0
202606,SUDESTE,RJ,330455,RIO DE JANEIRO,4575474,SMS MATERNIDADE DA ROCINHA AP 21,SMS RIO MATERNIDADE DA ROCINHA AP 21,M,7,HOSPITAL ESPECIALIZADO,1031,HOSPITAL_PÚBLICO,AV NIEMEYER,776,,SAO CONRADO,22450221,,,9,9,0,0,0,0,0,0,0,0,0,0,0,0
202606,SUDESTE,RJ,330340,NOVA FRIBURGO,4613988,SES RJ HOSPITAL ESTADUAL ONCOLOGICO DE NOVA FRIBURGO,SECRETARIA DE ESTADO DE SAUDE SES,E,7,HOSPITAL ESPECIALIZADO,1023,HOSPITAL_PÚBLICO,AVENIDA HAMBURGO,2379,,PONTE DA SAUDADE,28615230,,,49,40,9,0,9,0,0,0,0,0,0,0,0,0
202606,SUDESTE,RJ,330630,VOLTA REDONDA,4643488,PLAZA MEDICAL SERVICOS ESPECIALIZADOS EM SAUDE LTDA,PLAZA MEDICAL SERVICOS ESPECIALIZADOS EM SAUDE LTDA,M,7,HOSPITAL ESPECIALIZADO,2062,HOSPITAL_PRIVADO,NOSSA SENHORA DAS GRACAS,235,PARTE,SAO GERALDO,27253610,24 33420298,G2CCONTABILIDADE@UOL.COM.BR,11,1,10,0,0,0,0,0,10,0,0,0,0,0
202606,SUDESTE,RJ,330455,RIO DE JANEIRO,4734785,IPANEMA SERV DE ASSIST MED CIR IN,IPANEMA SERV DE ASSIST MED CIR INF LTDA,M,7,HOSPITAL ESPECIALIZADO,2062,HOSPITAL_PRIVADO,AV EPITACIO PESSOA,5030,,LAGOA,22471006,,analistadp@prontobaby.com.br,1,0,0,0,0,0,0,0,0,0,0,0,0,0
202606,SUDESTE,RJ,330490,SAO GONCALO,4766679,VISATTO SERVICOS MEDICOS OFTALMOLOGICOS LTDA,VISATTO SERVICOS MEDICOS OFTALMOLOGICOS LTDA,M,7,HOSPITAL ESPECIALIZADO,2062,HOSPITAL_PRIVADO,DR NILO PECANHA,56,SALAS 04 05 06 07,CENTRO,24445360,(22) 98824-3382,VISATTOFINANCEIRO@GMAIL.COM,1,1,0,0,0,0,0,0,0,0,0,0,0,0
202606,SUDESTE,RJ,330170,DUQUE DE CAXIAS,4832256,HOSPITAL MUNICIPAL DO CORACAO SAO JOSE,SECRETARIA MUNICIPAL DE SAUDE DE DUQUE DE CAXIAS,M,7,HOSPITAL ESPECIALIZADO,1031,HOSPITAL_PÚBLICO,RUA NOBRE DE LACERDA,111,,VILA FLAVIA,25010260,,,48,18,30,0,30,0,0,0,0,0,0,0,0,0
202606,SUDESTE,RJ,330100,CAMPOS DOS GOYTACAZES,4888030,HOSPITAL DE OLHOS DE CAMPOS,HOSPITAL DE OLHOS DE CAMPOS LTDA,M,7,HOSPITAL ESPECIALIZADO,2062,HOSPITAL_PRIVADO,28 DE MARCO,545,,PARQUE SANTO AMARO,28020740,22 21312647,CONTATO@ESCRIMAR.COM.BR,1,0,0,0,0,0,0,0,0,0,0,0,0,0
202606,SUDESTE,RJ,330240,MACAE,4906349,HOSPITAL MACAE,PACIFICO OPERACOES HOSPITALARES S A,M,5,HOSPITAL GERAL,2054,HOSPITAL_PRIVADO,AVENIDA ALUIZIO DA SILVA GOMES,787,,GLORIA,27930560,(22) 2763-4000,legalizacao.obras@rededor.com.br,98,0,35,0,25,0,0,0,10,0,0,0,0,0
202606,SUDESTE,RJ,330455,RIO DE JANEIRO,4922816,REVIT HOSPITAIS,REVIT HOSPITAIS LTDA,M,5,HOSPITAL GERAL,2062,HOSPITAL_PRIVADO,R JARDIM BOTANICO,660,,JARDIM BOTANICO,22461002,(21) 2508-1637,FINANCEIRO@ELDRY.COM.BR,40,0,0,0,0,0,0,0,0,0,0,0,0,0
202606,SUDESTE,RJ,330490,SAO GONCALO,4930371,HOSPITAL SAO LUCAS DE NITEROI ASSIM MEDICAL,HOSPITAL SAO LUCAS DE NITEROI ASSIM MEDICAL LTDA,M,5,HOSPITAL GERAL,2062,HOSPITAL_PRIVADO,R CORONEL SERRADO,688,,ZE GAROTO,24440001,(21) 2102-9782,,20,0,0,0,0,0,0,0,0,0,0,0,0,0
202606,SUDESTE,RJ,330455,RIO DE JANEIRO,4935306,HOSPITAL BARRA DOR II,HOSPITAL ESPERANCA SA,M,5,HOSPITAL GERAL,2054,HOSPITAL_PRIVADO,AVENIDA NELSON MUFARREJ,255,,BARRA DA TIJUCA,22775050,(21)24303600,marcus.costaf@rededor.com.br,203,0,56,0,36,0,0,0,0,0,0,0,20,0
202606,SUDESTE,RJ,330455,RIO DE JANEIRO,5034302,TIJUTRAUMA 613,CENTRO ORTOPEDICO TRAUMATOLOGICO TIJUCA LTDA,M,7,HOSPITAL ESPECIALIZADO,2062,HOSPITAL_PRIVADO,ANTONIO BASILIO,613,,TIJUCA,20511190,,,62,0,0,0,0,0,0,0,0,0,0,0,0,0
202606,SUDESTE,RJ,330420,RESENDE,5042062,NEOVIDA RESENDE,CENTRO DE TERAPIA INTENSIVA NEOVIDA RESENDE LTDA,M,7,HOSPITAL ESPECIALIZADO,2062,HOSPITAL_PRIVADO,RUA CADETE EDSON,38,1 ANDAR,MONTESE,27541060,(24) 3355-8114/8390,neovidaresende@gmail.com,17,0,15,0,0,0,5,0,10,0,0,0,0,0
202606,SUDESTE,RJ,330330,NITEROI,5042488,MATERNIDADE MUNICIPAL DRA ALZIRA REIS VIEIRA FERREIRA,FUNDACAO MUNICIPAL DE SAUDE DE NITEROI,M,7,HOSPITAL ESPECIALIZADO,1155,HOSPITAL_PÚBLICO,RUA CARLOS ERMELINDO MARINS,S/N,,JURUJUBA,24370195,2136110107,admmarvf2@gmail.com,32,32,0,0,0,0,0,0,0,0,0,0,0,0
202606,SUDESTE,RJ,330280,MENDES,5057531,HOSPITAL MUNICIPAL SANTA MARIA,MUNICIPIO DE MENDES,M,5,HOSPITAL GERAL,1244,HOSPITAL_PÚBLICO,RUA CAPITAO MEXIAS,112,,CENTRO,26700000,24-3199-0181,,22,21,0,0,0,0,0,0,0,0,0,0,0,0
202606,SUDESTE,RJ,330320,NILOPOLIS,5073898,DOMINGOS LOURENCO HOSPITAL E MATERNIDADE,CLINICA MATERNO INFANTIL DOMINGOS LOURENCO LTDA,M,7,HOSPITAL ESPECIALIZADO,2240,HOSPITAL_PRIVADO,RUA ALFREDO GONCALVES FILGUEIRAS,230,,CENTRO,26525060,21 32369300,assdir@domingoslourenco.com.br,61,0,31,0,1,0,0,0,30,0,0,0,0,0
202606,SUDESTE,RJ,330460,SANTA MARIA MADALENA,5095824,HOSPITAL BASILEU ESTRELA,MUNICIPIO DE SANTA MARIA MADALENA,M,5,HOSPITAL GERAL,1244,HOSPITAL_PÚBLICO,RUA BARAO DE MACABU,17,,CENTRO,28770000,2225611768,,23,23,0,0,0,0,0,0,0,0,0,0,0,0
202606,SUDESTE,RJ,330100,CAMPOS DOS GOYTACAZES,5108969,HOSPITAL UNIMED,UNIMED CAMPOS COOPERATIVA TRABALHO MEDICO,M,5,HOSPITAL GERAL,2143,HOSPITAL_PRIVADO,RUA VISCONDE DE ITABORAI,347,,PQ ROSARIO,28027142,22 21010650,,125,0,29,0,19,0,4,0,6,0,0,0,0,0
202606,SUDESTE,RJ,330455,RIO DE JANEIRO,5158044,HOSPITAL NAVAL MARCILIO DIAS,COMANDO DA MARINHA,M,5,HOSPITAL GERAL,1015,HOSPITAL_PÚBLICO,CESAR ZAMA,185,,LINS DE VASCONCELOS,20725090,,,535,0,41,0,15,0,6,0,10,0,0,0,10,0
202606,SUDESTE,RJ,330455,RIO DE JANEIRO,5160308,PRONTOBABY HOSPITAL DA CRIANCA,PRONTOBABY HOSPITAL DA CRIANCA LTDA,M,7,HOSPITAL ESPECIALIZADO,2062,HOSPITAL_PRIVADO,RUA ADOLFO MOTA 81,81,,TIJUCA,20540100,,,130,0,41,0,0,0,41,0,0,0,0,0,0,0
202606,SUDESTE,RJ,330455,RIO DE JANEIRO,5188326,LLAK MEDICINA NEONATAL LTDA MATRIZ,LLAK MEDICINA NEONATAL LTDA,M,7,HOSPITAL ESPECIALIZADO,2062,HOSPITAL_PRIVADO,RUA SILVA CARDOSO,711,3 ANDAR,BANGU,21810031,2124132003,ursula@neonatal.com.br,2,0,1,0,0,0,0,0,1,0,0,0,0,0
202606,SUDESTE,RJ,330350,NOVA IGUACU,5237424,HOSPITAL CATARINA,HOSPITAL CLINICO CIRURGICO CATARINA LTDA,M,5,HOSPITAL GERAL,2062,HOSPITAL_PRIVADO,AVENIDA ABILIO AUGUSTO TAVORA 2451,2451,LOTE 10,DA LUZ,26260045,(21) 97148-8942,CONTATO@HOSPITALCATARINA.COM.BR,5,0,0,0,0,0,0,0,0,0,0,0,0,0
202606,SUDESTE,RJ,330330,NITEROI,5264359,GERIATRIC S,RICARDO RODRIG E MARENIZIA B S RODRIG CONSULTORIOS LTDA,M,15,UNIDADE MISTA,2054,HOSPITAL_PRIVADO,ALMIRANTE ARY PARREIRAS,712,,VITAL BRASIL,24230322,21 93160792,,10,0,0,0,0,0,0,0,0,0,0,0,0,0
202606,SUDESTE,RJ,330411,PORTO REAL,5307864,HOSPITAL GERAL MUNICIPAL SAO FRANCISCO DE ASSIS,MUNICIPIO DE PORTO REAL,M,5,HOSPITAL GERAL,1244,HOSPITAL_PÚBLICO,AVENIDA RENATO MONTEIRO,1235,,CENTRO,27570000,2433534201,controleavaliacaopr@gmail.com,64,60,10,6,10,6,0,0,0,0,0,0,0,0
202606,SUDESTE,RJ,330455,RIO DE JANEIRO,5328942,CLINICA PEDIATRICA DA BARRA,CLINICA PEDIATRICA DA BARRA LTDA,M,21,PRONTO SOCORRO ESPECIALIZADO,2062,HOSPITAL_PRIVADO,AV DAS AMERICAS,4666,328 329,BARRA DA TIJUCA,22631004,21 34311000,pediatria@cmb.com.br,14,0,0,0,0,0,0,0,0,0,0,0,0,0
202606,SUDESTE,RJ,330555,SEROPEDICA,5349893,HOSPITAL MATERNIDADE MUNICIPAL DE SEROPEDICA,MUNICIPIO DE SEROPEDICA,M,7,HOSPITAL ESPECIALIZADO,1244,HOSPITAL_PÚBLICO,AV HALBERT ALVES DOS SANTOS,S/N,,INCRA,23890600,2126821532,hmmseropedica@hotmail.com,29,29,0,0,0,0,0,0,0,0,0,0,0,0
202606,SUDESTE,RJ,330455,RIO DE JANEIRO,5354684,UROCLIN,CLINICA ESPECIALIZADA EM UROLOGIA DE CAMPO GRANDE LTDA,M,7,HOSPITAL ESPECIALIZADO,2062,HOSPITAL_PRIVADO,RUA GENERAL ORLANDO GEISEL,100,LT 12 PAL 19672 Q117,RECREIO DOS BANDEIRA,22790280,21 24302504,UROLOGIACLIN@GMAIL.COM,14,0,0,0,0,0,0,0,0,0,0,0,0,0
202606,SUDESTE,RJ,330455,RIO DE JANEIRO,5355699,HOSPITAL DE CLINICAS SANTA CRUZ,HOSPITAL DE CLINICAS SANTA CRUZ LTDA,M,5,HOSPITAL GERAL,2062,HOSPITAL_PRIVADO,RUA FELIPE CARDOSO,759,,SANTA CRUZ,23510006,21039198,segurancatrab@hospitalmemorialsantacruz.com.br,46,0,10,0,10,0,0,0,0,0,0,0,0,0
202606,SUDESTE,RJ,330455,RIO DE JANEIRO,5358833,UFRJ INSTITUTO DE DOENCAS DO TORAX,UNIVERSIDADE FEDERAL DO RIO DE JANEIRO,M,7,HOSPITAL ESPECIALIZADO,1104,HOSPITAL_PÚBLICO,RUA PROFESSOR RODOLPHO PAULO ROCCO,255,01D58,ILHA DO FUNDAO,21941913,21 3938-2887,direcao@idt.ufrj.br,8,8,0,0,0,0,0,0,0,0,0,0,0,0
202606,SUDESTE,RJ,330455,RIO DE JANEIRO,5409063,HOSPITAL RIO LARANJEIRAS,HOSPITAL RIO LARANJEIRAS LTDA,M,5,HOSPITAL GERAL,2240,HOSPITAL_PRIVADO,DAS LARANJEIRAS,72,,LARANJEIRAS,22240000,21 31818647,assuntos.regulatorios@hospitalcasa.com.br,96,0,30,0,30,0,0,0,0,0,0,0,0,0
202606,SUDESTE,RJ,330240,MACAE,5412447,HOSPITAL PUBLICO MUNICIPAL DE MACAE HPM,MUNICIPIO DE MACAE,M,5,HOSPITAL GERAL,1244,HOSPITAL_PÚBLICO,ROD RJ 168,S/N,KM 04,VIRGEM SANTA,27910000,2227730061,faturamento.hpm@macae.rj.gov.br,274,258,46,34,30,30,6,4,10,0,0,0,0,0
202606,SUDESTE,RJ,330455,RIO DE JANEIRO,5414830,CLINICA CRISTO REI,CLINICA CRISTO REI LTDA,M,5,HOSPITAL GERAL,2062,HOSPITAL_PRIVADO,AVENIDA LOBO JUNIOR,695,,PENHA CIRCULAR,21020124,,,91,0,7,0,7,0,0,0,0,0,0,0,0,0
202606,SUDESTE,RJ,330200,ITAGUAI,5435153,UNIDADE BASICA DE SAUDE DR ALFREDO DE CARVALHO MAIO,UNIDADE BASICA DE SAUDE DR ALFREDO DE CARVALHO MAIO,M,15,UNIDADE MISTA,1244,HOSPITAL_PÚBLICO,RUA SAO BENEDITO,S/N,LT 22 23 E 24 QD13,VILA GENY,23826010,2137812799,ubsvilageny@itaguai.rj.gov.br,1,1,0,0,0,0,0,0,0,0,0,0,0,0
202606,SUDESTE,RJ,330045,BELFORD ROXO,5445329,CONTEX SOLUCOES E SERVICOS LTDA,CONTEX SOLUCOES E SERVICOS LTDA,M,7,HOSPITAL ESPECIALIZADO,2062,HOSPITAL_PRIVADO,BENJAMIM PINTO DIAS,1677,,CENTRO,26130001,21 26676676,CONTEX@GMAIL.COM,64,64,0,0,0,0,0,0,0,0,0,0,0,0
202606,SUDESTE,RJ,330320,NILOPOLIS,5478898,SES RJ HOSPITAL ESTADUAL VEREADOR MELCHIADES CALAZANS,SECRETARIA DE ESTADO DE SAUDE DO RIO DE JANEIRO,E,7,HOSPITAL ESPECIALIZADO,1023,HOSPITAL_PÚBLICO,RUA JOAO DE CASTRO,1250,,CABUIS,26540390,37611648,faturamento.htob@gmail.com,91,91,11,11,6,6,0,0,5,5,0,0,0,0
202606,SUDESTE,RJ,330350,NOVA IGUACU,5650852,SES RJ INSTITUTO ESTADUAL DE ONCOLOGIA DA BAIXADA,SECRETARIA DE ESTADO DE SAUDE SES,E,7,HOSPITAL ESPECIALIZADO,1023,HOSPITAL_PÚBLICO,AV BALTIMORE,23,,JARDIM ESPLANADA,26013320,,faturamento.oncobxd@gmail.com,100,81,19,0,19,0,0,0,0,0,0,0,0,0
202606,SUDESTE,RJ,330420,RESENDE,5681359,HOSPITAL MILITAR DE RESENDE,HOSPITAL MILITAR DE RESENDE,M,5,HOSPITAL GERAL,1015,HOSPITAL_PÚBLICO,RODOVIA PRESIDENTE DUTRA,306,,INDEPENDENCIA,27534970,(24) 3388-4753,,46,0,0,0,0,0,0,0,0,0,0,0,0,0
202606,SUDESTE,RJ,330070,CABO FRIO,5691710,PROCOR,L H EMPREENDIMENTOS MEDICOS LTDA,M,5,HOSPITAL GERAL,2062,HOSPITAL_PRIVADO,RUA ARIZIO GOMES DA COSTA,184,,JARDIM FLAMBOYANT,28905320,22 26457051,,58,0,0,0,0,0,0,0,0,0,0,0,0,0
202606,SUDESTE,RJ,330455,RIO DE JANEIRO,5717256,SMS HOSPITAL MUNICIPAL RONALDO GAZOLLA AP 33,EMPRESA PUBLICA DE SAUDE DO RIO DE JANEIRO S A RIOSAUDE,M,5,HOSPITAL GERAL,2011,HOSPITAL_PRIVADO,AV PASTOR MARTIN LUTHER KING,10976,,ACARI,21531010,(21)2088-4600,,425,425,245,245,245,245,0,0,0,0,0,0,0,0
202606,SUDESTE,RJ,330330,NITEROI,5738296,NEOTIN PEC,NEOTIN PEC UNIDADES MEDICAS INTENSIVAS LTDA,M,7,HOSPITAL ESPECIALIZADO,2062,HOSPITAL_PRIVADO,GUARARAPES,90,,SAO FRANCISCO,24360150,21 36179876,MARCELLO.TORRES@HMSAOFRANCISCO.COM.BR,7,0,0,0,0,0,0,0,0,0,0,0,0,0
202606,SUDESTE,RJ,330330,NITEROI,5738318,NEOTIN CIRURGIAS,NEOTIN CIRURGIAS LTDA,M,7,HOSPITAL ESPECIALIZADO,2062,HOSPITAL_PRIVADO,GUARARAPES,90,,SAO FRANCISCO,24360150,21 36179876,MARCELLO.TORRES@HMSAOFRANCISCO.COM.BR,60,0,30,0,0,0,10,0,20,0,0,0,0,0
202606,SUDESTE,RJ,330045,BELFORD ROXO,5811406,INSTITUTO ELISA DE CASTRO,INSTITUTO ELISA DE CASTRO,M,5,HOSPITAL GERAL,3999,HOSPITAL_FILANTRÓPICO,DJALMA RIBEIRO DE ANDRADE,5,,AREIA BRANCA,26112140,21 25322055,FISCALLDA@LDACONSULTORIA.COM,94,94,0,0,0,0,0,0,0,0,0,0,0,0
202606,SUDESTE,RJ,330040,BARRA MANSA,5829593,ANGIO BARRA,ANGIO BARRA MANSA HEMODINAMICA E CIRURGIAS CARDIOVASCULARES,M,7,HOSPITAL ESPECIALIZADO,2240,HOSPITAL_PRIVADO,PINTO RIBEIRO,205,ANDAR 2,CENTRO,27310420,24 33485060,,5,0,0,0,0,0,0,0,0,0,0,0,0,0
202606,SUDESTE,RJ,330170,DUQUE DE CAXIAS,5837618,HGF HOSPITAL GERAL NOSSA SENHORA DE FATIMA,HOSPITAL GERAL NOSSA SENHORA DE FATIMA LTDA,M,5,HOSPITAL GERAL,2062,HOSPITAL_PRIVADO,RUA VOLUNTARIOS DA PATRIA,257,CONJ PART,JARDIM 25 DE AGOSTO,25075030,,,55,0,10,0,10,0,0,0,0,0,0,0,0,0
202606,SUDESTE,RJ,330040,BARRA MANSA,5878640,HOSPITAL MATERNIDADE THERESA SACCHI DE MOURA,HOSPITAL MATERNO INFANTIL DE BARRA MANSA,M,7,HOSPITAL ESPECIALIZADO,1031,HOSPITAL_PÚBLICO,RUA TEN JOSE EDUARDO,200,,ANO BOM,27323240,02433245991,,38,38,0,0,0,0,0,0,0,0,0,0,0,0
202606,SUDESTE,RJ,330045,BELFORD ROXO,5886740,MATERNIDADE MUNICIPAL DE BELFORD ROXO,MUNICIPIO DE BELFORD ROXO,M,7,HOSPITAL ESPECIALIZADO,1244,HOSPITAL_PÚBLICO,AVENIDA BENJAMIN PINTO DIAS,S/N,,CENTRO,26116200,,,60,54,0,0,0,0,0,0,0,0,0,0,0,0
202606,SUDESTE,RJ,330045,BELFORD ROXO,5892732,HOSPITAL LUZIA BENEVENUTO,DESENVOLVIMENTO DE ASSISTENCIA MULTIPLA DESAM,M,5,HOSPITAL GERAL,3999,HOSPITAL_FILANTRÓPICO,BENJAMIM PINTO DIAS,1000,HOSPITAL,CENTRO,26130001,24 24712980,cnesdesam@gmail.com,52,0,0,0,0,0,0,0,0,0,0,0,0,0
202606,SUDESTE,RJ,330070,CABO FRIO,5903394,HOSPITAL MUNICIPAL DA MULHER EM CABO FRIO,HOSPITAL MUNICIPAL DA MULHER EM CABO FRIO,M,7,HOSPITAL ESPECIALIZADO,1031,HOSPITAL_PÚBLICO,FLORISBELA PENA,S/N,,BRAGA,28908050,22 26462506,CONTABILIDADE_SAUDE@CABOFRIO.RJ.GOV.BR,50,41,0,0,0,0,0,0,0,0,0,0,0,0
202606,SUDESTE,RJ,330455,RIO DE JANEIRO,5942292,CLINICA REVITALIS BARRA,CLINICA REVITALIS BARRA LTDA,M,7,HOSPITAL ESPECIALIZADO,2062,HOSPITAL_PRIVADO,EST BARRA DA TIJUCA,01020,,ITANHANGA,22641003,(21) 2529-2977,REVITALIS@CLINICAREVITALIS.COM.BR,47,0,0,0,0,0,0,0,0,0,0,0,0,0
202606,SUDESTE,RJ,330390,PETROPOLIS,5968879,CLINICA POUSADA DAS BROMELIAS,CASA DE SAUDE SANTA MONICA LTDA,M,7,HOSPITAL ESPECIALIZADO,2062,HOSPITAL_PRIVADO,RUA BISPO DOM JOSE PEREIRA ALVES,235,CASA,VALPARAISO,25685140,2422482289,pousada.das.bromelias@hotmail.com,30,0,0,0,0,0,0,0,0,0,0,0,0,0
202606,SUDESTE,RJ,330170,DUQUE DE CAXIAS,6007317,HOSPITAL MUNICIPAL MOACYR RODRIGUES DO CARMO,SECRETARIA MUNICIPAL DE SAUDE DE DUQUE DE CAXIAS,M,5,HOSPITAL GERAL,1031,HOSPITAL_PÚBLICO,ROD WASHINGTON LUIS,3200,,VILA SAO LUIZ,25085009,26721090 26723857,cnes.hmmrc.upa@gmail.com,321,311,30,20,30,20,0,0,0,0,0,0,0,0
202606,SUDESTE,RJ,330455,RIO DE JANEIRO,6043941,HOSPITAL CENTRAL DA AERONAUTICA HCA,HOSPITAL CENTRAL DA AERONAUTICA HCA,M,5,HOSPITAL GERAL,1015,HOSPITAL_PÚBLICO,RUA BARAO DE ITAPAGIPE,167,,RIO COMPRIDO,20261000,(21)3501-3100,dmd.hca@gmail.com,82,0,19,0,9,0,0,0,10,0,0,0,0,0
202606,SUDESTE,RJ,330100,CAMPOS DOS GOYTACAZES,6050476,HEMOCARDIO LTDA CARDIOCAMPOS,HEMOCARDIO LTDA,M,7,HOSPITAL ESPECIALIZADO,2240,HOSPITAL_PRIVADO,RUA SALDANHA MARINHO,480,1 ANDAR,CENTRO,28010272,2227345859,hemocardio@gmail.com,4,0,0,0,0,0,0,0,0,0,0,0,0,0
202606,SUDESTE,RJ,330452,RIO DAS OSTRAS,6069134,HOSPITAL MUNICIPAL DRA NAELMA MONTEIRO DA SILVA,MUNICIPIO RIO DAS OSTRAS,M,5,HOSPITAL GERAL,1244,HOSPITAL_PÚBLICO,RUA NILDON LUSTOSA,S/N,,PARQUE ZABULAO,28893800,22 27716329,hmro@pmro.rj.gov.br,63,57,6,0,6,0,0,0,0,0,0,0,0,0
202606,SUDESTE,RJ,330010,ANGRA DOS REIS,6086497,ANGRACOR SERVICOS HOSPITALARES LTDA,ANGRACOR SERVICOS HOSPITALARES LTDA,M,5,HOSPITAL GERAL,2240,HOSPITAL_PRIVADO,RUA MILTON BASILIO PEREIRA,455,,PARQUE DAS PALMEIRAS,23906270,2433650630,,5,0,5,0,5,0,0,0,0,0,0,0,0,0
202606,SUDESTE,RJ,330170,DUQUE DE CAXIAS,6121705,UTI RIO SERVICOS MEDICOS LTDA,UTI RIO SERVICOS MEDICOS LTDA,M,5,HOSPITAL GERAL,2240,HOSPITAL_PRIVADO,RUA CONDE DE PORTO ALEGRE,271,PARTE,25 DE AGOSTO,25070350,21-3672-8700,leandrohdl@uol.com.br,51,0,50,0,0,0,10,0,40,0,0,0,0,0
202606,SUDESTE,RJ,330185,GUAPIMIRIM,6146376,HOSPITAL MUNICIPAL JOSE RABELLO DE MELLO,PREFEITURA MUNICIPAL DE GUAPIMIRIM,M,5,HOSPITAL GERAL,1244,HOSPITAL_PÚBLICO,RUA OSVALDO CRUZ,0,,BANANAL,25946497,2126323169,sms@guapimirim.rj.gov.br,82,72,10,0,10,0,0,0,0,0,0,0,0,0
202606,SUDESTE,RJ,330455,RIO DE JANEIRO,6176666,HOSPITAL RIOS DOR,MEDISE MEDICINA DIAGNOSTICO E SERVICOS S A,M,5,HOSPITAL GERAL,2054,HOSPITAL_PRIVADO,DOS TRES RIOS,1316,1366 FREGUESIA,JACAREPAGUA,22745005,21 22833448,,138,0,41,0,34,0,7,0,0,0,0,0,0,0
202606,SUDESTE,RJ,330455,RIO DE JANEIRO,6183948,CASA DE SAUDE SAO JOAO DE DEUS,SAMOC S A SOCIEDADE ASSITENCIAL MEDICA E ODONTO CIRURGICA,M,5,HOSPITAL GERAL,2054,HOSPITAL_PRIVADO,ALMIRANTE ALEXANDRINO,2696,,SANTA TEREZA,20241263,(21)3233-1018,,1,0,0,0,0,0,0,0,0,0,0,0,0,0
202606,SUDESTE,RJ,330023,ARMACAO DOS BUZIOS,6200702,HOSPITAL MUNICIPAL DR RODOLPHO PERISSE,PREFEITURA MUNICIPAL DE ARMACAO DOS BUZIOS,M,5,HOSPITAL GERAL,1031,HOSPITAL_PÚBLICO,ESTRADA DOS BUZIOS,S/N,HOSPITAL,SAO JOSE,28958580,2226237622,saudebuzios@gmail.com,93,91,10,10,10,10,0,0,0,0,0,0,0,0
202606,SUDESTE,RJ,330440,RIO CLARO,6232094,HOSPITAL MUNICIPAL NOSSA SENHORA DA PIEDADE,SECRETARIA MUNICIPAL DE SAUDE DE RIO CLARO,M,5,HOSPITAL GERAL,1244,HOSPITAL_PÚBLICO,RODOVIA FRANCISCO SATURNINO BRAGA,9831,,GUARITA,27460000,24 33321611/33321798,fusarc.infdados@rioclaro.rj.gov.br,43,43,0,0,0,0,0,0,0,0,0,0,0,0
202606,SUDESTE,RJ,330455,RIO DE JANEIRO,6257100,UNIDADE INTEGRADA DE SAUDE MENTAL,COMANDO DA MARINHA,M,7,HOSPITAL ESPECIALIZADO,1015,HOSPITAL_PÚBLICO,MARECHAL SEREJO,539,,JACAREPAGUA,22743380,(21) 3312-4900,uism.secom@marinha.mil.br,56,0,0,0,0,0,0,0,0,0,0,0,0,0
202606,SUDESTE,RJ,330045,BELFORD ROXO,6291724,NEOPED,NEOPED UNIDADE NEONATAL E PEDIATRICA LTDA,M,7,HOSPITAL ESPECIALIZADO,2240,HOSPITAL_PRIVADO,BENJAMIN PINTO DIAS,1000,PARTE,CENTRO,26130000,21 26622400,josealbertovieira@globo.com,4,0,1,0,0,0,0,0,1,0,0,0,0,0
202606,SUDESTE,RJ,330040,BARRA MANSA,6392415,INTENSI BABY,CENTRO PERINATAL E PEDIATRICO SANTA MARIA LTDA,M,7,HOSPITAL ESPECIALIZADO,2062,HOSPITAL_PRIVADO,RUA TENENTE JOSE EDUARDO,585,,ANO BOM,27323240,33221788,intensibaby@gmail.com.br,10,0,6,0,0,0,2,0,4,0,0,0,0,0
202606,SUDESTE,RJ,330455,RIO DE JANEIRO,6427138,HOSPITAL DE CLINICAS SAO MATHEUS,AMA ASSISTENCIA MEDICA ALTERNATIVA LTDA,M,5,HOSPITAL GERAL,2062,HOSPITAL_PRIVADO,SILVA CARDOSO,689,,BANGU,21810031,21 24017396,clinicama@ig.com.br,136,0,32,0,20,0,0,0,12,0,0,0,0,0
202606,SUDESTE,RJ,330510,SAO JOAO DE MERITI,6518893,SES RJ HOSPITAL DA MULHER HELONEIDA STUDART,SECRETARIA DE ESTADO DE SAUDE SES,E,7,HOSPITAL ESPECIALIZADO,1023,HOSPITAL_PÚBLICO,AUTOMOVEL CLUBE,S/N,LOTE 1745,JARDIM JOSE BONIFACI,25565171,21 26519600,,134,134,30,30,10,10,0,0,20,20,0,0,0,0
202606,SUDESTE,RJ,330630,VOLTA REDONDA,6635148,HOSPITAL UNIMED,UNIMED DE VOLTA REDONDA COOPERATIVA DE TRABALHO MEDICO,M,5,HOSPITAL GERAL,2143,HOSPITAL_PRIVADO,DOS METALURGICOS,2490,,CASA DE PEDRA,27258000,24 21027007,NUCLEOFISCAL@UNIMEDVR.COM.BR,253,10,50,10,30,10,9,0,11,0,0,0,0,0
202606,SUDESTE,RJ,330455,RIO DE JANEIRO,6638309,QUALI DIAGNOSE,LORD SERVICOS MEDICOS LTDA,M,5,HOSPITAL GERAL,2062,HOSPITAL_PRIVADO,BARAO DA TORRE,00145,NUM 00151 151 A,IPANEMA,22411001,21 86343108,GER.ADMINISTRATIVA@QUALIIPANEMA.COM.BR,10,0,0,0,0,0,0,0,0,0,0,0,0,0
202606,SUDESTE,RJ,330500,SAO JOAO DA BARRA,6656951,CENTRO MUNICIPAL DE ATENDIMENTO HOSPITALAR E EMERGENCIA,MUNICIPIO DE SAO JOAO DA BARRA,M,5,HOSPITAL GERAL,1244,HOSPITAL_PÚBLICO,BR 356,S/N,FUNDOS,CENTRO,28200000,,,47,47,0,0,0,0,0,0,0,0,0,0,0,0
202606,SUDESTE,RJ,330455,RIO DE JANEIRO,6670504,LLAK MEDICINA NEONATAL BANGU,LLAK MEDICINA NEONATAL LTDA,M,7,HOSPITAL ESPECIALIZADO,2062,HOSPITAL_PRIVADO,SILVA CARDOSO,689,3 ANDAR,BANGU,21810031,21 24132003,llak@neonatal.com.br,25,0,0,0,0,0,0,0,0,0,0,0,0,0
202606,SUDESTE,RJ,330455,RIO DE JANEIRO,6681573,HOSPITAL NORTE DOR,HOSPITAL NORTE DOR DE CASCADURA SA,M,5,HOSPITAL GERAL,2054,HOSPITAL_PRIVADO,RUA CAROLINA MACHADO,38,,CASCADURA,21351021,21 37473600,diretoria@nortedor.com.br,146,0,40,0,40,0,0,0,0,0,0,0,0,0
202606,SUDESTE,RJ,330455,RIO DE JANEIRO,6716849,SMS CENTRO DE EMERGENCIA REGIONAL CER LEBLON AP 21,SMS RIO CENTRO DE EMERGENCIA REGIONAL CER LEBLON AP 21,M,20,PRONTO SOCORRO GERAL,1031,HOSPITAL_PÚBLICO,RUA MARIO RIBEIRO,1080,,LEBLON,22430160,2529-9227,coord.adm.cerleblon@fas.org.br,15,1,14,0,14,0,0,0,0,0,0,0,0,0
202606,SUDESTE,RJ,330455,RIO DE JANEIRO,6716938,SMS CENTRO DE EMERGENCIA REGIONAL CER BARRA AP 40,SMS RIO CENTRO DE EMERGENCIA REGIONAL CER BARRA AP 40,M,20,PRONTO SOCORRO GERAL,1031,HOSPITAL_PÚBLICO,AVENIDA AYRTON SENNA,2000,,BARRA DA TIJUCA,22793000,35507060,coord.emerg.barra.riosaude@gmail.com,6,0,0,0,0,0,0,0,0,0,0,0,0,0
202606,SUDESTE,RJ,330330,NITEROI,6734014,HOSPITAL ICARAI,CLINICA SAO GONCALO LTDA,M,5,HOSPITAL GERAL,2062,HOSPITAL_PRIVADO,RUA MARQUES DE PARANA,233,,CENTRO,24030215,3176-5000-RM :5114,,213,0,0,0,0,0,0,0,0,0,0,0,0,0
202606,SUDESTE,RJ,330455,RIO DE JANEIRO,6753469,HOSPITAL CENTRAL DO EXERCITO,HOSPITAL CENTRAL DO EXERCITO,M,5,HOSPITAL GERAL,1015,HOSPITAL_PÚBLICO,FRANCISCO MANUEL,126,PAVLH DIRECAO,BENFICA,20911270,21 38917269,tesouraria@hce.eb.mil.br,61,0,0,0,0,0,0,0,0,0,0,0,0,0
202606,SUDESTE,RJ,330330,NITEROI,6861873,SAO FRANCISCO HOSPITAL MATERNIDADE,NEOTIN NEONATAL TERAPIA INTENSIVA LTDA,M,7,HOSPITAL ESPECIALIZADO,2062,HOSPITAL_PRIVADO,TAPAJOS,325,ANTIGO 81,SAO FRANCISCO,24360200,,comercial@hmsaofrancisco.com.br,118,5,34,0,4,0,10,0,20,0,0,0,0,0
202606,SUDESTE,RJ,330455,RIO DE JANEIRO,6878865,CASA DE SAUDE SANTA LUCIA,ESHO EMPRESA DE SERVICOS HOSPITALARES S A,M,5,HOSPITAL GERAL,2054,HOSPITAL_PRIVADO,VOLUNTARIOS DA PATRIA,435,ENTRADA PELA,BOTAFOGO,22270000,21 22038655,TRIBUTARIO@AMERICASMED.COM.BR,16,0,16,0,16,0,0,0,0,0,0,0,0,0
202606,SUDESTE,RJ,330455,RIO DE JANEIRO,6995462,SMS HOSPITAL MUNICIPAL PEDRO II AP 53,SMS RIO HOSPITAL MUNICIPAL PEDRO II AP 53,M,5,HOSPITAL GERAL,1031,HOSPITAL_PÚBLICO,RUA DO PRADO,325,,SANTA CRUZ,23555012,3365 5201,cnes.hmp2@spdm-pais.org.br,331,322,63,54,34,34,10,10,10,10,9,0,0,0
202606,SUDESTE,RJ,330455,RIO DE JANEIRO,7002017,MS INCA HOSPITAL DO CANCER IV CUIDADOS PALIATIVOS,MS INCA HC IV HOSPITAL DO CANCER IV,M,7,HOSPITAL ESPECIALIZADO,1015,HOSPITAL_PÚBLICO,RUA VISCONDE SANTA ISABEL,274,,VILA ISABEL,20560120,21 3207 4058,hc4@inca.gov.br,56,56,0,0,0,0,0,0,0,0,0,0,0,0
202606,SUDESTE,RJ,330285,MESQUITA,7011857,SES RJ COMPLEXO REG MESQUITA MATERNID E CLINICA MULHER,FUNDACAO SAUDE DO ESTADO DO RIO DE JANEIRO,E,7,HOSPITAL ESPECIALIZADO,1260,HOSPITAL_PÚBLICO,DR CARVALHAES,400,,ROCHA SOBRINHO,26572530,21 23345010,ANA.FERNANDES@FS.GOV.BR,129,129,10,10,0,0,0,0,10,10,0,0,0,0
202606,SUDESTE,RJ,330455,RIO DE JANEIRO,7027397,SMS HOSPITAL MATERNIDADE MARIA AMELIA B DE HOLLANDA AP 10,SMS RIO HOSPITAL MATERNIDADE MARIA AMELIA B HOLLANDA AP 10,M,7,HOSPITAL ESPECIALIZADO,1031,HOSPITAL_PÚBLICO,RUA MONCORVO FILHO,67,,CENTRO,20211340,2122241949,hmmabh.faturamento@gmail.com,123,122,13,12,0,0,0,0,13,12,0,0,0,0
202606,SUDESTE,RJ,330455,RIO DE JANEIRO,7041624,SMS MATERNIDADE DA MULHER MARISKA RIBEIRO AP 51,SMS RIO HOSPITAL MUNICIPAL DA MULHER MARISKA RIBEIRO AP 51,M,7,HOSPITAL ESPECIALIZADO,1031,HOSPITAL_PÚBLICO,PRACA 1 DE MAIO,S/N,,BANGU,21830006,21 2042-2912,diretoria.hmmr@cejam.org.br,123,123,10,10,0,0,0,0,10,10,0,0,0,0
202606,SUDESTE,RJ,330630,VOLTA REDONDA,7052987,HINJA,HOSPITAL JARDIM AMALIA LTDA,M,5,HOSPITAL GERAL,2062,HOSPITAL_PRIVADO,DR MIGUEL COUTO,70,,JARDIM AMALIA,27251260,0024 03482001,HIMJA@UOL.COM.BR,22,0,2,0,2,0,0,0,0,0,0,0,0,0
202606,SUDESTE,RJ,330455,RIO DE JANEIRO,7065515,HOSPITAL SAO FRANCISCO NA PROVIDENCIA DE DEUS,ASSOCIACAO LAR SAO FRANCISCO DE ASSIS NA PROVIDENCIA DE DEUS,E,5,HOSPITAL GERAL,3999,HOSPITAL_FILANTRÓPICO,RUA CONDE DE BONFIM,1033,,TIJUCA,20530001,21 32944500,coordfaturamento.hsf@alsf.org.br,254,90,55,26,55,26,0,0,0,0,0,0,0,0
202606,SUDESTE,RJ,330420,RESENDE,7149328,HOSPITAL UNIMED RESENDE,UNIMED RESENDE RJ COOPERATIVA DE TRABALHO MEDICO,M,5,HOSPITAL GERAL,2143,HOSPITAL_PRIVADO,RUA ELZA DA SILVA DUARTE,71,,MANEJO,27520005,(24) 2108-9912,adm@hospitalunimedresende.com.br,70,0,10,0,10,0,0,0,0,0,0,0,0,0
202606,SUDESTE,RJ,330455,RIO DE JANEIRO,7158726,ESPACO CLIF,ESPACO CLIF MENTE E VIDA SA,M,7,HOSPITAL ESPECIALIZADO,2054,HOSPITAL_PRIVADO,RUA DAS PALMEIRAS,46,,BOTAFOGO,22270070,,,20,0,0,0,0,0,0,0,0,0,0,0,0,0
202606,SUDESTE,RJ,330100,CAMPOS DOS GOYTACAZES,7162723,ONCOBEDA II,ONCOBEDA SERVICOS MEDICOS LTDA ME,M,5,HOSPITAL GERAL,2062,HOSPITAL_PRIVADO,RUA SALDANHA MARINHO,387,,CENTRO,28010271,27330101,,32,0,5,0,5,0,0,0,0,0,0,0,0,0
202606,SUDESTE,RJ,330455,RIO DE JANEIRO,7166494,SMS HOSPITAL MUNICIPAL EVANDRO FREIRE AP 31,SMS RIO HOSPITAL MUNICIPAL EVANDRO FREIRE AP 31,M,5,HOSPITAL GERAL,1031,HOSPITAL_PÚBLICO,ESTRADA DO GALEAO,2920,,PORTUGUESA ILHA DO G,21931582,21 38122400,faturamento.hmef@cejam.org.br,103,103,30,30,30,30,0,0,0,0,0,0,0,0
202606,SUDESTE,RJ,330100,CAMPOS DOS GOYTACAZES,7170645,COMUNIDADE S8,COMUNIDADE S8,M,7,HOSPITAL ESPECIALIZADO,3999,HOSPITAL_FILANTRÓPICO,FAZENDA PEDRA LISA,S/N,,MORRO DO COCO,28178000,,comunidades8@comunidades8.org.br,42,0,0,0,0,0,0,0,0,0,0,0,0,0
202606,SUDESTE,RJ,330455,RIO DE JANEIRO,7185081,SES RJ HOSPITAL ESTADUAL TRANSPLANTE CANCER E CIR INFANTIL,SECRETARIA DE ESTADO DE SAUDE SES,E,7,HOSPITAL ESPECIALIZADO,1023,HOSPITAL_PÚBLICO,RUA LUIZ BELTRAO,147,RUA DAS TULIPAS 209,VILA VALQUEIRE,21330400,2133699650,administracao@hcrianca.com.br,83,77,26,20,0,0,10,10,16,10,0,0,0,0
202606,SUDESTE,RJ,330330,NITEROI,7202180,PLACI NITEROI,SETRE SERVICO DE TRATAMENTO E REABILITACAO ESPECIALIZADA LTD,M,5,HOSPITAL GERAL,2062,HOSPITAL_PRIVADO,MARTINS TORRES,98,,SANTA ROSA,24240705,21 34357385,RECEPCAO@PLACI.COM.BR,37,0,0,0,0,0,0,0,0,0,0,0,0,0
202606,SUDESTE,RJ,330170,DUQUE DE CAXIAS,7244339,HOSPITAL CAXIAS DOR,REDE DOR SAO LUIZ S A,M,5,HOSPITAL GERAL,2046,HOSPITAL_PRIVADO,AVENIDA BRIGADEIRO LIMA E SILVA,821,755 AREA A4 QD 13,25 DE AGOSTO,25071182,2134613488,diretoria@caxiasdor.com.br,220,0,114,0,49,0,28,0,15,0,0,0,22,0
202606,SUDESTE,RJ,330455,RIO DE JANEIRO,7251491,UNIMED RIO HOSPITAL BARRA DA TIJUCA,UNIMED RIO EMPREENDIMENTOS MEDICOS E HOSPITALARES LTDA,M,5,HOSPITAL GERAL,2062,HOSPITAL_PRIVADO,AV AYRTON SENNA,2550,,BARRA DA TIJUCA,22775003,21 3883-1000,,225,0,65,0,55,0,10,0,0,0,0,0,0,0
202606,SUDESTE,RJ,330455,RIO DE JANEIRO,7267975,SES RJ INSTITUTO ESTADUAL DO CEREBRO PAULO NIEMEYER,SECRETARIA DE ESTADO DE SAUDE DO RIO DE JANEIRO,E,7,HOSPITAL ESPECIALIZADO,1023,HOSPITAL_PÚBLICO,RUA DO REZENDE,156,NAO HA,CENTRO,20231092,021-38124105,hvillacorta@ideas.med.br,110,95,59,44,44,38,15,6,0,0,0,0,0,0
202606,SUDESTE,RJ,330455,RIO DE JANEIRO,7317530,HOSPITAL SAMARITANO,ESHO EMPRESA DE SERVICOS HOSPITALARES S A,M,5,HOSPITAL GERAL,2054,HOSPITAL_PRIVADO,RUA BAMBINA,98,,BOTAFOGO,22251050,(21) 3444-1000,edgar.araujo@amil.com.br,73,0,29,0,29,0,0,0,0,0,0,0,0,0
202606,SUDESTE,RJ,330390,PETROPOLIS,7337159,CLINICA REVITALIS,CLINICA PARA TRATAMENTO DE DEPENDENTES QUIMICOS REVITALIS,M,7,HOSPITAL ESPECIALIZADO,2062,HOSPITAL_PRIVADO,ESTRADA BERNARDO COUTINHO,2241,,ARARAS,25725022,2225-0430,revitalis@clinicarevitalis.com.br,108,0,0,0,0,0,0,0,0,0,0,0,0,0
202606,SUDESTE,RJ,330010,ANGRA DOS REIS,7354746,HOSPITAL MUNICIPAL DA JAPUIBA HMJ,FUNDACAO HOSPITALAR JORGE ELIAS MIGUEL,M,5,HOSPITAL GERAL,1155,HOSPITAL_PÚBLICO,RUA JAPORANGA,1700,,JAPUIBA,23934055,24 33686556,HGJ.dtec@angra.rj.gov.br,157,157,20,20,20,20,0,0,0,0,0,0,0,0
202606,SUDESTE,RJ,330030,BARRA DO PIRAI,7415273,CONSULTORIO UNIMED 24 HORAS,UNIMED CENTRO SUL FLUMINENSE COOPERATIVA DE TRABALHO MEDICO,M,5,HOSPITAL GERAL,2143,HOSPITAL_PRIVADO,RUA FRANKLIN DE MORAES,67,,CENTRO,27135000,24 24471700,,23,0,0,0,0,0,0,0,0,0,0,0,0,0
202606,SUDESTE,RJ,330455,RIO DE JANEIRO,7421710,HOSPITAL PASTEUR,AMICO SAUDE LTDA,M,5,HOSPITAL GERAL,2054,HOSPITAL_PRIVADO,AVENIDA AMARO CAVALCANTI,495,,MEIER,20735040,(21) 2104-4400,adm@hospitalpasteur.com.br,217,3,64,0,38,0,10,0,16,0,0,0,0,0
202606,SUDESTE,RJ,330200,ITAGUAI,7436734,HOSPITAL GERAL DE ITAGUAI,C M M A CENTRO MEDICO MOISES ABRAAO LTDA,M,5,HOSPITAL GERAL,2062,HOSPITAL_PRIVADO,ARI PARREIRAS,S/N,QUADRA03 LOTE 03 E 0,CENTRO,23815541,21 33953403,,94,37,20,0,10,0,10,0,0,0,0,0,0,0
202606,SUDESTE,RJ,330350,NOVA IGUACU,7454007,NEOVIDA NOVA IGUACU,NEOVIDA C INFANTIL DE T I E URG DE CAXIAS LTDA EPP,M,7,HOSPITAL ESPECIALIZADO,2062,HOSPITAL_PRIVADO,RUA NELSON RAMOS,733,,CENTRO,26210140,2126539619,neovidacentroinfantil@gamil.com,29,0,28,0,0,0,0,0,28,0,0,0,0,0
202606,SUDESTE,RJ,330455,RIO DE JANEIRO,7458940,HOSPITAL BARRA DOR PEDIATRIA,HOSPITAL ESPERANCA S A,M,5,HOSPITAL GERAL,2054,HOSPITAL_PRIVADO,AVENIDA AYRTON SENNA,3079,ANTIGO 2 541 AREA 2,BARRA DA TIJUCA,22775002,21 24303600,SECRETARIA@BARRADOR.COM.BR,30,0,10,0,0,0,10,0,0,0,0,0,0,0
202606,SUDESTE,RJ,330455,RIO DE JANEIRO,7474059,HOSPITAL SAO LUCAS,IMPAR SERVICOS HOSPITALARES SA,M,5,HOSPITAL GERAL,2054,HOSPITAL_PRIVADO,TRAVESSA FREDERICO PAMPLONA,22,29 32 S C RAMOS 173,COPACABANA,22061080,(21) 2545-4407,nadia@saolucascopacabana.com.br,184,0,54,0,54,0,0,0,0,0,0,0,0,0
202606,SUDESTE,RJ,330455,RIO DE JANEIRO,7516800,SES RJ HOSPITAL ESTADUAL EDUARDO RABELLO,FUNDACAO SAUDE DO ESTADO DO RIO DE JANEIRO,E,5,HOSPITAL GERAL,1260,HOSPITAL_PÚBLICO,DO PRE,S/N,,SENADOR VASCONCELOS,23013550,21 3408-9190,DOMINGOS.LIMA@FS.RJ.GOV.BR,100,93,7,0,7,0,0,0,0,0,0,0,0,0
202606,SUDESTE,RJ,330550,SAQUAREMA,7529384,SES RJ HOSPITAL ESTADUAL DOS LAGOS NOSSA SENHORA DE NAZARETH,SECRETARIA DE ESTADO DE SAUDE SES,E,5,HOSPITAL GERAL,1023,HOSPITAL_PÚBLICO,MANOEL DOMINGOS DOS SANTOS,725,,BARREIROS,28994621,22 9971-63518,hosp.est.doslagos.helagos@gmail.com,89,69,23,10,10,10,0,0,13,0,0,0,0,0
202606,SUDESTE,RJ,330190,ITABORAI,7550944,HOSPITAL ADVENTISTA SILVESTRE UNIDADE ITABORAI,INSTITUICAO ADVENTISTA ESTE BRAS DE PREV E ASS A SAUDE,M,5,HOSPITAL GERAL,3999,HOSPITAL_FILANTRÓPICO,RUA DESEMBARGADOR FERREIRA PINTO,721,PARTE,CENTRO,24800205,(21) 37856200,,13,0,8,0,8,0,0,0,0,0,0,0,0,0
202606,SUDESTE,RJ,330350,NOVA IGUACU,7580126,HOSPITAL GERAL PRONTONIL,HGP HOSPITAL GERAL PRONTONIL,M,5,HOSPITAL GERAL,2062,HOSPITAL_PRIVADO,OSCAR SOARES,515,PARTE,CALIFONIA,26220098,213892-7229,miranda@prontonil.com.br,102,0,44,0,34,0,10,0,0,0,0,0,0,0
202606,SUDESTE,RJ,330350,NOVA IGUACU,7591136,HOSPITAL IGUASSU MATERNIDADE MUNICIPAL MARIANA BULHOES,SECRETARIA MUNICIPAL DE SAUDE DE NOVA IGUACU,M,7,HOSPITAL ESPECIALIZADO,1244,HOSPITAL_PÚBLICO,RUA CORONEL ALFREDO SOARES,S/N,,CENTRO,26255150,31023123,direcaogeral.mmmb@gmail.com,30,0,25,0,0,0,0,0,25,0,0,0,0,0
202606,SUDESTE,RJ,330452,RIO DAS OSTRAS,7605331,CENTRO MEDICO INTEGRADO SANTA TERESINHA,INTERMEDICAL SERVICOS DE GESTAO ORGANIZACAO E LOGISTICA EM,M,5,HOSPITAL GERAL,2062,HOSPITAL_PRIVADO,AVENIDA GOVERNADOR ROBERTO SILVEIRA,S/N,QD0A8 LT014,COSTAZUL,28895266,22 27645751,,10,0,10,0,10,0,0,0,0,0,0,0,0,0
202606,SUDESTE,RJ,330455,RIO DE JANEIRO,7605935,HOSPITAL BANGU,REDE DOR SAO LUIZ S A,M,5,HOSPITAL GERAL,2046,HOSPITAL_PRIVADO,RUA FRANCISCO REAL,00732,NUM 00722 LOT 1 PAL,PADRE MIGUEL,21810042,21 31075600,legalizacao.obras@rededor.com.br,49,0,19,0,19,0,0,0,0,0,0,0,0,0
202606,SUDESTE,RJ,330452,RIO DAS OSTRAS,7612036,PRONTO SOCORRO MUNICIPAL RIO DAS OSTRAS,PREFEITURA MUNICIPAL DE RIO RIO DAS OSTRAS,M,5,HOSPITAL GERAL,1244,HOSPITAL_PÚBLICO,LAERCIO LUCIO DE CARVALHO,1075,,PARQUE ZABULAO,28893437,22 27641823,,46,42,0,0,0,0,0,0,0,0,0,0,0,0
202606,SUDESTE,RJ,330455,RIO DE JANEIRO,7642415,SAMARITANO BARRA,HOSPITAL ALVORADA TAGUATINGA LTDA,M,5,HOSPITAL GERAL,2054,HOSPITAL_PRIVADO,AV JORGE CURI,550,BLOCO B,BARRA DA TIJUCA,22640102,21 31422760,jusanramos@americasmed.com.br,32,0,8,0,8,0,0,0,0,0,0,0,0,0
202606,SUDESTE,RJ,330455,RIO DE JANEIRO,7642423,HOSPITAL VITORIA AMC,HOSPITAL ALVORADA TAGUATINGA LTDA,M,5,HOSPITAL GERAL,2054,HOSPITAL_PRIVADO,AVENIDA JORGE CURI,550,BLOCO C D,BARRA DA TIJUCA,22793334,,jusanramos@americasmed.com.br,239,0,50,0,34,0,16,0,0,0,0,0,0,0
202606,SUDESTE,RJ,330240,MACAE,7655703,HOSPITAL PUBLICO MUNICIPAL DA SERRA HPMS,MUNICIPIO DE MACAE,M,5,HOSPITAL GERAL,1244,HOSPITAL_PÚBLICO,RUA JOAO MANOEL DA SILVA,600,,TRAPICHE,27945000,(22) 2793-3914,assessoriahpms@gmail.com,31,31,0,0,0,0,0,0,0,0,0,0,0,0
202606,SUDESTE,RJ,330455,RIO DE JANEIRO,7659415,HOSPITAL OESTE DOR,REDE DOR SAO LUIZ S A,M,5,HOSPITAL GERAL,2046,HOSPITAL_PRIVADO,RUA OLINDA ELLIS,93,,CAMPO GRANDE,23045160,2124143600,legalizacao.obras@rededor.com.br,175,0,64,0,41,0,7,0,16,0,0,0,0,0
202606,SUDESTE,RJ,330040,BARRA MANSA,7711697,CASA CLINICA DE ATENCAO A SAUDE AMPLIADA SOCIEDADE EMPRESA,CASA CLINICA DE ATENCAO A SAUDE AMPLIADA SOCIEDADE EMPRESA,M,7,HOSPITAL ESPECIALIZADO,2062,HOSPITAL_PRIVADO,RUA ABDO FELIPE,156,,ANO BOM,27345030,02433230140,,21,0,0,0,0,0,0,0,0,0,0,0,0,0
202606,SUDESTE,RJ,330455,RIO DE JANEIRO,7859341,HOSPITAL SAO VICENTE DE PAULO,HOSPITAL SAO VICENTE DE PAULO,M,5,HOSPITAL GERAL,3999,HOSPITAL_FILANTRÓPICO,GONCALVES CRESPO,430,,TIJUCA,20270320,21 25632121,juridico@hsvp.org.br,131,0,20,0,10,0,0,0,0,0,0,0,10,0
202606,SUDESTE,RJ,330185,GUAPIMIRIM,7877528,PENSIONATO N S APARECIDA,PENSIONATO PROTEGIDO NOSSA SENHORA APARECIDA LTDA,M,7,HOSPITAL ESPECIALIZADO,2062,HOSPITAL_PRIVADO,AVENIDA CAFE FILHO,123,,CITROLANDIA,25942220,,,60,0,0,0,0,0,0,0,0,0,0,0,0,0
202606,SUDESTE,RJ,330330,NITEROI,7884680,HOSPITAL ITAIPU,UNIMED SAO GONCALO NITEROI SOC COOP SERV MED HOSP LTDA,M,5,HOSPITAL GERAL,2143,HOSPITAL_PRIVADO,ESTRADA FRANCISCO DA CRUZ NUNES,5599,,PIRATININGA,24350310,21 26085430,diretoria@hospitalitaipu.com.br,179,0,65,0,50,0,15,0,0,0,0,0,0,0
202606,SUDESTE,RJ,330455,RIO DE JANEIRO,7898843,HOSPITAL PANAMERICANO,CASA DE SAUDE SANTA THEREZINHA S A,M,5,HOSPITAL GERAL,2062,HOSPITAL_PRIVADO,MOURA BRITO,138,,TIJUCA,20520060,998118321,almeida.camila@amil.com.br,109,2,22,0,22,0,0,0,0,0,0,0,0,0
202606,SUDESTE,RJ,330620,VASSOURAS,7938861,CIS CENTRO INTEGRADO DE SAUDE,FUNDACAO EDUCACIONAL SEVERINO SOMBRA,M,5,HOSPITAL GERAL,3069,HOSPITAL_FILANTRÓPICO,AVENIDA RUI BARBOSA,17,,SANTA AMALIA,27700000,24 24718381,,23,0,9,0,5,0,0,0,4,0,0,0,0,0
202606,SUDESTE,RJ,330455,RIO DE JANEIRO,7954549,HOSPITAL ILHA DO GOVERNADOR,HOSPITAL ILHA DO GOVERNADOR LTDA,M,5,HOSPITAL GERAL,2062,HOSPITAL_PRIVADO,ESTRADA DO DENDE,668,,TAUA,21920610,32168000,assuntos.regulatorios@hospitalcasa.com.br,113,0,37,0,37,0,0,0,0,0,0,0,0,0
202606,SUDESTE,RJ,330455,RIO DE JANEIRO,8080798,GLORIA DOR,GLORIA DOR OPERACOES HOSPITALARES LTDA,M,5,HOSPITAL GERAL,2062,HOSPITAL_PRIVADO,RUA SANTO AMARO,80,886 88 90 E 92 SUP R,GLORIA,22211230,(21) 3262-2000,LEGALIZACAO.OBRAS@REDEDOR.COM.BR,218,0,81,0,30,0,14,0,20,0,0,0,17,0
202606,SUDESTE,RJ,330620,VASSOURAS,8200882,HMC PRIVATE HOSPITAL MARCO CAPUTE PRIVATE,FUNDACAO SEVERINO SOMBRA,M,5,HOSPITAL GERAL,3069,HOSPITAL_FILANTRÓPICO,RONALD FIUZA MANHAES,S/N,,CENTRO,27700000,24 24718244,hmcprivate@univassouras.edu.br,71,0,20,0,10,0,0,0,10,0,0,0,0,0
202606,SUDESTE,RJ,330045,BELFORD ROXO,8219982,CCA SERVICOS,CCA SERVICOS MEDICOS LTDA,M,7,HOSPITAL ESPECIALIZADO,2062,HOSPITAL_PRIVADO,BENJAMIM PINTO DIAS,1677,ANDAR 1 ANDAR HOSPIT,CENTRO,26130001,21 41231376,CHAVESALE2008@HOTMAIL.COM,64,0,0,0,0,0,0,0,0,0,0,0,0,0
202606,SUDESTE,RJ,330250,MAGE,8227314,HGNSP HOSPITAL GERAL NOSSA SENHORA DA PIEDADE,MUNICIPIO DE MAGE,M,5,HOSPITAL GERAL,1244,HOSPITAL_PÚBLICO,ESTRADA DO CONTORNO BR 493,493,,VILA ESPERANCA,25903587,,,88,88,0,0,0,0,0,0,0,0,0,0,0,0
202606,SUDESTE,RJ,330350,NOVA IGUACU,8403708,HOSPITAL METROPOLITANO,UNIMED NOVA IGUACU COOPERATIVA DE TRABALHO MEDICO LTDA,M,5,HOSPITAL GERAL,2143,HOSPITAL_PRIVADO,TV MOURA SA,94,,CENTRO,26255080,,contabilidade@unimedni.coop.br,28,0,0,0,0,0,0,0,0,0,0,0,0,0
202606,SUDESTE,RJ,330220,ITAPERUNA,9020462,HOSPITAL UNIMED NORTE FLUMINENSE,UNIMED DO NORTE FLUMINENSE COOP TRABALHO MEDICO,M,5,HOSPITAL GERAL,2143,HOSPITAL_PRIVADO,BUARQUE DE NAZARETH,226,ANEXO 221 E 234,CENTRO,28300000,22 38232450,jroberto@itaperuna.unimed.com.br,33,0,0,0,0,0,0,0,0,0,0,0,0,0
202606,SUDESTE,RJ,330455,RIO DE JANEIRO,9027645,PLACI BOTAFOGO,SOCIEDADE HOSPITALAR 4 DE JULHO LTDA,M,5,HOSPITAL GERAL,2062,HOSPITAL_PRIVADO,GENERAL POLIDORO,144,,BOTAFOGO,22280005,21 25165306,nathalia.tostes@aptalicenciamentos.com.br,90,0,0,0,0,0,0,0,0,0,0,0,0,0
202606,SUDESTE,RJ,330455,RIO DE JANEIRO,9065946,HOSPITAL COPA STAR,REDE DOR SAO LUIZ S A,M,5,HOSPITAL GERAL,2046,HOSPITAL_PRIVADO,RUA FIGUEIREDO MAGALHAES,700,,COPACABANA,22031012,34613620,LEGALIZACAO.OBRAS@REDEDOR.COM.BR,51,0,40,0,40,0,0,0,0,0,0,0,0,0
202606,SUDESTE,RJ,330630,VOLTA REDONDA,9074457,SES RJ HOSP REGIONAL MEDIO PARAIBA DRA ZILDA ARNS NEUMANN,SECRETARIA ESTADUAL DE SAUDE DO RIO DE JANEIRO,E,5,HOSPITAL GERAL,1023,HOSPITAL_PÚBLICO,RODOVIA PRESIDENTE DUTRA,S/N,KM 257 258,RIO DAS FLORES,27257420,(24) 3512-5002,CAIO.LARCHER@HRZAN.FS.RJ.GOV.BR,242,174,144,76,109,56,35,20,0,0,0,0,0,0
202606,SUDESTE,RJ,330205,ITALVA,9089497,ASSOCIACAO BENEFICIENTE E ASSISTENCIA MAGNUS DE ITALVA,ASSOCIACAO BENEFICIENTE E ASSISTENCIA MAGNUS DE ITALVA,M,5,HOSPITAL GERAL,3999,HOSPITAL_FILANTRÓPICO,CORONEL LUIS SALLES,208,,CENTRO,28250000,22 27832485,,56,0,0,0,0,0,0,0,0,0,0,0,0,0
202606,SUDESTE,RJ,330455,RIO DE JANEIRO,9110089,HOSPITAL GERAL DO RIO DE JANEIRO,HOSPITAL GERAL DO RIO DE JANEIRO,M,5,HOSPITAL GERAL,1015,HOSPITAL_PÚBLICO,AV DUQUE DE CAXIAS,1551,,DEODORO,21615220,(21) 24571700,DIVMEDHGERJ@GMAIL.COM,48,0,6,0,6,0,0,0,0,0,0,0,0,0
202606,SUDESTE,RJ,330455,RIO DE JANEIRO,9151532,HOSPITAL CASA DE PORTUGAL HOSPITAL GERAL ADMINISTRACAO,HOSPITAL CASA DE PORTUGAL HOSPITAL GERAL ADMINISTRACAO,M,5,HOSPITAL GERAL,2062,HOSPITAL_PRIVADO,RUA DO BISPO,S/N,PARTE,RIO COMPRIDO,20261064,(21) 2218-5354,assuntos.regulatorios@hospitalcasa.com.br,100,0,68,0,68,0,0,0,0,0,0,0,0,0
202606,SUDESTE,RJ,330455,RIO DE JANEIRO,9198024,HOSPITAL RIO BOTAFOGO,HOSPITAL RIO BOTAFOGO LTDA,M,5,HOSPITAL GERAL,2062,HOSPITAL_PRIVADO,BARAO DE LUCENA,95,,BOTAFOGO,22260020,21 3216-8000,assuntos.regulatorios@hospitalcasa.com.br,70,0,28,0,28,0,0,0,0,0,0,0,0,0
202606,SUDESTE,RJ,330455,RIO DE JANEIRO,9214763,HOSPITAL CASA SAO BERNARDO,HOSPITAL CASA SAO BERNARDO HOSPITAL GERAL,M,5,HOSPITAL GERAL,2062,HOSPITAL_PRIVADO,AVENIDA DAS AMERICAS,3250,,BARRA DA TIJUCA,22640102,2132168000,assuntos.regulatorios@hospitalcasa.com.br,135,0,78,0,70,0,0,0,0,0,0,0,8,0
202606,SUDESTE,RJ,330455,RIO DE JANEIRO,9426752,HOSPITAL BARRA PLASTICA,YP CLINICA CIRURGICA DA BARRA LTDA,M,7,HOSPITAL ESPECIALIZADO,2062,HOSPITAL_PRIVADO,RUA DAUT PERES,114,,BARRA DA TIJUCA,22640070,3251-1070/3253-5228,atendimento.barraplastica@gmail.com,21,0,0,0,0,0,0,0,0,0,0,0,0,0
202606,SUDESTE,RJ,330210,ITAOCARA,9441085,TOTAL MED SERVICOS MEDICOS LTDA ME,TOTAL MED SERVICOS MEDICOS LTDA ME,M,15,UNIDADE MISTA,2062,HOSPITAL_PRIVADO,RUA NILO PECANHA,564,SALA 789101112,CENTRO,28570000,2238618421,,3,0,0,0,0,0,0,0,0,0,0,0,0,0
202606,SUDESTE,RJ,330455,RIO DE JANEIRO,9461086,HOSPITAL SEMIU,SEMIU CENTRO MEDICO LTDA,M,5,HOSPITAL GERAL,2062,HOSPITAL_PRIVADO,AVENIDA VICENTE DE CARVALHO,1159,,VILA DA PENHA,21210623,21 34578800,GESTAO@SEMIU.COM.BR,175,0,37,0,22,0,0,0,0,0,0,0,15,0
202606,SUDESTE,RJ,330150,CORDEIRO,9491619,HOSPITAL DE CORDEIRO,MUNICIPIO DE CORDEIRO,M,5,HOSPITAL GERAL,1244,HOSPITAL_PÚBLICO,RUA ABEL VENTURA RIBEIRO DE MORAES,361,,CENTRO,28540000,,,40,40,0,0,0,0,0,0,0,0,0,0,0,0
202606,SUDESTE,RJ,330455,RIO DE JANEIRO,9505512,HOSPITAL PREMIUM,HOSPITAL CASA HOSPITAL DO CANCER,M,5,HOSPITAL GERAL,2062,HOSPITAL_PRIVADO,RUA DO BISPO,18,LOTE 1 PAL 10328,RIO COMPRIDO,20261064,02135503800,assuntos.regulatorios@hospitalcasa.com.br,82,0,27,0,27,0,0,0,0,0,0,0,0,0
202606,SUDESTE,RJ,330455,RIO DE JANEIRO,9567933,HOSPITAL MEMORIAL FUAD CHIDID,HOSPITAL MEMORIAL FUAD CHIDID LTDA,M,5,HOSPITAL GERAL,2062,HOSPITAL_PRIVADO,JOSE DOS REIS,81,23 27 59 71 73 75,ENGENHO DE DENTRO,20756115,,,92,0,29,0,29,0,0,0,0,0,0,0,0,0
202606,SUDESTE,RJ,330455,RIO DE JANEIRO,9614133,INTERMEDICA,NOTRE DAME INTERMEDICA SAUDE S A,M,5,HOSPITAL GERAL,2054,HOSPITAL_PRIVADO,SILVA TELES,00052,,ANDARAI,20541110,21 2570-6336,t_roberto.calheiros@hapvida.com.br,50,0,9,0,9,0,0,0,0,0,0,0,0,0
202606,SUDESTE,RJ,330455,RIO DE JANEIRO,9640665,LOG HEALTH,LOG HEALTH LOGISTICA GESTAO EM SAUDE DE,M,5,HOSPITAL GERAL,2062,HOSPITAL_PRIVADO,RUA ADOLFO BERGAMINI,206,PARTE,ENGENHO DE DENTRO,20730000,(21)3899-6342,,1,0,0,0,0,0,0,0,0,0,0,0,0,0
202606,SUDESTE,RJ,330100,CAMPOS DOS GOYTACAZES,9666389,VILA VERDE,NOVOS RUMOS SAUDE MENTAL LTDA,M,7,HOSPITAL ESPECIALIZADO,2062,HOSPITAL_PRIVADO,VOLUNTARIOS DA PATRIA,194,,CENTRO,28035260,22 998021806,SOCIETARIO3@MAXIMUMCONTABIL.COM.BR,2,0,0,0,0,0,0,0,0,0,0,0,0,0
202606,SUDESTE,RJ,330455,RIO DE JANEIRO,9739459,CENTRO HOSPITALAR AMEP JACAREPAGUA,HSJ HOSPITAL SEMIU DE JACAREPAGUA LTDA,M,5,HOSPITAL GERAL,2062,HOSPITAL_PRIVADO,MARECHAL MIGUEL SALAZAR MENDES DE MORAIS,254,,TAQUARA,22770330,21 86691518,GEANFRANCO@UOL.COM.BR,4,0,0,0,0,0,0,0,0,0,0,0,0,0
202606,SUDESTE,RJ,330630,VOLTA REDONDA,9761322,HOSPITAL VIVER MAIS,HOSPITAL VIVER MAIS S A,M,5,HOSPITAL GERAL,2054,HOSPITAL_PRIVADO,CENTO E CINQUENTA E SEIS,380,,LARANJAL,27255005,24 33430773,HOSPITALVIVERMAIS@GMAIL.COM,59,0,10,0,10,0,0,0,0,0,0,0,0,0
202606,SUDESTE,RJ,330390,PETROPOLIS,9762558,H C C CENTRO DE TERAPIA INTENSIVA E CIRURGICA LTDA,H C C CENTRO DE TERAPIA INTENSIVA E CIRURGICA LTDA,M,5,HOSPITAL GERAL,2062,HOSPITAL_PRIVADO,ESTRADA UNIAO E INDUSTRIA,2501,PARTE,CORREAS,25720062,(24) 22363738,faturamentohcc.hcc@gmail.com,91,1,45,0,45,0,0,0,0,0,0,0,0,0
202606,SUDESTE,RJ,330455,RIO DE JANEIRO,9796282,HOSPITAL PRO CRIANCA,HOSPITAIS INTEGRADOS DA GAVEA S A,M,7,HOSPITAL ESPECIALIZADO,2054,HOSPITAL_PRIVADO,RUA DONA MARIANA,220,,BOTAFOGO,22280020,32394685,legalizacao.obras@rededor.com.br,43,0,12,0,0,0,12,0,0,0,0,0,0,0
202606,SUDESTE,RJ,330455,RIO DE JANEIRO,9837426,HOSPITAL GLORIA DOR,HOSPITAIS INTEGRADOS DA GAVEA S A,E,5,HOSPITAL GERAL,2054,HOSPITAL_PRIVADO,RUA SANTO AMARO,80,86 88 90 92 C ENTRA,GLORIA,22211230,(21) 3262-2000,LEGALIZACAO.OBRAS@REDEDOR.COM.BR,218,0,88,0,37,0,14,0,20,0,0,0,17,0
202606,SUDESTE,RJ,330330,NITEROI,9839674,ESSENCIAL HOSPITAL DE TRANSICAO,ESSENCIAL CARE ASSISTENCIA MEDICA,M,5,HOSPITAL GERAL,2062,HOSPITAL_PRIVADO,AVENIDA RUI BARBOSA,716,,SAO FRANCISCO,24360440,,,30,0,0,0,0,0,0,0,0,0,0,0,0,0
202606,SUDESTE,RJ,330270,MARICA,9895124,ERNESTO CHE GUEVARA SMSM,HOSPITAL MUNICIPAL DR ERNESTO CHE GUEVARA,M,5,HOSPITAL GERAL,1031,HOSPITAL_PÚBLICO,ROD ERNANI DO AMARAL PEIXOTO,23269,QD GLD LT 2,SAO JOSE DO IMBASSAI,24931000,21-26372667,ernestocheguevaramarica@gmail.com,165,150,25,10,20,10,5,0,0,0,0,0,0,0
202606,SUDESTE,RJ,330010,ANGRA DOS REIS,9903496,PLAZA MEDICAL SERVICOS ESPECIALIZADOS EM SAUDE LTDA,PLAZA MEDICAL SERVICOS ESPECIALIZADOS EM SAUDE LTDA,M,5,HOSPITAL GERAL,2062,HOSPITAL_PRIVADO,RUA DOUTOR COUTINHO,84,2 ANDAR,CENTRO,23900620,24 21022121,,20,0,20,0,0,0,5,0,15,0,0,0,0,0
202606,SUDESTE,RJ,330490,SAO GONCALO,9912584,CLISSIL,CLISSIL CLINICA SAO SILVESTRE,M,7,HOSPITAL ESPECIALIZADO,2240,HOSPITAL_PRIVADO,RUA DR NILO PECANHA,940,,NOVA CIDADE,24440000,,,20,0,0,0,0,0,0,0,0,0,0,0,0,0
202606,SUDESTE,RJ,330110,CANTAGALO,9921710,CTI JOAO PAULO II,CENTRO DE TRATAMENTO INTENSIVO DE CANTAGALO LTDA,M,5,HOSPITAL GERAL,2062,HOSPITAL_PRIVADO,MIGUEL SANTOS,25,,CHACARA QUEIMADA,28500000,22 25510125,sandro@contavel.com,10,0,10,0,10,0,0,0,0,0,0,0,0,0
